order_id,product_id,quantity
1,3,7
2,2,9
3,1,4
4,3,7
5,1,6
6,5,5
7,3,8
8,1,7
9,5,4
10,2,5
11,2,3
12,2,6
13,3,7
14,2,3
15,5,6
16,2,1
17,4,3
18,3,8
19,5,3
20,4,2
21,2,8
22,2,2
23,3,3
24,5,5
25,1,3
26,2,9
27,5,9
28,2,8
29,2,8
30,5,8
31,1,6
32,5,7
33,1,9
34,1,7
35,2,1
36,1,7
37,3,5
38,1,2
39,4,6
40,2,4
41,5,2
42,1,3
43,1,7
44,5,9
45,5,2
46,2,6
47,3,1
48,2,4
49,3,6
50,1,4
51,2,6
52,2,3
53,1,7
54,5,5
55,2,2
56,1,1
57,2,5
58,1,4
59,2,3
60,1,4
61,4,7
62,2,5
63,2,1
64,3,3
65,1,1
66,1,3
67,4,8
68,1,3
69,4,7
70,1,1
71,2,5
72,2,9
73,4,5
74,2,4
75,4,2
76,3,3
77,2,1
78,3,3
79,1,2
80,1,7
81,2,1
82,1,4
83,2,2
84,3,7
85,1,1
86,4,6
87,5,8
88,5,6
89,1,3
90,1,4
91,4,5
92,1,1
93,2,8
94,1,1
95,1,2
96,1,9
97,1,2
98,2,9
99,2,5
100,5,8
101,5,5
102,2,9
103,2,8
104,2,7
105,4,8
106,1,5
107,2,8
108,1,8
109,5,3
110,1,8
111,2,6
112,5,2
113,1,8
114,4,7
115,1,4
116,2,3
117,3,1
118,3,1
119,2,9
120,3,1
121,4,6
122,5,3
123,4,3
124,2,1
125,3,1
126,3,4
127,1,1
128,2,9
129,2,2
130,2,4
131,2,3
132,2,8
133,4,4
134,1,4
135,2,2
136,1,7
137,1,7
138,2,9
139,4,4
140,5,8
141,4,9
142,2,2
143,3,2
144,3,3
145,5,9
146,2,4
147,3,3
148,2,2
149,5,3
150,4,7
151,2,4
152,1,1
153,1,6
154,3,9
155,1,2
156,1,8
157,1,6
158,2,7
159,5,4
160,2,3
161,2,8
162,2,4
163,1,4
164,2,7
165,1,7
166,2,5
167,4,6
168,2,3
169,2,5
170,1,8
171,5,6
172,2,7
173,1,6
174,2,5
175,1,3
176,2,9
177,1,8
178,1,1
179,1,3
180,3,4
181,2,3
182,1,3
183,1,3
184,3,7
185,5,1
186,5,4
187,2,2
188,2,4
189,2,6
190,2,7
191,4,8
192,3,3
193,5,5
194,5,3
195,2,8
196,2,7
197,1,3
198,2,5
199,3,8
200,2,5
201,2,7
202,3,1
203,3,7
204,2,7
205,2,2
206,1,1
207,1,5
208,5,8
209,3,3
210,1,5
211,5,7
212,5,4
213,2,5
214,2,1
215,1,3
216,5,8
217,2,5
218,2,1
219,1,3
220,4,2
221,1,1
222,3,4
223,5,2
224,1,1
225,3,8
226,5,9
227,1,4
228,2,6
229,2,5
230,5,9
231,1,8
232,2,4
233,4,1
234,2,8
235,2,4
236,2,8
237,2,9
238,2,3
239,4,8
240,5,1
241,4,6
242,2,5
243,5,8
244,2,4
245,4,6
246,5,8
247,2,3
248,2,8
249,2,2
250,3,6
251,1,4
252,2,4
253,5,2
254,2,7
255,5,6
256,1,7
257,1,8
258,2,8
259,2,6
260,1,9
261,3,5
262,2,5
263,2,4
264,2,8
265,1,7
266,2,6
267,1,5
268,1,1
269,2,4
270,1,3
271,1,8
272,1,8
273,1,5
274,2,1
275,1,2
276,1,7
277,2,3
278,1,1
279,2,1
280,1,9
281,2,5
282,1,8
283,2,5
284,1,7
285,1,7
286,5,3
287,2,1
288,2,1
289,5,2
290,2,6
291,2,8
292,1,8
293,4,2
294,2,6
295,4,1
296,3,3
297,1,3
298,2,5
299,5,3
300,1,2
301,5,4
302,2,9
303,5,5
304,1,9
305,4,5
306,1,4
307,3,7
308,1,4
309,2,4
310,5,4
311,2,8
312,3,4
313,2,5
314,3,1
315,3,5
316,1,5
317,5,4
318,5,7
319,1,3
320,4,5
321,4,1
322,1,7
323,5,1
324,5,8
325,2,2
326,2,6
327,1,3
328,2,8
329,4,1
330,2,4
331,1,8
332,4,4
333,2,2
334,2,8
335,2,4
336,5,5
337,5,1
338,1,4
339,1,3
340,2,9
341,2,7
342,3,6
343,2,4
344,2,4
345,1,8
346,4,3
347,2,3
348,2,6
349,1,8
350,2,9
351,5,5
352,2,6
353,2,7
354,2,8
355,1,4
356,2,9
357,1,4
358,1,9
359,2,3
360,4,3
361,1,8
362,2,8
363,2,4
364,2,6
365,5,3
366,1,6
367,2,3
368,5,1
369,3,3
370,1,8
371,2,4
372,1,1
373,2,8
374,3,8
375,2,3
376,1,6
377,3,2
378,2,9
379,4,3
380,1,4
381,5,8
382,2,8
383,2,1
384,2,5
385,3,8
386,2,5
387,3,7
388,3,8
389,1,9
390,4,2
391,2,9
392,2,9
393,2,9
394,5,1
395,2,8
396,5,2
397,2,8
398,2,7
399,5,1
400,2,5
401,4,8
402,2,5
403,2,5
404,4,4
405,1,5
406,3,4
407,5,4
408,5,8
409,1,1
410,2,4
411,1,1
412,2,7
413,2,1
414,2,1
415,5,3
416,2,1
417,5,9
418,4,7
419,1,3
420,3,6
421,1,5
422,2,8
423,2,2
424,1,6
425,2,2
426,1,5
427,1,6
428,2,3
429,2,1
430,4,8
431,1,2
432,1,5
433,3,4
434,5,1
435,1,3
436,5,9
437,4,8
438,3,5
439,1,7
440,1,1
441,2,9
442,2,6
443,4,7
444,1,4
445,2,4
446,2,5
447,3,5
448,4,6
449,2,8
450,5,7
451,5,5
452,3,8
453,2,3
454,1,6
455,1,6
456,4,9
457,3,9
458,1,8
459,4,2
460,5,4
461,1,7
462,1,3
463,1,2
464,1,9
465,1,1
466,3,6
467,1,2
468,3,8
469,2,9
470,2,4
471,2,4
472,3,1
473,2,8
474,3,1
475,2,5
476,3,3
477,4,9
478,4,9
479,4,3
480,2,5
481,4,3
482,1,2
483,4,6
484,4,1
485,2,6
486,3,2
487,4,4
488,2,1
489,1,9
490,1,4
491,5,8
492,1,8
493,5,1
494,3,2
495,3,1
496,1,3
497,2,1
498,2,8
499,1,1
500,3,4
501,2,8
502,3,9
503,2,5
504,2,6
505,2,7
506,1,2
507,1,6
508,4,3
509,2,1
510,2,8
511,1,6
512,2,1
513,2,5
514,3,1
515,2,8
516,2,9
517,3,1
518,3,3
519,2,7
520,2,2
521,5,9
522,4,3
523,5,6
524,2,1
525,1,7
526,1,4
527,2,5
528,5,6
529,2,4
530,5,1
531,5,1
532,2,2
533,5,5
534,2,7
535,3,3
536,4,5
537,2,2
538,1,3
539,1,3
540,2,8
541,2,9
542,3,3
543,1,4
544,2,6
545,2,5
546,3,9
547,2,7
548,4,9
549,2,4
550,5,9
551,4,7
552,5,3
553,2,7
554,2,8
555,5,7
556,3,9
557,2,1
558,2,3
559,1,6
560,1,4
561,1,5
562,1,4
563,2,8
564,3,9
565,3,6
566,2,9
567,2,7
568,3,2
569,2,1
570,2,1
571,3,2
572,2,6
573,2,8
574,2,2
575,2,6
576,4,6
577,2,1
578,5,4
579,2,8
580,2,7
581,2,1
582,2,1
583,2,8
584,1,1
585,2,3
586,3,9
587,5,1
588,4,1
589,2,9
590,2,7
591,4,1
592,5,8
593,3,5
594,2,3
595,2,4
596,2,3
597,1,5
598,3,2
599,3,9
600,3,4
601,5,3
602,2,5
603,3,3
604,1,7
605,2,2
606,2,1
607,1,3
608,5,1
609,4,5
610,5,8
611,2,8
612,2,3
613,5,8
614,3,2
615,4,3
616,5,5
617,5,6
618,3,3
619,1,5
620,3,9
621,1,9
622,5,4
623,2,9
624,4,8
625,2,3
626,5,3
627,5,7
628,5,1
629,3,4
630,1,8
631,1,8
632,2,9
633,2,4
634,4,1
635,1,7
636,5,8
637,2,9
638,2,5
639,2,9
640,2,5
641,4,5
642,5,6
643,2,5
644,4,4
645,2,3
646,2,3
647,5,1
648,2,3
649,2,1
650,2,4
651,5,9
652,1,4
653,2,1
654,5,3
655,4,7
656,2,7
657,5,5
658,2,9
659,5,8
660,3,6
661,2,5
662,3,6
663,5,3
664,1,8
665,3,4
666,5,6
667,2,4
668,1,6
669,3,1
670,1,7
671,2,8
672,2,2
673,4,2
674,3,5
675,4,9
676,5,7
677,1,5
678,5,3
679,3,5
680,1,7
681,5,1
682,2,2
683,1,8
684,4,5
685,4,9
686,4,2
687,5,8
688,4,1
689,5,9
690,1,7
691,3,4
692,3,1
693,1,3
694,2,3
695,1,1
696,5,2
697,2,6
698,2,9
699,4,8
700,2,4
701,4,2
702,2,7
703,3,5
704,2,9
705,2,3
706,2,5
707,5,6
708,1,6
709,3,9
710,5,3
711,3,9
712,5,5
713,1,4
714,2,9
715,2,8
716,3,7
717,2,5
718,1,4
719,5,5
720,1,9
721,5,8
722,5,9
723,2,8
724,4,9
725,5,6
726,2,3
727,2,8
728,3,6
729,2,4
730,2,3
731,1,5
732,1,8
733,3,6
734,3,8
735,1,1
736,2,2
737,2,4
738,2,3
739,1,5
740,1,8
741,5,3
742,1,7
743,1,4
744,1,4
745,5,4
746,2,5
747,2,3
748,1,4
749,3,9
750,4,2
751,1,8
752,5,4
753,2,1
754,5,4
755,3,9
756,2,9
757,2,6
758,4,6
759,2,6
760,5,2
761,3,1
762,5,4
763,2,5
764,2,8
765,1,1
766,1,4
767,2,6
768,1,2
769,1,8
770,5,4
771,2,1
772,1,6
773,1,8
774,2,3
775,1,2
776,2,1
777,2,1
778,2,3
779,2,6
780,3,8
781,2,8
782,1,9
783,1,7
784,5,8
785,2,7
786,1,2
787,1,5
788,2,6
789,1,5
790,2,6
791,1,6
792,4,5
793,2,5
794,3,7
795,1,3
796,1,4
797,4,2
798,2,8
799,2,4
800,1,3
801,1,6
802,2,3
803,5,3
804,2,5
805,4,6
806,4,4
807,4,7
808,2,9
809,1,4
810,4,9
811,2,8
812,2,9
813,4,4
814,2,9
815,1,2
816,2,4
817,5,2
818,1,7
819,1,3
820,1,6
821,1,9
822,2,3
823,5,2
824,2,5
825,2,5
826,5,6
827,5,4
828,2,8
829,3,8
830,3,2
831,2,1
832,5,7
833,3,6
834,2,6
835,1,3
836,3,9
837,3,6
838,1,7
839,1,8
840,2,5
841,2,9
842,3,2
843,1,3
844,2,4
845,1,5
846,5,3
847,3,9
848,1,1
849,5,5
850,3,8
851,4,1
852,3,4
853,1,9
854,1,8
855,2,5
856,3,4
857,4,4
858,2,3
859,2,4
860,5,2
861,5,2
862,5,6
863,1,3
864,2,6
865,3,7
866,5,7
867,2,2
868,2,4
869,3,2
870,2,2
871,2,9
872,5,2
873,2,9
874,1,1
875,2,8
876,3,9
877,1,6
878,2,2
879,5,9
880,1,1
881,3,7
882,2,2
883,4,9
884,1,7
885,3,6
886,5,5
887,5,1
888,2,1
889,2,6
890,5,5
891,2,6
892,2,7
893,5,1
894,2,3
895,5,4
896,4,7
897,2,5
898,2,2
899,3,5
900,2,5
901,1,7
902,1,7
903,4,9
904,2,8
905,2,8
906,3,3
907,2,9
908,2,9
909,5,9
910,3,7
911,3,4
912,2,9
913,4,3
914,2,2
915,3,7
916,1,8
917,2,6
918,5,8
919,5,2
920,1,2
921,1,6
922,5,9
923,2,5
924,2,5
925,2,5
926,3,1
927,1,9
928,4,8
929,1,5
930,1,9
931,2,6
932,2,5
933,2,6
934,4,4
935,2,2
936,4,7
937,1,5
938,4,2
939,2,8
940,1,1
941,2,6
942,1,6
943,1,3
944,1,3
945,5,2
946,1,4
947,2,5
948,1,6
949,2,7
950,2,4
951,2,6
952,5,6
953,3,9
954,4,5
955,3,5
956,4,1
957,1,9
958,5,6
959,1,3
960,2,4
961,4,3
962,2,9
963,4,8
964,1,3
965,2,9
966,4,9
967,1,6
968,1,9
969,4,8
970,2,3
971,1,6
972,1,2
973,5,7
974,2,7
975,2,3
976,2,5
977,2,5
978,5,2
979,2,1
980,5,2
981,1,8
982,1,1
983,2,2
984,1,5
985,3,4
986,2,9
987,2,9
988,5,6
989,4,7
990,3,2
991,3,9
992,1,7
993,1,6
994,2,9
995,4,8
996,1,3
997,4,6
998,2,4
999,4,5
1000,5,9
1001,1,7
1002,2,1
1003,2,6
1004,2,3
1005,2,3
1006,3,5
1007,2,8
1008,2,8
1009,2,2
1010,1,1
1011,3,5
1012,2,8
1013,2,9
1014,2,1
1015,2,3
1016,2,6
1017,1,2
1018,1,6
1019,1,3
1020,2,2
1021,1,5
1022,1,9
1023,3,4
1024,1,1
1025,2,8
1026,2,9
1027,1,8
1028,3,6
1029,2,5
1030,5,8
1031,3,9
1032,1,9
1033,2,9
1034,3,2
1035,2,4
1036,1,2
1037,2,2
1038,2,3
1039,5,3
1040,1,5
1041,5,6
1042,3,2
1043,1,9
1044,2,7
1045,1,8
1046,5,2
1047,5,8
1048,5,1
1049,2,4
1050,2,5
1051,1,9
1052,1,9
1053,3,8
1054,5,6
1055,3,7
1056,4,5
1057,2,6
1058,2,1
1059,5,1
1060,4,6
1061,1,5
1062,2,2
1063,1,6
1064,2,1
1065,5,9
1066,4,4
1067,5,8
1068,1,1
1069,5,3
1070,5,5
1071,1,1
1072,4,6
1073,3,1
1074,3,6
1075,2,5
1076,1,3
1077,4,4
1078,2,2
1079,1,5
1080,2,6
1081,4,7
1082,2,4
1083,4,4
1084,2,1
1085,3,9
1086,1,1
1087,2,9
1088,1,5
1089,2,3
1090,1,2
1091,2,6
1092,3,9
1093,1,5
1094,1,4
1095,2,5
1096,2,9
1097,5,1
1098,1,1
1099,1,1
1100,1,8
1101,3,7
1102,2,8
1103,5,3
1104,3,9
1105,2,8
1106,2,4
1107,1,5
1108,5,3
1109,1,4
1110,4,3
1111,1,5
1112,3,1
1113,2,6
1114,2,4
1115,2,2
1116,5,6
1117,3,5
1118,1,8
1119,1,3
1120,4,8
1121,4,2
1122,1,9
1123,2,2
1124,1,3
1125,2,3
1126,2,6
1127,2,8
1128,4,4
1129,1,1
1130,3,7
1131,2,6
1132,1,5
1133,3,3
1134,5,9
1135,2,3
1136,5,6
1137,5,8
1138,4,2
1139,2,8
1140,2,3
1141,1,6
1142,2,9
1143,4,5
1144,1,5
1145,1,1
1146,5,1
1147,1,1
1148,2,7
1149,2,2
1150,2,2
1151,5,8
1152,1,2
1153,1,5
1154,4,6
1155,4,1
1156,1,8
1157,2,8
1158,2,3
1159,5,4
1160,4,6
1161,1,9
1162,5,4
1163,5,5
1164,5,8
1165,1,3
1166,5,1
1167,1,5
1168,2,7
1169,4,9
1170,2,3
1171,1,8
1172,2,3
1173,3,9
1174,1,8
1175,4,8
1176,1,1
1177,2,8
1178,1,6
1179,2,1
1180,2,3
1181,1,9
1182,4,7
1183,1,2
1184,1,4
1185,2,2
1186,2,3
1187,5,4
1188,3,3
1189,1,5
1190,3,5
1191,5,5
1192,1,4
1193,5,3
1194,5,7
1195,5,3
1196,1,3
1197,4,2
1198,3,6
1199,2,4
1200,5,3
1201,1,8
1202,1,6
1203,3,9
1204,5,5
1205,5,5
1206,1,4
1207,1,4
1208,2,1
1209,1,8
1210,1,7
1211,1,3
1212,4,7
1213,1,3
1214,4,1
1215,3,1
1216,3,9
1217,5,5
1218,3,8
1219,1,5
1220,4,2
1221,2,7
1222,3,7
1223,1,6
1224,3,1
1225,2,7
1226,2,6
1227,1,6
1228,3,1
1229,3,8
1230,5,4
1231,4,5
1232,4,5
1233,5,3
1234,1,3
1235,3,5
1236,4,8
1237,1,2
1238,2,5
1239,3,9
1240,2,6
1241,3,5
1242,3,6
1243,2,6
1244,5,7
1245,1,6
1246,3,6
1247,4,2
1248,4,9
1249,4,1
1250,1,5
1251,2,3
1252,2,5
1253,5,7
1254,1,4
1255,2,7
1256,4,6
1257,2,5
1258,4,3
1259,1,9
1260,5,7
1261,1,5
1262,2,6
1263,4,6
1264,5,5
1265,5,8
1266,2,1
1267,3,7
1268,3,5
1269,4,3
1270,1,7
1271,2,1
1272,1,3
1273,1,4
1274,2,1
1275,2,5
1276,2,5
1277,4,1
1278,2,6
1279,1,3
1280,2,4
1281,3,6
1282,3,2
1283,2,7
1284,1,9
1285,3,4
1286,2,1
1287,5,6
1288,3,3
1289,4,2
1290,2,2
1291,2,4
1292,1,9
1293,2,4
1294,2,5
1295,4,8
1296,3,2
1297,2,3
1298,5,9
1299,3,5
1300,5,2
1301,2,4
1302,4,2
1303,1,2
1304,2,1
1305,3,2
1306,5,1
1307,3,8
1308,2,8
1309,2,4
1310,1,2
1311,1,4
1312,4,9
1313,5,2
1314,3,9
1315,2,5
1316,3,5
1317,3,5
1318,3,8
1319,4,5
1320,1,3
1321,3,8
1322,1,8
1323,3,6
1324,2,4
1325,3,1
1326,2,5
1327,2,2
1328,3,6
1329,5,3
1330,1,8
1331,1,1
1332,2,4
1333,3,1
1334,2,5
1335,2,3
1336,3,5
1337,1,4
1338,3,4
1339,5,3
1340,2,5
1341,4,9
1342,4,1
1343,3,9
1344,4,7
1345,2,3
1346,2,5
1347,1,3
1348,5,7
1349,3,8
1350,2,9
1351,2,7
1352,3,2
1353,2,9
1354,1,5
1355,2,4
1356,5,3
1357,3,1
1358,3,2
1359,1,9
1360,4,2
1361,5,6
1362,2,8
1363,5,5
1364,1,6
1365,1,1
1366,1,2
1367,3,3
1368,4,9
1369,2,5
1370,1,5
1371,2,5
1372,3,1
1373,2,1
1374,2,4
1375,2,5
1376,3,2
1377,3,1
1378,3,4
1379,5,9
1380,3,4
1381,2,1
1382,2,8
1383,5,9
1384,5,8
1385,2,8
1386,4,9
1387,1,1
1388,3,1
1389,3,8
1390,4,8
1391,4,5
1392,2,3
1393,1,3
1394,2,2
1395,3,7
1396,5,1
1397,4,2
1398,2,1
1399,1,6
1400,3,6
1401,2,6
1402,2,2
1403,1,1
1404,2,7
1405,1,3
1406,2,5
1407,5,3
1408,3,2
1409,4,9
1410,5,7
1411,3,9
1412,3,9
1413,4,7
1414,2,6
1415,2,1
1416,2,8
1417,5,8
1418,4,5
1419,2,2
1420,2,3
1421,5,9
1422,1,7
1423,1,4
1424,2,5
1425,4,9
1426,2,8
1427,5,8
1428,4,2
1429,5,9
1430,3,8
1431,3,6
1432,2,9
1433,1,4
1434,4,8
1435,1,2
1436,2,8
1437,1,4
1438,2,5
1439,2,7
1440,1,5
1441,2,8
1442,2,7
1443,2,7
1444,3,2
1445,5,1
1446,2,8
1447,2,6
1448,3,3
1449,5,4
1450,5,6
1451,2,5
1452,2,4
1453,1,3
1454,1,8
1455,2,9
1456,1,2
1457,5,6
1458,1,7
1459,2,3
1460,2,1
1461,1,1
1462,4,3
1463,3,4
1464,5,1
1465,2,6
1466,1,6
1467,3,2
1468,2,3
1469,2,4
1470,1,6
1471,2,8
1472,2,8
1473,4,7
1474,2,4
1475,2,5
1476,2,3
1477,1,3
1478,2,1
1479,5,9
1480,2,2
1481,2,8
1482,2,9
1483,5,8
1484,2,9
1485,4,3
1486,4,4
1487,2,3
1488,1,4
1489,4,3
1490,2,3
1491,2,8
1492,3,4
1493,1,1
1494,2,4
1495,2,9
1496,5,1
1497,5,6
1498,1,1
1499,2,5
1500,1,4
1501,1,7
1502,4,9
1503,5,2
1504,2,9
1505,1,2
1506,2,4
1507,5,8
1508,5,4
1509,2,2
1510,2,7
1511,3,4
1512,3,8
1513,2,7
1514,1,7
1515,1,6
1516,4,2
1517,3,5
1518,4,1
1519,5,3
1520,5,4
1521,2,8
1522,4,3
1523,5,2
1524,2,9
1525,1,1
1526,2,8
1527,2,9
1528,1,7
1529,5,2
1530,3,6
1531,5,8
1532,2,1
1533,3,6
1534,1,4
1535,2,7
1536,5,3
1537,2,9
1538,5,8
1539,2,7
1540,1,8
1541,4,5
1542,4,3
1543,2,4
1544,1,2
1545,1,6
1546,3,8
1547,2,5
1548,1,9
1549,4,2
1550,3,8
1551,1,2
1552,2,2
1553,1,4
1554,2,8
1555,3,7
1556,3,4
1557,3,8
1558,2,9
1559,1,5
1560,1,1
1561,2,4
1562,1,5
1563,1,9
1564,5,6
1565,2,4
1566,2,4
1567,5,3
1568,5,3
1569,5,3
1570,1,1
1571,5,7
1572,2,1
1573,2,2
1574,4,1
1575,2,5
1576,1,2
1577,5,1
1578,1,3
1579,2,6
1580,3,6
1581,4,9
1582,1,3
1583,2,9
1584,3,2
1585,3,4
1586,1,6
1587,4,7
1588,5,4
1589,2,4
1590,5,3
1591,1,3
1592,1,6
1593,2,1
1594,2,9
1595,5,4
1596,1,5
1597,1,2
1598,5,1
1599,5,1
1600,1,9
1601,1,2
1602,2,9
1603,5,4
1604,1,9
1605,5,9
1606,5,1
1607,2,3
1608,5,9
1609,5,6
1610,2,2
1611,1,4
1612,3,4
1613,2,9
1614,2,2
1615,3,5
1616,5,6
1617,2,9
1618,2,7
1619,2,8
1620,3,3
1621,2,4
1622,4,6
1623,2,6
1624,1,8
1625,2,8
1626,4,7
1627,5,5
1628,3,1
1629,2,6
1630,2,1
1631,2,5
1632,4,6
1633,2,1
1634,4,1
1635,2,9
1636,1,9
1637,2,2
1638,1,8
1639,3,2
1640,5,8
1641,1,4
1642,2,4
1643,2,2
1644,2,4
1645,1,1
1646,1,7
1647,4,7
1648,2,4
1649,1,9
1650,1,8
1651,4,7
1652,1,5
1653,2,5
1654,2,2
1655,3,9
1656,2,7
1657,5,4
1658,1,2
1659,2,6
1660,1,9
1661,2,9
1662,3,5
1663,2,8
1664,2,5
1665,5,4
1666,5,6
1667,2,8
1668,2,2
1669,5,1
1670,5,8
1671,1,7
1672,1,7
1673,3,4
1674,5,8
1675,2,6
1676,3,3
1677,4,4
1678,3,3
1679,2,6
1680,1,7
1681,2,8
1682,2,3
1683,1,9
1684,2,2
1685,2,7
1686,2,1
1687,2,6
1688,2,8
1689,5,1
1690,2,3
1691,5,4
1692,1,3
1693,2,4
1694,3,9
1695,2,5
1696,2,2
1697,2,4
1698,1,2
1699,5,6
1700,1,3
1701,2,8
1702,1,4
1703,2,2
1704,1,5
1705,1,1
1706,3,2
1707,2,7
1708,3,5
1709,2,2
1710,2,6
1711,3,3
1712,3,2
1713,2,3
1714,3,9
1715,4,6
1716,2,9
1717,2,7
1718,1,5
1719,2,6
1720,2,6
1721,5,6
1722,2,1
1723,5,4
1724,2,8
1725,3,4
1726,2,2
1727,2,2
1728,5,7
1729,2,2
1730,1,4
1731,3,5
1732,3,2
1733,2,3
1734,2,7
1735,2,8
1736,5,2
1737,4,8
1738,1,9
1739,1,9
1740,1,5
1741,3,5
1742,3,6
1743,5,2
1744,3,7
1745,1,2
1746,1,9
1747,1,8
1748,5,7
1749,2,2
1750,2,2
1751,2,5
1752,3,7
1753,5,5
1754,2,6
1755,2,3
1756,2,7
1757,2,9
1758,3,4
1759,1,4
1760,1,3
1761,2,2
1762,5,7
1763,2,3
1764,3,6
1765,4,5
1766,2,4
1767,2,1
1768,5,5
1769,1,5
1770,3,9
1771,3,4
1772,2,7
1773,3,8
1774,2,2
1775,5,1
1776,2,6
1777,1,1
1778,3,8
1779,2,3
1780,1,2
1781,3,3
1782,1,6
1783,4,9
1784,5,3
1785,5,3
1786,3,4
1787,2,5
1788,2,6
1789,1,6
1790,5,7
1791,4,2
1792,3,4
1793,1,8
1794,2,7
1795,1,3
1796,1,5
1797,3,4
1798,1,5
1799,4,5
1800,4,5
1801,2,5
1802,5,7
1803,2,7
1804,5,6
1805,2,7
1806,1,2
1807,3,8
1808,1,4
1809,2,2
1810,4,4
1811,2,9
1812,2,8
1813,2,7
1814,5,4
1815,1,8
1816,4,8
1817,1,1
1818,1,5
1819,3,2
1820,3,8
1821,5,7
1822,1,6
1823,3,8
1824,1,9
1825,1,5
1826,1,9
1827,2,1
1828,2,3
1829,1,2
1830,1,6
1831,1,3
1832,4,9
1833,4,2
1834,2,1
1835,5,5
1836,2,3
1837,2,8
1838,5,3
1839,5,3
1840,3,2
1841,3,5
1842,2,4
1843,1,1
1844,4,5
1845,5,9
1846,5,3
1847,5,3
1848,2,6
1849,2,4
1850,2,1
1851,2,4
1852,2,4
1853,5,2
1854,3,8
1855,5,2
1856,1,7
1857,1,6
1858,2,2
1859,2,4
1860,2,6
1861,5,2
1862,1,2
1863,1,7
1864,1,9
1865,2,6
1866,3,4
1867,2,5
1868,3,5
1869,2,7
1870,5,8
1871,1,2
1872,3,9
1873,1,1
1874,1,2
1875,2,4
1876,2,6
1877,2,4
1878,2,9
1879,2,8
1880,5,7
1881,1,4
1882,2,4
1883,2,6
1884,1,9
1885,2,3
1886,3,5
1887,2,5
1888,3,9
1889,2,3
1890,1,4
1891,3,5
1892,1,1
1893,2,6
1894,3,1
1895,2,3
1896,2,7
1897,1,2
1898,4,4
1899,5,6
1900,2,4
1901,5,8
1902,1,9
1903,2,4
1904,2,6
1905,2,4
1906,1,5
1907,2,8
1908,3,1
1909,5,3
1910,2,2
1911,2,5
1912,2,7
1913,2,2
1914,2,5
1915,1,6
1916,2,7
1917,5,7
1918,4,4
1919,4,3
1920,3,7
1921,1,4
1922,4,3
1923,1,7
1924,2,7
1925,2,9
1926,2,8
1927,4,6
1928,2,5
1929,1,4
1930,3,9
1931,4,1
1932,3,9
1933,4,6
1934,4,7
1935,1,4
1936,2,9
1937,2,7
1938,4,2
1939,2,3
1940,2,2
1941,1,2
1942,2,7
1943,1,2
1944,2,1
1945,1,9
1946,3,1
1947,5,2
1948,5,9
1949,2,1
1950,2,4
1951,5,7
1952,2,6
1953,2,8
1954,2,9
1955,3,3
1956,3,9
1957,2,7
1958,1,7
1959,3,6
1960,3,4
1961,5,8
1962,1,2
1963,5,9
1964,3,3
1965,1,5
1966,2,8
1967,2,9
1968,2,7
1969,5,8
1970,2,5
1971,3,7
1972,2,8
1973,4,6
1974,2,6
1975,3,2
1976,1,1
1977,2,7
1978,1,3
1979,5,9
1980,1,3
1981,1,1
1982,2,3
1983,2,9
1984,5,7
1985,1,9
1986,2,7
1987,3,9
1988,3,4
1989,1,2
1990,4,6
1991,1,3
1992,1,3
1993,1,3
1994,4,7
1995,3,3
1996,2,3
1997,2,2
1998,2,9
1999,2,2
2000,2,3
2001,1,4
2002,1,8
2003,2,6
2004,5,7
2005,2,3
2006,2,1
2007,1,3
2008,3,3
2009,3,5
2010,2,8
2011,2,3
2012,1,7
2013,2,2
2014,3,7
2015,2,5
2016,2,3
2017,5,8
2018,5,1
2019,2,1
2020,2,1
2021,1,5
2022,3,6
2023,4,2
2024,4,6
2025,5,6
2026,1,9
2027,5,8
2028,2,1
2029,2,6
2030,5,5
2031,2,9
2032,3,6
2033,5,7
2034,3,9
2035,2,3
2036,2,8
2037,1,9
2038,3,2
2039,5,9
2040,2,9
2041,1,5
2042,2,8
2043,3,6
2044,5,2
2045,5,1
2046,1,3
2047,5,8
2048,2,4
2049,1,3
2050,2,8
2051,5,3
2052,5,9
2053,1,2
2054,5,1
2055,3,9
2056,3,1
2057,5,7
2058,3,5
2059,5,9
2060,1,7
2061,2,3
2062,1,1
2063,3,2
2064,2,9
2065,2,6
2066,2,3
2067,2,6
2068,4,1
2069,2,3
2070,3,7
2071,5,3
2072,2,8
2073,4,7
2074,1,1
2075,1,3
2076,3,6
2077,1,7
2078,2,7
2079,2,8
2080,3,1
2081,1,9
2082,3,6
2083,2,2
2084,1,2
2085,3,5
2086,2,8
2087,1,6
2088,1,8
2089,1,8
2090,5,2
2091,4,7
2092,1,9
2093,2,9
2094,5,3
2095,1,3
2096,1,7
2097,5,2
2098,1,1
2099,2,5
2100,2,2
2101,1,9
2102,3,9
2103,1,3
2104,3,9
2105,2,7
2106,1,8
2107,1,8
2108,2,2
2109,2,1
2110,2,2
2111,4,4
2112,2,9
2113,1,6
2114,1,4
2115,1,5
2116,2,6
2117,2,2
2118,5,7
2119,4,6
2120,2,9
2121,5,5
2122,3,7
2123,1,5
2124,3,4
2125,1,8
2126,5,4
2127,3,4
2128,3,9
2129,2,5
2130,1,5
2131,2,3
2132,3,2
2133,2,3
2134,1,6
2135,2,6
2136,2,1
2137,2,6
2138,3,3
2139,1,7
2140,1,2
2141,2,6
2142,2,3
2143,5,5
2144,3,5
2145,1,7
2146,5,6
2147,2,8
2148,1,7
2149,2,9
2150,2,4
2151,4,2
2152,1,3
2153,2,3
2154,4,9
2155,5,7
2156,2,1
2157,1,9
2158,3,3
2159,2,1
2160,1,5
2161,1,1
2162,2,8
2163,1,4
2164,3,4
2165,2,3
2166,2,5
2167,3,6
2168,2,6
2169,1,3
2170,2,8
2171,2,8
2172,4,5
2173,1,4
2174,2,5
2175,2,3
2176,3,3
2177,2,6
2178,1,5
2179,2,8
2180,5,8
2181,3,6
2182,3,8
2183,1,7
2184,3,2
2185,4,7
2186,5,5
2187,1,6
2188,5,8
2189,1,4
2190,2,7
2191,5,4
2192,2,1
2193,4,1
2194,2,8
2195,2,5
2196,1,5
2197,1,2
2198,5,9
2199,2,7
2200,2,3
2201,1,6
2202,1,2
2203,1,2
2204,1,8
2205,2,1
2206,5,1
2207,5,2
2208,3,2
2209,5,2
2210,5,1
2211,5,5
2212,1,4
2213,2,5
2214,2,6
2215,1,2
2216,2,4
2217,2,9
2218,2,6
2219,3,7
2220,5,1
2221,1,5
2222,2,1
2223,1,6
2224,3,7
2225,1,9
2226,3,8
2227,3,2
2228,5,4
2229,5,3
2230,4,5
2231,2,3
2232,2,2
2233,5,7
2234,2,4
2235,2,7
2236,1,1
2237,2,8
2238,4,2
2239,3,1
2240,5,7
2241,2,7
2242,1,7
2243,1,6
2244,2,7
2245,2,4
2246,3,7
2247,5,9
2248,5,1
2249,5,8
2250,4,5
2251,4,6
2252,4,3
2253,1,3
2254,2,5
2255,3,7
2256,2,8
2257,2,1
2258,1,6
2259,2,6
2260,5,2
2261,2,8
2262,2,1
2263,1,8
2264,3,5
2265,2,3
2266,2,8
2267,1,3
2268,1,3
2269,2,7
2270,2,4
2271,1,1
2272,2,7
2273,1,8
2274,5,2
2275,3,1
2276,2,6
2277,2,3
2278,2,9
2279,3,5
2280,2,6
2281,1,7
2282,2,5
2283,3,6
2284,3,9
2285,2,1
2286,2,1
2287,2,6
2288,2,6
2289,4,9
2290,2,5
2291,3,6
2292,5,2
2293,1,7
2294,2,8
2295,1,9
2296,2,4
2297,3,6
2298,2,9
2299,5,7
2300,1,6
2301,1,1
2302,3,8
2303,4,3
2304,1,7
2305,2,1
2306,2,9
2307,5,3
2308,1,2
2309,4,5
2310,2,2
2311,1,4
2312,2,1
2313,1,5
2314,2,9
2315,4,3
2316,2,9
2317,1,4
2318,3,4
2319,5,2
2320,2,3
2321,2,9
2322,2,4
2323,1,9
2324,5,2
2325,1,2
2326,3,6
2327,2,5
2328,2,7
2329,5,2
2330,4,3
2331,2,6
2332,3,7
2333,4,1
2334,4,7
2335,5,6
2336,2,2
2337,3,7
2338,3,5
2339,5,5
2340,1,7
2341,2,8
2342,1,4
2343,3,9
2344,4,8
2345,2,3
2346,4,9
2347,1,2
2348,1,5
2349,4,5
2350,2,3
2351,3,2
2352,1,2
2353,1,9
2354,2,1
2355,2,5
2356,2,1
2357,2,7
2358,1,7
2359,1,7
2360,5,7
2361,2,2
2362,1,4
2363,2,2
2364,1,7
2365,2,3
2366,2,8
2367,2,3
2368,3,6
2369,5,5
2370,1,3
2371,2,9
2372,2,9
2373,2,3
2374,1,1
2375,5,9
2376,5,2
2377,2,7
2378,2,6
2379,2,1
2380,2,8
2381,2,5
2382,2,1
2383,1,8
2384,5,6
2385,1,3
2386,2,8
2387,4,5
2388,4,1
2389,2,4
2390,1,5
2391,3,6
2392,4,6
2393,2,4
2394,4,8
2395,4,8
2396,5,7
2397,1,2
2398,4,3
2399,4,7
2400,3,6
2401,2,9
2402,2,8
2403,4,5
2404,3,7
2405,2,5
2406,5,3
2407,1,9
2408,1,8
2409,4,2
2410,1,1
2411,1,8
2412,2,6
2413,2,4
2414,3,4
2415,1,9
2416,2,3
2417,1,1
2418,2,1
2419,1,5
2420,2,7
2421,2,7
2422,1,8
2423,2,2
2424,2,5
2425,3,6
2426,2,2
2427,3,2
2428,5,1
2429,2,3
2430,4,1
2431,1,6
2432,4,3
2433,5,1
2434,5,5
2435,5,1
2436,1,4
2437,1,2
2438,2,4
2439,3,3
2440,1,4
2441,5,7
2442,4,4
2443,3,8
2444,4,2
2445,1,4
2446,2,8
2447,3,2
2448,2,8
2449,2,5
2450,2,1
2451,2,4
2452,4,8
2453,2,4
2454,2,2
2455,1,8
2456,3,7
2457,5,5
2458,2,2
2459,2,2
2460,1,7
2461,1,6
2462,1,8
2463,5,1
2464,2,3
2465,1,5
2466,2,5
2467,4,8
2468,3,4
2469,4,4
2470,1,9
2471,2,5
2472,2,1
2473,1,4
2474,2,4
2475,1,1
2476,1,7
2477,2,9
2478,2,7
2479,3,2
2480,2,9
2481,5,4
2482,5,3
2483,5,1
2484,5,3
2485,1,8
2486,1,3
2487,1,9
2488,1,7
2489,1,2
2490,3,7
2491,5,2
2492,3,2
2493,2,6
2494,5,6
2495,5,8
2496,1,8
2497,5,7
2498,2,6
2499,1,1
2500,1,7
2501,3,8
2502,2,9
2503,3,5
2504,2,6
2505,2,8
2506,1,8
2507,2,7
2508,2,9
2509,1,7
2510,1,7
2511,1,1
2512,4,7
2513,5,8
2514,3,5
2515,3,7
2516,2,1
2517,2,7
2518,2,4
2519,2,3
2520,2,8
2521,1,6
2522,3,3
2523,2,6
2524,4,6
2525,1,7
2526,1,1
2527,5,2
2528,3,5
2529,2,4
2530,5,4
2531,2,3
2532,2,4
2533,5,6
2534,2,9
2535,4,5
2536,2,1
2537,1,8
2538,1,1
2539,5,5
2540,1,6
2541,4,6
2542,1,6
2543,2,3
2544,3,5
2545,5,4
2546,3,3
2547,3,3
2548,2,5
2549,4,6
2550,1,6
2551,3,9
2552,1,2
2553,2,6
2554,4,4
2555,2,9
2556,2,4
2557,2,5
2558,5,5
2559,3,7
2560,2,5
2561,3,8
2562,2,6
2563,2,3
2564,2,1
2565,2,3
2566,5,3
2567,2,3
2568,2,7
2569,3,8
2570,4,6
2571,1,2
2572,5,3
2573,5,2
2574,2,1
2575,3,9
2576,2,9
2577,5,7
2578,2,4
2579,4,3
2580,4,2
2581,2,4
2582,2,3
2583,1,3
2584,1,8
2585,1,8
2586,4,9
2587,1,8
2588,2,8
2589,3,2
2590,2,4
2591,5,8
2592,3,5
2593,5,3
2594,1,4
2595,3,9
2596,3,9
2597,4,8
2598,5,8
2599,5,8
2600,1,6
2601,3,9
2602,4,2
2603,2,6
2604,2,2
2605,1,8
2606,4,4
2607,2,6
2608,3,3
2609,1,6
2610,5,9
2611,2,6
2612,1,8
2613,4,1
2614,3,6
2615,4,7
2616,1,4
2617,2,8
2618,5,9
2619,5,5
2620,1,4
2621,2,8
2622,1,5
2623,2,1
2624,1,7
2625,2,5
2626,5,1
2627,4,2
2628,4,4
2629,5,2
2630,2,1
2631,2,2
2632,4,6
2633,1,9
2634,3,1
2635,1,7
2636,3,5
2637,1,3
2638,1,1
2639,1,8
2640,2,2
2641,2,2
2642,3,9
2643,2,5
2644,5,4
2645,2,5
2646,1,3
2647,2,6
2648,4,6
2649,2,1
2650,1,1
2651,2,7
2652,1,8
2653,1,6
2654,2,8
2655,1,2
2656,2,9
2657,1,8
2658,5,6
2659,2,1
2660,2,7
2661,2,2
2662,2,6
2663,2,6
2664,3,3
2665,4,6
2666,1,4
2667,5,7
2668,2,5
2669,3,3
2670,1,4
2671,3,1
2672,2,9
2673,2,5
2674,5,2
2675,5,1
2676,1,6
2677,3,1
2678,5,2
2679,1,4
2680,1,6
2681,2,4
2682,1,6
2683,4,2
2684,2,7
2685,2,4
2686,2,7
2687,2,2
2688,2,5
2689,4,5
2690,5,8
2691,4,8
2692,3,9
2693,2,9
2694,1,6
2695,1,8
2696,2,3
2697,1,8
2698,5,1
2699,3,3
2700,4,8
2701,1,6
2702,1,6
2703,3,5
2704,2,1
2705,2,3
2706,1,9
2707,4,7
2708,4,3
2709,5,1
2710,1,8
2711,2,1
2712,4,8
2713,1,6
2714,5,3
2715,1,8
2716,1,2
2717,2,6
2718,2,6
2719,2,4
2720,1,8
2721,2,8
2722,1,4
2723,4,4
2724,1,6
2725,1,4
2726,5,9
2727,2,9
2728,3,5
2729,2,9
2730,4,3
2731,3,8
2732,2,1
2733,4,7
2734,1,7
2735,2,8
2736,5,7
2737,5,3
2738,5,5
2739,2,6
2740,2,1
2741,2,4
2742,4,6
2743,1,7
2744,2,2
2745,3,7
2746,5,5
2747,4,3
2748,2,8
2749,2,1
2750,2,9
2751,4,3
2752,5,5
2753,5,9
2754,2,3
2755,5,2
2756,2,3
2757,5,3
2758,2,5
2759,3,1
2760,3,9
2761,2,2
2762,2,2
2763,1,8
2764,2,2
2765,2,3
2766,1,6
2767,2,6
2768,1,7
2769,3,4
2770,1,8
2771,2,9
2772,2,9
2773,3,6
2774,4,9
2775,5,3
2776,5,7
2777,1,1
2778,2,8
2779,5,2
2780,2,5
2781,4,6
2782,2,1
2783,5,3
2784,5,7
2785,1,7
2786,1,7
2787,5,2
2788,3,4
2789,1,3
2790,4,9
2791,2,9
2792,1,3
2793,2,3
2794,3,5
2795,1,4
2796,3,8
2797,2,3
2798,3,3
2799,2,5
2800,2,4
2801,3,5
2802,2,3
2803,4,2
2804,3,6
2805,1,6
2806,5,2
2807,4,6
2808,1,6
2809,2,2
2810,2,7
2811,1,7
2812,2,9
2813,5,6
2814,1,9
2815,3,5
2816,5,5
2817,4,9
2818,1,6
2819,2,1
2820,4,8
2821,2,9
2822,3,7
2823,1,2
2824,3,3
2825,5,7
2826,1,2
2827,2,4
2828,1,4
2829,2,5
2830,4,9
2831,4,5
2832,5,9
2833,2,3
2834,5,1
2835,2,6
2836,1,7
2837,2,7
2838,3,3
2839,1,1
2840,2,4
2841,2,3
2842,2,8
2843,1,5
2844,4,3
2845,2,8
2846,1,6
2847,3,4
2848,2,3
2849,5,9
2850,2,8
2851,1,5
2852,2,7
2853,1,4
2854,4,3
2855,1,3
2856,2,1
2857,5,2
2858,2,9
2859,2,2
2860,3,5
2861,5,3
2862,2,4
2863,3,3
2864,1,5
2865,1,9
2866,2,7
2867,4,1
2868,1,7
2869,2,2
2870,1,6
2871,2,4
2872,2,3
2873,1,1
2874,1,1
2875,3,5
2876,3,8
2877,2,9
2878,1,9
2879,3,6
2880,2,4
2881,1,4
2882,1,2
2883,2,5
2884,5,9
2885,3,4
2886,1,9
2887,2,2
2888,1,4
2889,2,1
2890,2,7
2891,2,8
2892,1,8
2893,2,5
2894,2,9
2895,2,7
2896,1,3
2897,2,6
2898,1,6
2899,1,2
2900,3,1
2901,5,2
2902,5,1
2903,4,5
2904,1,8
2905,5,8
2906,1,3
2907,2,9
2908,3,2
2909,2,3
2910,2,5
2911,1,8
2912,2,6
2913,2,4
2914,2,2
2915,2,8
2916,2,2
2917,2,9
2918,2,7
2919,2,1
2920,1,7
2921,2,9
2922,4,2
2923,2,2
2924,2,1
2925,4,2
2926,2,8
2927,2,6
2928,5,2
2929,4,8
2930,5,7
2931,5,1
2932,5,7
2933,1,8
2934,4,8
2935,2,8
2936,2,2
2937,2,7
2938,1,2
2939,2,1
2940,2,9
2941,2,3
2942,1,3
2943,2,4
2944,1,9
2945,3,8
2946,2,1
2947,5,3
2948,3,5
2949,5,3
2950,4,4
2951,1,3
2952,1,3
2953,3,1
2954,2,5
2955,5,8
2956,4,4
2957,2,3
2958,1,3
2959,5,1
2960,2,5
2961,2,7
2962,2,9
2963,1,5
2964,3,2
2965,2,3
2966,3,4
2967,1,1
2968,2,7
2969,3,9
2970,2,9
2971,3,6
2972,2,8
2973,5,7
2974,1,3
2975,2,5
2976,5,6
2977,1,2
2978,3,8
2979,1,6
2980,2,2
2981,2,4
2982,2,6
2983,5,2
2984,1,3
2985,1,2
2986,2,8
2987,1,8
2988,5,1
2989,5,6
2990,1,2
2991,3,2
2992,4,8
2993,2,4
2994,4,8
2995,2,8
2996,5,3
2997,3,5
2998,2,7
2999,2,3
3000,1,4
3001,2,7
3002,1,3
3003,3,6
3004,2,2
3005,3,6
3006,4,9
3007,1,8
3008,3,5
3009,2,6
3010,2,6
3011,5,2
3012,1,6
3013,1,4
3014,2,2
3015,3,5
3016,2,1
3017,3,4
3018,1,9
3019,4,2
3020,1,3
3021,5,8
3022,2,9
3023,2,3
3024,2,7
3025,4,2
3026,1,7
3027,5,1
3028,5,4
3029,4,3
3030,1,4
3031,1,8
3032,3,8
3033,1,1
3034,5,4
3035,4,8
3036,4,3
3037,2,8
3038,1,6
3039,3,5
3040,1,1
3041,5,3
3042,5,2
3043,2,1
3044,1,2
3045,1,1
3046,5,5
3047,4,7
3048,5,9
3049,1,3
3050,2,6
3051,3,6
3052,5,5
3053,1,7
3054,2,2
3055,2,4
3056,2,4
3057,3,9
3058,2,7
3059,1,7
3060,3,7
3061,3,2
3062,3,5
3063,1,5
3064,5,9
3065,3,5
3066,2,8
3067,3,8
3068,1,5
3069,1,5
3070,1,8
3071,2,5
3072,1,4
3073,5,7
3074,2,7
3075,2,8
3076,2,5
3077,1,2
3078,2,8
3079,2,6
3080,2,4
3081,4,2
3082,1,9
3083,2,9
3084,1,8
3085,5,2
3086,3,7
3087,2,8
3088,5,5
3089,3,6
3090,5,4
3091,4,6
3092,2,8
3093,1,6
3094,4,3
3095,2,3
3096,1,2
3097,5,9
3098,2,6
3099,2,6
3100,2,6
3101,2,8
3102,4,4
3103,1,6
3104,2,3
3105,2,9
3106,5,9
3107,1,7
3108,4,6
3109,4,3
3110,1,4
3111,4,1
3112,1,1
3113,1,8
3114,5,5
3115,1,4
3116,1,4
3117,3,6
3118,3,5
3119,2,7
3120,2,8
3121,3,8
3122,4,1
3123,1,9
3124,1,9
3125,2,9
3126,2,4
3127,2,7
3128,3,5
3129,2,1
3130,4,5
3131,2,1
3132,2,2
3133,4,6
3134,5,3
3135,2,2
3136,4,5
3137,2,7
3138,1,4
3139,5,3
3140,1,3
3141,5,6
3142,5,2
3143,2,5
3144,4,1
3145,2,2
3146,3,9
3147,5,7
3148,5,8
3149,1,3
3150,1,1
3151,3,4
3152,1,1
3153,2,3
3154,1,8
3155,1,9
3156,1,7
3157,3,1
3158,1,5
3159,4,5
3160,2,7
3161,5,3
3162,3,4
3163,1,3
3164,2,8
3165,2,9
3166,5,7
3167,2,3
3168,5,9
3169,2,3
3170,5,9
3171,1,8
3172,5,8
3173,2,2
3174,1,3
3175,5,9
3176,5,6
3177,2,9
3178,2,4
3179,4,8
3180,2,3
3181,2,5
3182,2,7
3183,4,6
3184,2,9
3185,5,7
3186,3,9
3187,2,1
3188,4,6
3189,1,4
3190,4,5
3191,1,4
3192,4,6
3193,5,8
3194,3,9
3195,2,5
3196,5,1
3197,1,4
3198,5,9
3199,2,7
3200,4,5
3201,1,7
3202,2,7
3203,3,8
3204,2,9
3205,5,3
3206,2,8
3207,2,4
3208,4,9
3209,2,9
3210,5,2
3211,2,6
3212,1,3
3213,3,4
3214,3,9
3215,1,2
3216,4,6
3217,3,6
3218,5,3
3219,3,4
3220,2,7
3221,2,5
3222,1,2
3223,1,9
3224,1,3
3225,2,3
3226,3,5
3227,2,4
3228,1,3
3229,3,7
3230,2,4
3231,3,9
3232,2,1
3233,5,3
3234,1,4
3235,2,8
3236,1,6
3237,2,3
3238,5,4
3239,2,3
3240,3,9
3241,3,2
3242,4,9
3243,4,6
3244,2,2
3245,3,5
3246,2,6
3247,1,1
3248,1,3
3249,3,4
3250,2,8
3251,2,6
3252,4,8
3253,1,4
3254,3,4
3255,2,1
3256,5,8
3257,2,3
3258,2,9
3259,4,1
3260,2,1
3261,1,6
3262,1,3
3263,2,9
3264,2,3
3265,2,3
3266,3,3
3267,2,3
3268,3,9
3269,1,4
3270,1,6
3271,1,3
3272,2,9
3273,4,2
3274,1,6
3275,2,8
3276,1,7
3277,1,1
3278,1,6
3279,3,5
3280,3,1
3281,5,5
3282,1,6
3283,3,1
3284,2,2
3285,2,2
3286,5,8
3287,1,6
3288,2,4
3289,5,3
3290,2,6
3291,4,4
3292,1,3
3293,4,5
3294,1,2
3295,2,8
3296,2,6
3297,1,6
3298,3,1
3299,3,6
3300,4,1
3301,5,8
3302,1,6
3303,2,8
3304,1,3
3305,3,5
3306,2,2
3307,2,2
3308,1,1
3309,2,7
3310,1,6
3311,2,9
3312,2,4
3313,1,7
3314,1,9
3315,1,1
3316,5,2
3317,3,6
3318,4,2
3319,2,7
3320,1,8
3321,1,4
3322,2,2
3323,3,1
3324,2,3
3325,5,7
3326,1,5
3327,5,6
3328,4,8
3329,1,3
3330,2,2
3331,1,9
3332,3,1
3333,4,5
3334,2,9
3335,3,3
3336,3,3
3337,5,2
3338,1,8
3339,2,5
3340,1,7
3341,2,2
3342,2,9
3343,5,8
3344,5,9
3345,2,1
3346,2,8
3347,1,4
3348,5,9
3349,5,8
3350,4,3
3351,3,6
3352,4,3
3353,1,7
3354,5,9
3355,2,5
3356,1,1
3357,1,9
3358,1,1
3359,4,9
3360,3,1
3361,3,5
3362,1,7
3363,2,9
3364,2,8
3365,4,7
3366,1,1
3367,4,8
3368,2,9
3369,2,8
3370,2,4
3371,3,8
3372,5,2
3373,5,7
3374,1,4
3375,1,1
3376,4,7
3377,4,5
3378,2,8
3379,1,7
3380,5,8
3381,2,2
3382,3,1
3383,2,1
3384,2,7
3385,2,1
3386,3,4
3387,1,8
3388,1,7
3389,3,3
3390,2,8
3391,3,7
3392,4,5
3393,3,8
3394,2,9
3395,2,4
3396,1,8
3397,5,4
3398,1,8
3399,2,3
3400,1,9
3401,3,5
3402,3,3
3403,4,2
3404,4,3
3405,3,3
3406,1,8
3407,1,7
3408,1,5
3409,5,7
3410,1,6
3411,1,7
3412,4,6
3413,3,5
3414,1,6
3415,2,9
3416,2,4
3417,1,9
3418,1,8
3419,3,8
3420,3,1
3421,5,1
3422,2,9
3423,1,9
3424,1,3
3425,2,7
3426,4,9
3427,2,9
3428,2,5
3429,3,5
3430,2,5
3431,2,1
3432,2,4
3433,1,5
3434,4,1
3435,2,4
3436,3,8
3437,1,7
3438,4,8
3439,2,2
3440,5,5
3441,2,2
3442,4,3
3443,3,4
3444,4,7
3445,1,4
3446,3,8
3447,4,4
3448,1,3
3449,2,9
3450,5,9
3451,5,5
3452,5,4
3453,5,7
3454,3,3
3455,1,4
3456,3,5
3457,3,9
3458,3,9
3459,1,7
3460,2,2
3461,2,1
3462,4,4
3463,1,7
3464,3,8
3465,1,9
3466,4,6
3467,1,3
3468,2,5
3469,2,7
3470,3,1
3471,3,2
3472,5,5
3473,3,6
3474,1,3
3475,2,3
3476,2,6
3477,4,8
3478,2,7
3479,5,8
3480,5,1
3481,3,8
3482,2,6
3483,2,5
3484,5,2
3485,4,4
3486,1,8
3487,2,1
3488,1,2
3489,4,3
3490,1,5
3491,1,9
3492,2,3
3493,2,6
3494,2,1
3495,2,4
3496,2,6
3497,2,7
3498,2,9
3499,5,5
3500,4,5
3501,2,4
3502,5,3
3503,1,3
3504,5,5
3505,2,1
3506,2,7
3507,1,7
3508,3,6
3509,3,1
3510,4,8
3511,2,5
3512,2,7
3513,2,8
3514,4,2
3515,2,1
3516,1,9
3517,2,3
3518,2,4
3519,1,4
3520,3,4
3521,1,2
3522,4,3
3523,4,5
3524,2,1
3525,3,2
3526,3,7
3527,5,9
3528,2,7
3529,2,4
3530,1,1
3531,3,1
3532,1,5
3533,1,8
3534,2,6
3535,2,9
3536,2,8
3537,2,6
3538,4,1
3539,3,5
3540,1,7
3541,2,4
3542,2,2
3543,1,4
3544,2,3
3545,5,9
3546,5,9
3547,1,8
3548,2,2
3549,1,1
3550,2,6
3551,5,7
3552,3,5
3553,4,1
3554,1,6
3555,1,3
3556,4,6
3557,2,8
3558,4,8
3559,1,3
3560,5,1
3561,2,9
3562,1,7
3563,2,1
3564,1,8
3565,5,8
3566,2,5
3567,3,9
3568,1,2
3569,1,3
3570,2,3
3571,1,7
3572,1,7
3573,1,3
3574,5,1
3575,1,8
3576,2,9
3577,5,4
3578,5,9
3579,2,8
3580,5,6
3581,3,2
3582,2,4
3583,5,9
3584,4,5
3585,3,3
3586,5,4
3587,1,8
3588,2,9
3589,3,3
3590,2,8
3591,2,1
3592,1,4
3593,3,3
3594,1,8
3595,2,3
3596,2,3
3597,2,2
3598,2,2
3599,2,2
3600,3,8
3601,2,4
3602,2,2
3603,2,1
3604,3,2
3605,2,5
3606,1,1
3607,3,9
3608,1,1
3609,2,7
3610,1,2
3611,3,9
3612,4,1
3613,2,7
3614,5,9
3615,5,8
3616,2,8
3617,2,1
3618,2,2
3619,1,6
3620,5,3
3621,2,5
3622,1,8
3623,2,9
3624,4,7
3625,2,4
3626,4,2
3627,1,8
3628,1,8
3629,1,8
3630,1,1
3631,1,8
3632,1,9
3633,5,9
3634,3,2
3635,3,3
3636,1,5
3637,2,1
3638,4,6
3639,3,2
3640,5,4
3641,5,3
3642,2,4
3643,5,6
3644,3,2
3645,2,3
3646,5,9
3647,2,3
3648,5,1
3649,2,9
3650,3,6
3651,1,5
3652,2,5
3653,2,3
3654,3,2
3655,5,8
3656,2,2
3657,3,5
3658,2,7
3659,2,6
3660,2,2
3661,2,9
3662,2,1
3663,1,4
3664,5,8
3665,2,7
3666,5,1
3667,3,7
3668,1,7
3669,3,5
3670,2,2
3671,3,5
3672,3,1
3673,1,5
3674,2,4
3675,5,3
3676,3,2
3677,3,8
3678,3,2
3679,3,6
3680,1,7
3681,2,2
3682,2,9
3683,2,4
3684,5,3
3685,5,3
3686,4,3
3687,2,9
3688,2,1
3689,5,9
3690,4,7
3691,5,4
3692,1,7
3693,1,8
3694,2,5
3695,5,4
3696,1,4
3697,5,8
3698,4,8
3699,1,9
3700,2,7
3701,1,4
3702,1,5
3703,5,2
3704,5,3
3705,2,4
3706,2,8
3707,4,3
3708,5,8
3709,5,2
3710,5,8
3711,2,3
3712,3,1
3713,5,9
3714,5,7
3715,2,8
3716,2,6
3717,2,1
3718,5,8
3719,1,3
3720,4,1
3721,5,3
3722,1,1
3723,2,6
3724,3,9
3725,2,7
3726,2,2
3727,4,3
3728,1,7
3729,5,8
3730,2,2
3731,2,5
3732,5,7
3733,4,3
3734,1,4
3735,3,7
3736,2,3
3737,3,6
3738,1,2
3739,1,8
3740,3,6
3741,3,3
3742,2,5
3743,4,4
3744,1,3
3745,1,4
3746,5,1
3747,1,4
3748,3,5
3749,2,7
3750,5,6
3751,5,2
3752,4,6
3753,4,9
3754,3,9
3755,2,5
3756,2,1
3757,3,2
3758,4,8
3759,1,5
3760,4,9
3761,5,1
3762,2,9
3763,2,3
3764,1,4
3765,2,6
3766,2,9
3767,5,2
3768,5,5
3769,3,2
3770,1,8
3771,3,2
3772,5,6
3773,2,6
3774,2,7
3775,2,4
3776,1,1
3777,3,5
3778,1,6
3779,5,1
3780,2,3
3781,1,8
3782,3,2
3783,2,2
3784,2,6
3785,5,2
3786,1,2
3787,2,5
3788,2,6
3789,2,5
3790,4,2
3791,5,9
3792,4,3
3793,2,8
3794,5,6
3795,3,2
3796,5,3
3797,5,4
3798,5,5
3799,2,4
3800,1,9
3801,2,7
3802,4,5
3803,5,5
3804,3,7
3805,2,2
3806,1,5
3807,1,5
3808,1,3
3809,5,5
3810,2,8
3811,2,1
3812,1,9
3813,3,9
3814,4,1
3815,5,6
3816,2,9
3817,2,8
3818,2,5
3819,4,9
3820,1,5
3821,2,2
3822,2,8
3823,4,5
3824,4,7
3825,5,7
3826,2,2
3827,2,6
3828,4,6
3829,3,5
3830,5,8
3831,1,2
3832,2,3
3833,1,3
3834,2,3
3835,1,7
3836,2,8
3837,5,1
3838,5,4
3839,1,9
3840,1,5
3841,2,3
3842,1,6
3843,5,3
3844,1,9
3845,5,8
3846,1,8
3847,4,3
3848,3,9
3849,5,8
3850,2,4
3851,3,6
3852,4,7
3853,1,3
3854,5,2
3855,5,3
3856,2,4
3857,2,2
3858,2,8
3859,3,9
3860,4,2
3861,1,5
3862,1,9
3863,1,2
3864,4,6
3865,4,8
3866,2,3
3867,2,3
3868,5,8
3869,2,9
3870,2,1
3871,4,8
3872,4,9
3873,3,5
3874,2,7
3875,2,9
3876,1,1
3877,5,6
3878,2,8
3879,4,8
3880,5,1
3881,2,3
3882,3,8
3883,5,3
3884,3,6
3885,1,2
3886,2,8
3887,3,1
3888,5,9
3889,3,6
3890,1,5
3891,1,9
3892,4,4
3893,1,9
3894,1,7
3895,3,8
3896,2,2
3897,2,7
3898,3,1
3899,2,6
3900,1,8
3901,2,3
3902,3,7
3903,2,1
3904,2,4
3905,2,9
3906,2,5
3907,1,4
3908,1,9
3909,5,1
3910,2,9
3911,2,8
3912,2,4
3913,5,8
3914,5,3
3915,2,3
3916,3,3
3917,3,4
3918,1,1
3919,2,6
3920,2,8
3921,2,2
3922,1,1
3923,1,1
3924,5,5
3925,4,4
3926,2,9
3927,1,6
3928,2,2
3929,4,2
3930,1,3
3931,4,1
3932,4,7
3933,2,4
3934,2,1
3935,1,7
3936,1,1
3937,2,8
3938,4,6
3939,4,4
3940,1,8
3941,2,7
3942,2,4
3943,5,3
3944,5,5
3945,1,5
3946,1,7
3947,5,4
3948,1,9
3949,3,7
3950,1,7
3951,3,6
3952,2,1
3953,1,6
3954,3,1
3955,4,2
3956,1,8
3957,2,7
3958,1,2
3959,2,4
3960,4,9
3961,1,4
3962,3,9
3963,2,9
3964,2,8
3965,2,3
3966,2,7
3967,2,3
3968,2,3
3969,5,9
3970,5,7
3971,1,8
3972,2,1
3973,2,2
3974,2,1
3975,3,1
3976,4,1
3977,1,6
3978,1,8
3979,3,7
3980,2,1
3981,1,7
3982,1,1
3983,5,9
3984,2,8
3985,2,4
3986,1,1
3987,2,2
3988,1,5
3989,5,9
3990,2,8
3991,3,5
3992,2,7
3993,1,5
3994,3,9
3995,4,8
3996,2,1
3997,1,7
3998,1,1
3999,1,7
4000,2,9
4001,4,4
4002,2,2
4003,3,4
4004,2,7
4005,5,6
4006,5,1
4007,3,1
4008,2,3
4009,4,5
4010,4,9
4011,2,3
4012,3,6
4013,4,7
4014,3,6
4015,1,5
4016,5,9
4017,5,9
4018,2,2
4019,5,8
4020,1,3
4021,3,6
4022,1,6
4023,1,7
4024,3,5
4025,1,2
4026,5,7
4027,4,8
4028,2,4
4029,3,8
4030,5,5
4031,5,1
4032,3,7
4033,2,3
4034,1,1
4035,1,9
4036,5,7
4037,2,2
4038,1,1
4039,3,8
4040,3,8
4041,5,8
4042,2,4
4043,1,3
4044,2,3
4045,3,4
4046,5,8
4047,2,5
4048,2,5
4049,1,6
4050,3,6
4051,2,9
4052,2,5
4053,2,4
4054,2,9
4055,2,6
4056,2,4
4057,1,4
4058,2,5
4059,1,2
4060,2,3
4061,5,9
4062,1,9
4063,1,4
4064,2,4
4065,4,3
4066,2,7
4067,2,4
4068,2,1
4069,4,3
4070,4,7
4071,2,3
4072,5,6
4073,3,3
4074,2,5
4075,2,4
4076,1,4
4077,1,1
4078,2,4
4079,4,2
4080,5,4
4081,1,2
4082,1,2
4083,1,8
4084,2,6
4085,2,5
4086,2,7
4087,2,5
4088,1,5
4089,5,6
4090,5,4
4091,1,1
4092,1,4
4093,5,6
4094,2,4
4095,5,8
4096,1,4
4097,1,9
4098,1,7
4099,4,8
4100,2,8
4101,2,8
4102,2,4
4103,1,3
4104,2,8
4105,3,8
4106,5,1
4107,2,5
4108,2,4
4109,3,7
4110,2,7
4111,4,1
4112,3,3
4113,1,1
4114,1,8
4115,4,2
4116,4,7
4117,4,1
4118,1,8
4119,4,6
4120,2,9
4121,1,9
4122,5,3
4123,2,5
4124,3,3
4125,5,8
4126,1,6
4127,5,6
4128,3,1
4129,2,8
4130,1,9
4131,4,9
4132,1,9
4133,1,7
4134,2,1
4135,1,3
4136,1,5
4137,1,2
4138,4,3
4139,4,6
4140,2,4
4141,1,9
4142,2,6
4143,4,1
4144,2,5
4145,5,9
4146,3,9
4147,3,6
4148,2,3
4149,2,5
4150,1,5
4151,3,9
4152,3,9
4153,2,7
4154,1,2
4155,1,6
4156,2,3
4157,5,1
4158,1,4
4159,1,7
4160,1,6
4161,4,6
4162,3,2
4163,1,1
4164,2,8
4165,1,1
4166,3,4
4167,2,8
4168,4,9
4169,3,2
4170,4,5
4171,2,4
4172,1,3
4173,2,6
4174,2,6
4175,1,8
4176,2,9
4177,2,7
4178,4,1
4179,1,6
4180,1,2
4181,2,5
4182,3,9
4183,2,3
4184,5,9
4185,1,8
4186,1,4
4187,5,6
4188,3,3
4189,4,6
4190,5,9
4191,2,7
4192,4,9
4193,2,8
4194,1,2
4195,2,3
4196,2,2
4197,2,5
4198,5,4
4199,4,3
4200,3,1
4201,1,6
4202,5,1
4203,2,1
4204,2,5
4205,4,3
4206,3,3
4207,2,8
4208,4,7
4209,1,3
4210,1,9
4211,1,2
4212,2,2
4213,4,6
4214,3,3
4215,1,3
4216,5,7
4217,3,2
4218,5,7
4219,1,1
4220,1,9
4221,2,9
4222,1,1
4223,1,9
4224,2,8
4225,2,1
4226,2,8
4227,1,2
4228,2,5
4229,1,7
4230,3,9
4231,1,5
4232,2,8
4233,2,5
4234,4,4
4235,2,4
4236,4,8
4237,5,7
4238,2,8
4239,3,6
4240,2,4
4241,2,7
4242,2,7
4243,3,6
4244,5,8
4245,2,4
4246,1,8
4247,1,1
4248,1,6
4249,2,3
4250,4,5
4251,3,5
4252,2,3
4253,2,4
4254,2,5
4255,2,7
4256,3,1
4257,2,1
4258,1,3
4259,1,3
4260,5,7
4261,5,5
4262,1,8
4263,4,1
4264,2,2
4265,2,3
4266,5,2
4267,1,4
4268,2,6
4269,5,3
4270,1,2
4271,5,3
4272,2,4
4273,4,9
4274,2,9
4275,1,4
4276,2,6
4277,2,1
4278,3,5
4279,2,3
4280,2,1
4281,5,7
4282,3,7
4283,2,5
4284,3,7
4285,1,4
4286,2,4
4287,3,5
4288,4,5
4289,2,9
4290,1,1
4291,1,6
4292,2,2
4293,5,3
4294,3,3
4295,2,8
4296,2,1
4297,2,7
4298,1,6
4299,2,2
4300,4,6
4301,5,6
4302,5,2
4303,2,1
4304,1,2
4305,2,1
4306,5,7
4307,5,4
4308,2,1
4309,2,8
4310,3,9
4311,4,5
4312,3,2
4313,5,8
4314,5,1
4315,2,1
4316,2,5
4317,3,5
4318,1,5
4319,1,7
4320,2,8
4321,2,7
4322,4,2
4323,5,7
4324,2,2
4325,3,8
4326,2,8
4327,2,4
4328,1,6
4329,1,9
4330,2,5
4331,1,7
4332,4,7
4333,2,7
4334,2,1
4335,2,3
4336,5,5
4337,2,4
4338,1,6
4339,2,4
4340,2,2
4341,2,8
4342,1,9
4343,1,2
4344,5,8
4345,2,3
4346,1,6
4347,3,9
4348,4,6
4349,1,9
4350,2,3
4351,2,8
4352,4,9
4353,2,3
4354,1,3
4355,5,8
4356,2,7
4357,4,4
4358,2,6
4359,1,8
4360,4,5
4361,2,1
4362,1,7
4363,2,4
4364,1,3
4365,2,3
4366,2,6
4367,2,4
4368,5,8
4369,4,5
4370,1,3
4371,2,8
4372,3,6
4373,2,4
4374,2,5
4375,2,5
4376,2,4
4377,5,8
4378,2,4
4379,2,5
4380,1,7
4381,1,9
4382,4,6
4383,1,4
4384,2,5
4385,2,1
4386,3,2
4387,1,4
4388,5,7
4389,4,9
4390,3,2
4391,1,7
4392,2,4
4393,5,7
4394,2,1
4395,4,7
4396,4,1
4397,2,7
4398,1,2
4399,4,6
4400,5,9
4401,3,1
4402,5,8
4403,2,4
4404,2,8
4405,2,9
4406,3,3
4407,5,2
4408,2,6
4409,1,9
4410,3,9
4411,2,7
4412,2,8
4413,2,6
4414,3,5
4415,3,6
4416,5,1
4417,2,8
4418,2,9
4419,2,7
4420,5,5
4421,2,2
4422,1,4
4423,3,3
4424,1,5
4425,1,2
4426,2,9
4427,5,2
4428,3,3
4429,3,4
4430,4,5
4431,5,7
4432,3,7
4433,1,9
4434,1,9
4435,2,5
4436,1,6
4437,2,3
4438,3,6
4439,1,5
4440,5,3
4441,5,1
4442,5,8
4443,1,5
4444,1,5
4445,1,7
4446,2,7
4447,1,1
4448,2,6
4449,3,9
4450,4,4
4451,4,2
4452,1,8
4453,3,1
4454,1,8
4455,3,1
4456,3,4
4457,4,6
4458,1,3
4459,4,1
4460,1,1
4461,5,8
4462,4,5
4463,2,2
4464,4,6
4465,5,5
4466,5,5
4467,2,9
4468,3,1
4469,3,8
4470,2,5
4471,2,3
4472,3,1
4473,2,2
4474,1,7
4475,2,8
4476,5,6
4477,5,4
4478,1,3
4479,1,4
4480,5,1
4481,2,8
4482,3,8
4483,4,2
4484,2,8
4485,1,6
4486,2,9
4487,2,4
4488,2,7
4489,2,4
4490,3,8
4491,2,4
4492,1,6
4493,1,5
4494,3,2
4495,3,4
4496,4,3
4497,1,9
4498,2,1
4499,5,7
4500,5,5
4501,2,1
4502,2,5
4503,1,1
4504,2,1
4505,4,7
4506,2,7
4507,4,7
4508,1,6
4509,1,3
4510,2,5
4511,2,1
4512,2,1
4513,1,1
4514,2,1
4515,5,3
4516,1,5
4517,3,3
4518,3,4
4519,2,7
4520,2,5
4521,3,9
4522,1,9
4523,3,5
4524,5,6
4525,1,8
4526,2,9
4527,3,6
4528,5,2
4529,5,5
4530,1,9
4531,5,7
4532,3,1
4533,2,7
4534,2,7
4535,2,7
4536,4,4
4537,1,9
4538,1,7
4539,2,2
4540,2,5
4541,5,3
4542,2,1
4543,5,6
4544,2,3
4545,1,5
4546,2,4
4547,2,7
4548,4,1
4549,4,5
4550,3,7
4551,2,3
4552,2,1
4553,2,8
4554,2,4
4555,1,1
4556,3,1
4557,2,3
4558,2,7
4559,4,9
4560,5,2
4561,4,9
4562,1,4
4563,2,1
4564,2,9
4565,1,4
4566,5,4
4567,4,9
4568,5,3
4569,2,3
4570,5,5
4571,4,7
4572,3,6
4573,3,4
4574,5,6
4575,2,9
4576,2,1
4577,1,6
4578,2,4
4579,3,8
4580,1,4
4581,2,7
4582,1,4
4583,1,1
4584,2,5
4585,1,5
4586,1,4
4587,3,3
4588,3,6
4589,3,3
4590,3,3
4591,3,7
4592,2,5
4593,1,4
4594,3,8
4595,1,5
4596,1,1
4597,1,2
4598,2,5
4599,3,8
4600,5,3
4601,2,7
4602,1,4
4603,2,9
4604,3,1
4605,2,9
4606,2,1
4607,2,8
4608,4,3
4609,4,3
4610,5,4
4611,2,4
4612,2,2
4613,4,8
4614,1,4
4615,2,7
4616,1,4
4617,5,6
4618,2,9
4619,3,8
4620,2,9
4621,3,3
4622,3,1
4623,3,2
4624,4,8
4625,3,3
4626,2,4
4627,4,3
4628,2,5
4629,5,7
4630,2,3
4631,4,5
4632,2,6
4633,1,3
4634,2,5
4635,1,4
4636,1,8
4637,1,8
4638,3,1
4639,2,3
4640,1,1
4641,5,8
4642,1,2
4643,1,5
4644,1,6
4645,2,1
4646,2,8
4647,3,3
4648,1,7
4649,1,4
4650,4,8
4651,3,8
4652,2,7
4653,5,6
4654,1,4
4655,4,4
4656,2,1
4657,1,1
4658,2,3
4659,3,6
4660,1,3
4661,5,2
4662,1,3
4663,2,8
4664,2,7
4665,1,4
4666,2,4
4667,1,6
4668,5,3
4669,5,4
4670,2,9
4671,3,9
4672,1,5
4673,5,3
4674,2,7
4675,4,6
4676,1,8
4677,2,6
4678,2,9
4679,1,1
4680,1,3
4681,5,6
4682,1,7
4683,2,7
4684,2,5
4685,1,2
4686,1,1
4687,2,6
4688,5,8
4689,1,1
4690,1,8
4691,2,3
4692,2,7
4693,5,5
4694,1,4
4695,3,9
4696,1,9
4697,2,3
4698,5,3
4699,3,4
4700,2,1
4701,4,8
4702,5,7
4703,1,2
4704,2,6
4705,3,2
4706,2,8
4707,2,8
4708,3,1
4709,1,9
4710,2,7
4711,2,8
4712,1,4
4713,3,5
4714,2,4
4715,5,8
4716,3,8
4717,5,1
4718,2,2
4719,2,3
4720,2,5
4721,5,7
4722,1,6
4723,2,5
4724,2,5
4725,2,5
4726,2,4
4727,2,2
4728,5,7
4729,1,9
4730,1,3
4731,5,1
4732,5,6
4733,3,5
4734,4,6
4735,1,2
4736,1,6
4737,2,9
4738,3,4
4739,2,7
4740,2,7
4741,5,9
4742,2,8
4743,2,9
4744,2,4
4745,1,5
4746,5,8
4747,3,3
4748,5,6
4749,1,1
4750,2,2
4751,5,6
4752,3,6
4753,1,3
4754,3,2
4755,4,9
4756,5,7
4757,4,8
4758,1,2
4759,2,7
4760,4,9
4761,2,5
4762,4,4
4763,2,3
4764,2,7
4765,1,7
4766,3,6
4767,4,2
4768,1,9
4769,4,9
4770,1,8
4771,5,5
4772,2,3
4773,4,2
4774,5,2
4775,2,8
4776,2,1
4777,3,4
4778,3,3
4779,1,5
4780,2,8
4781,3,9
4782,3,9
4783,5,2
4784,2,9
4785,5,5
4786,3,3
4787,3,7
4788,1,7
4789,2,1
4790,3,7
4791,4,4
4792,5,1
4793,2,7
4794,2,9
4795,2,4
4796,1,9
4797,2,1
4798,2,1
4799,5,5
4800,2,6
4801,2,7
4802,2,7
4803,2,6
4804,4,3
4805,2,6
4806,5,4
4807,3,6
4808,5,2
4809,1,9
4810,3,6
4811,2,9
4812,2,3
4813,1,9
4814,3,7
4815,1,9
4816,2,1
4817,3,5
4818,1,3
4819,2,6
4820,1,8
4821,2,7
4822,4,5
4823,2,8
4824,5,3
4825,4,3
4826,1,7
4827,2,7
4828,1,6
4829,1,8
4830,2,1
4831,1,2
4832,2,6
4833,2,5
4834,4,4
4835,2,3
4836,2,4
4837,3,4
4838,4,2
4839,5,4
4840,3,9
4841,2,9
4842,1,1
4843,1,4
4844,2,9
4845,5,4
4846,4,9
4847,1,6
4848,1,4
4849,3,3
4850,5,9
4851,2,4
4852,1,9
4853,3,7
4854,5,4
4855,3,6
4856,2,7
4857,5,7
4858,5,6
4859,5,6
4860,5,7
4861,1,6
4862,1,4
4863,3,5
4864,5,2
4865,1,8
4866,2,1
4867,2,9
4868,2,8
4869,3,7
4870,5,9
4871,5,8
4872,4,6
4873,2,3
4874,1,2
4875,1,8
4876,1,5
4877,2,3
4878,1,9
4879,4,1
4880,3,7
4881,2,7
4882,4,4
4883,2,4
4884,2,3
4885,1,7
4886,1,1
4887,1,7
4888,2,6
4889,2,4
4890,3,9
4891,2,7
4892,2,8
4893,1,2
4894,1,9
4895,2,9
4896,5,3
4897,4,6
4898,2,2
4899,4,4
4900,2,1
4901,5,3
4902,2,6
4903,2,4
4904,4,6
4905,1,9
4906,1,9
4907,3,6
4908,3,5
4909,2,5
4910,5,9
4911,2,8
4912,1,6
4913,1,8
4914,4,3
4915,4,2
4916,1,1
4917,1,5
4918,1,1
4919,1,7
4920,3,2
4921,4,3
4922,5,5
4923,5,4
4924,2,1
4925,2,7
4926,2,3
4927,5,4
4928,4,9
4929,5,4
4930,2,3
4931,5,1
4932,2,9
4933,1,7
4934,3,5
4935,3,3
4936,2,6
4937,2,8
4938,2,4
4939,2,4
4940,3,4
4941,2,7
4942,1,7
4943,5,7
4944,2,8
4945,2,9
4946,2,4
4947,2,6
4948,2,3
4949,2,1
4950,4,7
4951,1,8
4952,2,8
4953,2,1
4954,5,3
4955,1,3
4956,2,1
4957,2,6
4958,5,1
4959,3,2
4960,2,8
4961,4,5
4962,2,3
4963,3,1
4964,3,2
4965,2,4
4966,2,8
4967,1,3
4968,2,2
4969,4,7
4970,1,7
4971,2,2
4972,4,3
4973,2,4
4974,3,1
4975,2,3
4976,4,3
4977,1,6
4978,2,9
4979,5,6
4980,1,5
4981,2,9
4982,2,3
4983,5,5
4984,1,6
4985,2,6
4986,5,3
4987,2,4
4988,2,5
4989,2,1
4990,3,2
4991,4,2
4992,4,6
4993,5,7
4994,2,7
4995,1,9
4996,4,6
4997,2,6
4998,1,3
4999,1,8
5000,1,8
5001,3,8
5002,5,1
5003,1,3
5004,1,3
5005,3,5
5006,2,8
5007,1,6
5008,2,7
5009,1,3
5010,2,1
5011,2,8
5012,1,5
5013,4,5
5014,4,3
5015,1,7
5016,5,5
5017,2,8
5018,1,4
5019,3,5
5020,3,4
5021,1,6
5022,2,8
5023,1,8
5024,2,7
5025,3,8
5026,1,1
5027,4,9
5028,4,9
5029,3,3
5030,2,4
5031,1,8
5032,4,6
5033,1,1
5034,5,3
5035,2,6
5036,2,3
5037,1,6
5038,1,3
5039,1,8
5040,3,5
5041,1,1
5042,1,1
5043,3,8
5044,4,9
5045,2,5
5046,1,1
5047,5,3
5048,1,3
5049,1,2
5050,5,9
5051,1,8
5052,5,9
5053,2,8
5054,5,5
5055,5,3
5056,5,9
5057,3,9
5058,2,2
5059,3,7
5060,3,7
5061,4,1
5062,3,8
5063,2,7
5064,1,5
5065,1,8
5066,1,9
5067,2,5
5068,2,9
5069,3,3
5070,3,7
5071,1,2
5072,3,2
5073,1,7
5074,1,3
5075,4,6
5076,1,9
5077,2,6
5078,3,1
5079,5,8
5080,2,8
5081,2,8
5082,1,3
5083,1,4
5084,2,7
5085,1,7
5086,1,6
5087,4,1
5088,1,8
5089,1,6
5090,3,2
5091,1,2
5092,2,9
5093,4,9
5094,2,2
5095,2,1
5096,2,2
5097,1,7
5098,3,4
5099,5,3
5100,5,4
5101,2,8
5102,5,9
5103,2,4
5104,4,1
5105,2,5
5106,2,4
5107,2,9
5108,3,1
5109,1,3
5110,1,9
5111,4,8
5112,1,1
5113,4,5
5114,2,6
5115,4,1
5116,4,7
5117,2,2
5118,5,5
5119,5,5
5120,2,7
5121,2,6
5122,3,4
5123,2,6
5124,5,7
5125,2,8
5126,1,3
5127,1,6
5128,3,8
5129,2,2
5130,2,8
5131,2,8
5132,2,7
5133,1,3
5134,5,4
5135,1,8
5136,5,8
5137,3,3
5138,1,2
5139,1,8
5140,3,8
5141,2,6
5142,3,7
5143,3,4
5144,2,9
5145,1,3
5146,2,4
5147,2,3
5148,2,8
5149,2,4
5150,2,1
5151,5,5
5152,1,9
5153,2,3
5154,4,4
5155,1,7
5156,1,5
5157,4,4
5158,4,8
5159,4,1
5160,2,5
5161,1,8
5162,2,3
5163,1,5
5164,5,5
5165,2,4
5166,1,9
5167,5,9
5168,2,5
5169,2,8
5170,1,7
5171,1,7
5172,4,8
5173,3,4
5174,5,5
5175,2,4
5176,5,8
5177,2,9
5178,1,2
5179,1,2
5180,1,3
5181,3,6
5182,1,9
5183,3,6
5184,1,7
5185,2,9
5186,3,7
5187,2,6
5188,1,2
5189,1,5
5190,1,6
5191,3,8
5192,2,5
5193,2,6
5194,4,6
5195,3,9
5196,3,4
5197,2,9
5198,2,8
5199,2,4
5200,3,3
5201,2,6
5202,1,6
5203,2,3
5204,2,2
5205,2,7
5206,1,4
5207,1,1
5208,3,5
5209,3,9
5210,2,9
5211,5,4
5212,3,1
5213,2,4
5214,2,8
5215,2,2
5216,1,6
5217,2,9
5218,5,2
5219,1,7
5220,5,2
5221,1,8
5222,1,3
5223,5,5
5224,2,1
5225,4,1
5226,2,4
5227,1,8
5228,4,6
5229,1,5
5230,3,6
5231,1,9
5232,2,2
5233,2,3
5234,3,5
5235,2,4
5236,2,9
5237,3,9
5238,2,7
5239,3,6
5240,1,2
5241,3,9
5242,4,3
5243,4,8
5244,4,8
5245,3,1
5246,2,9
5247,1,3
5248,2,9
5249,3,6
5250,2,1
5251,2,3
5252,3,8
5253,4,6
5254,5,4
5255,5,3
5256,3,1
5257,2,2
5258,1,2
5259,5,7
5260,5,8
5261,2,6
5262,5,4
5263,5,4
5264,1,3
5265,3,1
5266,5,5
5267,1,3
5268,1,8
5269,1,2
5270,2,8
5271,3,3
5272,1,4
5273,5,8
5274,1,1
5275,1,4
5276,4,9
5277,2,9
5278,3,4
5279,4,3
5280,3,8
5281,1,3
5282,1,3
5283,1,1
5284,4,4
5285,4,3
5286,2,6
5287,3,4
5288,3,7
5289,1,7
5290,1,6
5291,4,5
5292,1,3
5293,3,6
5294,3,4
5295,4,3
5296,2,9
5297,2,7
5298,5,2
5299,5,6
5300,3,2
5301,4,8
5302,4,6
5303,3,5
5304,3,8
5305,5,7
5306,3,1
5307,3,8
5308,1,8
5309,2,9
5310,2,8
5311,4,3
5312,2,4
5313,3,8
5314,2,5
5315,2,4
5316,1,7
5317,1,4
5318,5,9
5319,5,2
5320,2,9
5321,2,3
5322,1,4
5323,3,1
5324,2,1
5325,2,5
5326,1,3
5327,1,6
5328,2,2
5329,5,4
5330,1,7
5331,2,9
5332,1,3
5333,5,5
5334,3,3
5335,3,5
5336,5,6
5337,1,1
5338,4,3
5339,2,8
5340,2,6
5341,1,1
5342,5,8
5343,2,5
5344,4,4
5345,3,8
5346,4,9
5347,1,4
5348,2,1
5349,2,6
5350,5,1
5351,1,1
5352,1,5
5353,4,4
5354,3,5
5355,1,1
5356,2,3
5357,1,7
5358,2,2
5359,1,3
5360,2,1
5361,5,2
5362,3,6
5363,5,8
5364,1,8
5365,2,3
5366,2,7
5367,3,1
5368,1,6
5369,5,4
5370,4,3
5371,2,1
5372,5,1
5373,5,6
5374,1,4
5375,2,8
5376,2,4
5377,2,4
5378,4,1
5379,2,3
5380,2,9
5381,4,4
5382,2,2
5383,1,7
5384,4,4
5385,3,8
5386,2,2
5387,3,9
5388,4,7
5389,2,3
5390,5,4
5391,1,1
5392,2,8
5393,1,8
5394,5,8
5395,3,8
5396,2,9
5397,2,3
5398,2,2
5399,5,7
5400,5,9
5401,1,8
5402,3,5
5403,2,9
5404,2,9
5405,5,5
5406,5,9
5407,2,3
5408,1,1
5409,3,9
5410,4,9
5411,4,5
5412,3,3
5413,2,9
5414,2,4
5415,5,2
5416,5,9
5417,5,6
5418,2,5
5419,5,1
5420,1,2
5421,2,7
5422,2,6
5423,1,2
5424,2,2
5425,5,2
5426,1,9
5427,2,7
5428,1,5
5429,1,2
5430,3,1
5431,5,8
5432,2,5
5433,1,8
5434,2,8
5435,3,5
5436,1,1
5437,5,4
5438,5,5
5439,2,6
5440,5,7
5441,3,2
5442,5,1
5443,2,8
5444,4,5
5445,1,1
5446,2,3
5447,2,5
5448,2,6
5449,5,4
5450,2,5
5451,1,9
5452,2,6
5453,2,3
5454,1,9
5455,3,7
5456,2,3
5457,3,9
5458,2,7
5459,2,8
5460,2,6
5461,1,8
5462,2,9
5463,1,9
5464,2,6
5465,1,4
5466,2,4
5467,1,6
5468,1,9
5469,5,2
5470,3,3
5471,3,4
5472,5,5
5473,5,3
5474,2,9
5475,2,2
5476,4,6
5477,2,6
5478,2,3
5479,2,5
5480,3,8
5481,2,2
5482,1,2
5483,5,6
5484,2,6
5485,3,2
5486,5,4
5487,3,4
5488,5,6
5489,1,9
5490,1,9
5491,3,6
5492,1,8
5493,4,7
5494,2,9
5495,4,8
5496,2,2
5497,5,3
5498,5,7
5499,1,2
5500,2,1
5501,3,4
5502,2,5
5503,1,4
5504,3,7
5505,1,5
5506,2,4
5507,1,7
5508,2,8
5509,2,2
5510,4,1
5511,3,3
5512,1,9
5513,1,5
5514,4,3
5515,2,3
5516,3,9
5517,1,6
5518,5,3
5519,3,8
5520,5,2
5521,4,9
5522,2,3
5523,2,4
5524,4,3
5525,2,9
5526,1,1
5527,2,2
5528,1,4
5529,2,8
5530,1,3
5531,3,7
5532,1,4
5533,4,5
5534,3,5
5535,2,6
5536,4,7
5537,3,1
5538,2,7
5539,1,9
5540,2,8
5541,3,1
5542,2,2
5543,1,9
5544,1,3
5545,5,4
5546,2,3
5547,2,1
5548,1,5
5549,3,5
5550,1,4
5551,1,5
5552,2,6
5553,1,9
5554,5,5
5555,2,5
5556,5,3
5557,5,6
5558,2,5
5559,4,2
5560,5,8
5561,1,8
5562,4,5
5563,1,5
5564,3,7
5565,4,5
5566,3,4
5567,1,7
5568,2,7
5569,1,1
5570,2,2
5571,1,7
5572,2,3
5573,1,5
5574,3,3
5575,3,8
5576,4,1
5577,2,2
5578,3,4
5579,3,2
5580,1,2
5581,3,8
5582,3,2
5583,2,9
5584,5,1
5585,5,3
5586,5,8
5587,1,9
5588,3,3
5589,5,8
5590,1,5
5591,5,5
5592,1,4
5593,1,6
5594,2,6
5595,2,1
5596,1,3
5597,5,4
5598,1,6
5599,1,4
5600,4,3
5601,2,4
5602,4,4
5603,1,9
5604,3,1
5605,1,8
5606,5,3
5607,1,4
5608,5,3
5609,4,4
5610,4,1
5611,1,2
5612,4,2
5613,1,5
5614,5,7
5615,3,8
5616,2,7
5617,5,4
5618,2,2
5619,5,1
5620,3,2
5621,4,3
5622,4,9
5623,2,4
5624,1,3
5625,3,5
5626,2,3
5627,2,3
5628,5,3
5629,1,5
5630,5,1
5631,2,6
5632,2,4
5633,3,1
5634,2,6
5635,2,7
5636,4,1
5637,2,8
5638,3,4
5639,1,7
5640,2,7
5641,5,7
5642,3,9
5643,3,7
5644,3,6
5645,1,8
5646,2,3
5647,4,7
5648,5,4
5649,2,6
5650,3,7
5651,3,8
5652,1,4
5653,1,6
5654,3,1
5655,3,9
5656,5,5
5657,2,2
5658,2,3
5659,2,1
5660,2,9
5661,1,4
5662,2,6
5663,1,3
5664,4,7
5665,3,2
5666,5,2
5667,3,7
5668,2,3
5669,3,3
5670,1,3
5671,2,9
5672,1,2
5673,1,5
5674,5,2
5675,1,2
5676,2,9
5677,5,1
5678,1,2
5679,2,7
5680,1,9
5681,5,8
5682,1,4
5683,2,5
5684,1,1
5685,5,6
5686,3,1
5687,1,4
5688,3,2
5689,2,8
5690,3,5
5691,2,8
5692,2,2
5693,5,3
5694,2,1
5695,3,4
5696,3,2
5697,4,4
5698,1,7
5699,1,3
5700,2,5
5701,5,8
5702,2,2
5703,1,6
5704,5,6
5705,5,7
5706,1,6
5707,5,1
5708,1,5
5709,1,2
5710,1,8
5711,2,9
5712,5,3
5713,1,8
5714,1,8
5715,4,4
5716,3,2
5717,3,7
5718,2,5
5719,2,6
5720,3,2
5721,4,9
5722,1,4
5723,3,3
5724,5,2
5725,2,6
5726,2,3
5727,1,9
5728,4,1
5729,3,4
5730,1,6
5731,2,7
5732,5,1
5733,4,8
5734,1,6
5735,1,1
5736,1,9
5737,3,1
5738,1,4
5739,2,5
5740,3,2
5741,4,7
5742,2,1
5743,2,9
5744,1,6
5745,2,7
5746,1,8
5747,1,7
5748,1,3
5749,3,6
5750,1,6
5751,2,8
5752,2,7
5753,4,9
5754,1,3
5755,2,8
5756,2,7
5757,4,6
5758,5,9
5759,2,6
5760,1,5
5761,1,6
5762,2,5
5763,4,4
5764,1,6
5765,3,8
5766,5,5
5767,4,8
5768,4,9
5769,1,2
5770,2,6
5771,4,3
5772,1,4
5773,2,6
5774,3,4
5775,5,6
5776,3,9
5777,1,5
5778,1,9
5779,1,6
5780,2,4
5781,4,8
5782,3,8
5783,2,7
5784,1,4
5785,3,2
5786,2,9
5787,5,2
5788,1,6
5789,2,5
5790,5,9
5791,5,8
5792,4,5
5793,2,8
5794,3,9
5795,2,8
5796,2,7
5797,1,5
5798,4,4
5799,2,7
5800,2,8
5801,4,4
5802,2,2
5803,1,6
5804,1,7
5805,2,2
5806,5,9
5807,2,1
5808,5,4
5809,4,2
5810,2,2
5811,3,6
5812,1,5
5813,3,4
5814,1,9
5815,2,8
5816,4,2
5817,5,3
5818,3,3
5819,2,5
5820,2,5
5821,2,8
5822,2,4
5823,2,6
5824,2,2
5825,1,6
5826,3,4
5827,4,5
5828,3,5
5829,2,9
5830,3,3
5831,2,5
5832,2,4
5833,2,4
5834,5,4
5835,2,7
5836,5,2
5837,4,9
5838,4,9
5839,2,4
5840,2,2
5841,3,8
5842,1,8
5843,3,2
5844,2,5
5845,2,7
5846,2,8
5847,1,1
5848,1,1
5849,2,9
5850,1,6
5851,2,5
5852,2,3
5853,2,8
5854,1,3
5855,3,7
5856,5,4
5857,1,3
5858,3,2
5859,1,7
5860,2,8
5861,1,3
5862,1,7
5863,3,1
5864,5,5
5865,2,7
5866,2,6
5867,2,2
5868,3,4
5869,2,4
5870,3,9
5871,2,2
5872,1,3
5873,2,1
5874,1,3
5875,5,5
5876,5,2
5877,5,7
5878,2,6
5879,1,5
5880,1,1
5881,3,7
5882,1,3
5883,2,6
5884,1,9
5885,1,6
5886,2,9
5887,5,9
5888,2,4
5889,3,6
5890,4,9
5891,1,9
5892,2,3
5893,5,3
5894,2,2
5895,2,5
5896,3,9
5897,2,4
5898,2,1
5899,1,2
5900,1,4
5901,3,3
5902,4,7
5903,2,8
5904,2,8
5905,3,2
5906,2,9
5907,5,6
5908,1,8
5909,3,1
5910,2,5
5911,2,9
5912,2,9
5913,2,5
5914,3,6
5915,1,1
5916,2,1
5917,1,1
5918,1,2
5919,4,5
5920,2,5
5921,4,5
5922,1,9
5923,5,3
5924,1,2
5925,4,4
5926,3,2
5927,5,3
5928,2,5
5929,1,1
5930,2,2
5931,2,3
5932,1,9
5933,1,3
5934,3,1
5935,2,1
5936,5,4
5937,2,8
5938,5,5
5939,2,2
5940,5,8
5941,2,4
5942,2,4
5943,3,3
5944,1,6
5945,1,5
5946,2,2
5947,2,4
5948,2,3
5949,4,9
5950,1,6
5951,5,5
5952,3,2
5953,5,4
5954,5,4
5955,1,1
5956,5,1
5957,2,5
5958,4,6
5959,1,2
5960,1,8
5961,2,2
5962,2,2
5963,1,6
5964,2,5
5965,2,5
5966,1,3
5967,4,8
5968,2,8
5969,1,9
5970,2,5
5971,1,9
5972,4,6
5973,3,7
5974,1,1
5975,5,4
5976,2,4
5977,1,7
5978,2,5
5979,1,1
5980,1,4
5981,1,7
5982,2,1
5983,2,8
5984,3,1
5985,5,4
5986,3,9
5987,2,4
5988,1,4
5989,2,7
5990,2,5
5991,2,4
5992,1,3
5993,2,2
5994,3,1
5995,5,7
5996,5,3
5997,3,9
5998,4,5
5999,1,2
6000,1,3
6001,4,8
6002,1,6
6003,2,2
6004,2,5
6005,4,4
6006,3,4
6007,5,5
6008,4,2
6009,4,2
6010,4,1
6011,2,5
6012,1,4
6013,3,2
6014,5,2
6015,2,2
6016,2,4
6017,4,1
6018,4,7
6019,1,2
6020,5,3
6021,3,5
6022,2,2
6023,5,2
6024,5,1
6025,3,7
6026,4,6
6027,4,8
6028,5,2
6029,5,7
6030,2,8
6031,2,5
6032,2,3
6033,2,5
6034,1,2
6035,2,9
6036,5,7
6037,1,4
6038,1,2
6039,1,8
6040,5,7
6041,2,8
6042,1,5
6043,5,6
6044,2,1
6045,1,4
6046,3,5
6047,5,9
6048,3,6
6049,2,7
6050,3,2
6051,3,4
6052,1,7
6053,2,6
6054,2,2
6055,2,1
6056,5,8
6057,1,4
6058,4,3
6059,1,6
6060,4,1
6061,4,3
6062,4,8
6063,2,8
6064,1,8
6065,5,6
6066,3,8
6067,2,9
6068,2,4
6069,3,6
6070,2,7
6071,1,2
6072,3,8
6073,2,1
6074,2,6
6075,1,5
6076,1,3
6077,4,4
6078,5,3
6079,3,3
6080,5,8
6081,1,4
6082,2,7
6083,2,8
6084,2,2
6085,4,7
6086,2,5
6087,2,7
6088,3,3
6089,2,3
6090,2,5
6091,2,5
6092,2,6
6093,2,1
6094,3,2
6095,1,2
6096,3,9
6097,3,7
6098,1,8
6099,3,5
6100,1,4
6101,1,8
6102,3,1
6103,5,5
6104,3,6
6105,5,6
6106,1,6
6107,2,8
6108,5,7
6109,2,8
6110,2,3
6111,1,7
6112,3,4
6113,3,8
6114,5,4
6115,2,3
6116,5,1
6117,3,7
6118,2,8
6119,3,5
6120,1,6
6121,4,1
6122,3,1
6123,2,5
6124,2,1
6125,5,9
6126,2,8
6127,3,8
6128,2,4
6129,3,5
6130,1,3
6131,2,2
6132,2,9
6133,2,2
6134,1,2
6135,1,2
6136,1,2
6137,3,8
6138,2,2
6139,2,4
6140,1,8
6141,2,5
6142,2,5
6143,5,1
6144,4,9
6145,1,7
6146,3,2
6147,2,3
6148,3,6
6149,1,8
6150,3,1
6151,5,4
6152,5,1
6153,1,5
6154,1,6
6155,2,7
6156,3,7
6157,3,5
6158,3,3
6159,1,3
6160,1,5
6161,2,4
6162,1,2
6163,2,7
6164,5,8
6165,5,6
6166,1,8
6167,5,8
6168,1,3
6169,1,7
6170,3,8
6171,2,7
6172,3,6
6173,5,8
6174,2,6
6175,4,3
6176,1,4
6177,5,8
6178,2,2
6179,1,6
6180,4,3
6181,1,3
6182,2,1
6183,5,2
6184,3,2
6185,3,4
6186,2,2
6187,1,5
6188,2,8
6189,2,3
6190,2,7
6191,2,8
6192,1,2
6193,3,6
6194,2,3
6195,2,6
6196,1,2
6197,3,5
6198,2,3
6199,1,6
6200,3,8
6201,4,6
6202,4,5
6203,1,6
6204,3,9
6205,4,3
6206,2,4
6207,1,7
6208,2,3
6209,1,7
6210,1,7
6211,4,5
6212,3,3
6213,2,5
6214,1,6
6215,2,5
6216,1,7
6217,5,2
6218,3,5
6219,2,8
6220,2,4
6221,1,5
6222,2,5
6223,2,4
6224,2,3
6225,4,4
6226,5,6
6227,4,5
6228,3,8
6229,2,7
6230,4,8
6231,2,1
6232,2,2
6233,1,3
6234,2,8
6235,5,6
6236,1,8
6237,2,2
6238,2,7
6239,1,5
6240,2,8
6241,2,3
6242,2,6
6243,5,4
6244,2,5
6245,1,3
6246,1,5
6247,5,4
6248,2,2
6249,5,2
6250,3,5
6251,3,9
6252,3,6
6253,1,5
6254,4,7
6255,5,3
6256,1,3
6257,2,4
6258,1,5
6259,1,8
6260,2,8
6261,1,1
6262,1,2
6263,1,6
6264,5,2
6265,2,1
6266,2,1
6267,2,5
6268,1,2
6269,3,6
6270,1,2
6271,2,8
6272,1,7
6273,3,2
6274,3,2
6275,1,6
6276,1,2
6277,4,6
6278,2,7
6279,5,5
6280,2,7
6281,1,4
6282,3,3
6283,2,2
6284,2,4
6285,1,5
6286,3,6
6287,1,6
6288,5,2
6289,2,6
6290,3,2
6291,3,9
6292,2,4
6293,4,4
6294,2,8
6295,1,4
6296,5,7
6297,1,2
6298,3,3
6299,3,8
6300,1,7
6301,5,8
6302,1,5
6303,1,6
6304,4,6
6305,1,2
6306,5,5
6307,3,1
6308,1,9
6309,2,3
6310,5,1
6311,3,6
6312,1,9
6313,4,3
6314,2,9
6315,1,1
6316,1,4
6317,4,7
6318,1,7
6319,2,5
6320,3,9
6321,2,4
6322,1,9
6323,4,2
6324,2,7
6325,5,6
6326,3,1
6327,2,9
6328,2,6
6329,3,6
6330,3,2
6331,2,5
6332,2,3
6333,2,3
6334,2,3
6335,1,7
6336,5,2
6337,4,4
6338,2,5
6339,3,7
6340,1,6
6341,2,1
6342,2,9
6343,4,6
6344,3,3
6345,2,6
6346,3,4
6347,4,3
6348,3,5
6349,3,8
6350,5,2
6351,5,7
6352,4,5
6353,3,9
6354,5,5
6355,2,6
6356,1,2
6357,1,4
6358,2,8
6359,2,5
6360,2,9
6361,3,5
6362,4,4
6363,2,8
6364,3,2
6365,1,7
6366,3,5
6367,2,2
6368,2,4
6369,2,5
6370,4,8
6371,2,1
6372,2,2
6373,2,7
6374,3,2
6375,3,2
6376,4,5
6377,4,3
6378,2,8
6379,5,5
6380,2,7
6381,2,6
6382,1,2
6383,2,9
6384,1,4
6385,2,7
6386,2,1
6387,2,3
6388,1,1
6389,2,8
6390,5,1
6391,2,1
6392,4,6
6393,1,4
6394,1,4
6395,5,5
6396,2,5
6397,3,4
6398,3,5
6399,1,3
6400,3,9
6401,2,6
6402,5,1
6403,5,4
6404,1,7
6405,4,3
6406,1,5
6407,2,7
6408,2,7
6409,2,7
6410,2,7
6411,3,8
6412,2,7
6413,5,8
6414,2,3
6415,1,5
6416,2,1
6417,2,6
6418,2,8
6419,2,4
6420,3,3
6421,2,4
6422,2,4
6423,2,6
6424,5,7
6425,1,5
6426,5,7
6427,4,6
6428,1,3
6429,1,7
6430,1,6
6431,2,8
6432,1,2
6433,2,8
6434,4,5
6435,2,1
6436,1,1
6437,3,7
6438,2,8
6439,3,8
6440,5,1
6441,2,6
6442,2,5
6443,5,5
6444,4,5
6445,1,5
6446,4,7
6447,5,4
6448,2,7
6449,5,2
6450,3,8
6451,3,5
6452,1,6
6453,2,2
6454,1,3
6455,2,6
6456,1,7
6457,5,8
6458,1,2
6459,1,4
6460,2,4
6461,4,6
6462,1,3
6463,4,9
6464,2,9
6465,3,7
6466,2,8
6467,1,8
6468,2,2
6469,2,1
6470,2,2
6471,2,3
6472,4,5
6473,2,8
6474,2,9
6475,3,6
6476,1,9
6477,4,6
6478,5,6
6479,5,2
6480,3,6
6481,2,3
6482,5,7
6483,3,6
6484,1,1
6485,1,7
6486,5,3
6487,5,4
6488,2,3
6489,2,4
6490,5,3
6491,5,1
6492,1,4
6493,5,3
6494,1,1
6495,5,1
6496,5,9
6497,2,4
6498,5,2
6499,5,9
6500,2,3
6501,1,2
6502,3,7
6503,1,2
6504,1,2
6505,5,7
6506,4,7
6507,3,6
6508,2,2
6509,1,9
6510,3,3
6511,1,3
6512,4,4
6513,2,1
6514,2,2
6515,1,5
6516,1,2
6517,3,8
6518,3,3
6519,5,3
6520,5,8
6521,1,6
6522,2,7
6523,1,7
6524,4,4
6525,4,4
6526,2,6
6527,4,1
6528,1,5
6529,2,9
6530,3,1
6531,2,9
6532,2,1
6533,3,5
6534,2,2
6535,2,6
6536,2,7
6537,1,7
6538,1,9
6539,2,1
6540,3,3
6541,1,8
6542,3,9
6543,1,7
6544,2,1
6545,2,4
6546,1,1
6547,3,5
6548,2,7
6549,5,9
6550,1,3
6551,5,9
6552,3,4
6553,1,9
6554,4,9
6555,5,2
6556,2,8
6557,2,1
6558,2,4
6559,2,9
6560,1,8
6561,2,2
6562,3,6
6563,1,4
6564,5,7
6565,1,1
6566,5,3
6567,1,3
6568,1,5
6569,2,5
6570,1,1
6571,3,4
6572,3,9
6573,2,5
6574,3,9
6575,2,3
6576,1,5
6577,1,6
6578,3,6
6579,1,4
6580,2,8
6581,1,6
6582,2,7
6583,1,5
6584,1,9
6585,4,6
6586,2,2
6587,2,8
6588,1,2
6589,1,8
6590,3,6
6591,1,8
6592,2,1
6593,1,4
6594,3,4
6595,2,6
6596,2,7
6597,2,1
6598,1,2
6599,2,3
6600,1,1
6601,3,9
6602,4,1
6603,2,6
6604,1,7
6605,5,4
6606,1,2
6607,3,9
6608,4,2
6609,2,3
6610,5,3
6611,5,3
6612,1,8
6613,4,1
6614,2,3
6615,3,8
6616,2,3
6617,3,3
6618,3,3
6619,2,3
6620,2,1
6621,4,1
6622,3,9
6623,5,8
6624,5,1
6625,5,3
6626,4,6
6627,2,6
6628,2,7
6629,2,1
6630,1,3
6631,4,5
6632,2,5
6633,2,3
6634,1,6
6635,2,7
6636,1,9
6637,2,4
6638,2,6
6639,1,6
6640,3,5
6641,5,2
6642,3,8
6643,1,5
6644,1,8
6645,3,3
6646,2,9
6647,1,7
6648,2,4
6649,5,4
6650,2,4
6651,1,3
6652,1,8
6653,2,7
6654,2,1
6655,2,2
6656,1,7
6657,1,1
6658,1,2
6659,3,9
6660,4,5
6661,1,4
6662,1,3
6663,4,8
6664,5,3
6665,2,2
6666,2,9
6667,1,9
6668,4,3
6669,5,3
6670,1,3
6671,1,3
6672,3,5
6673,2,6
6674,2,2
6675,2,6
6676,2,9
6677,2,2
6678,2,8
6679,5,3
6680,1,8
6681,2,1
6682,1,2
6683,5,2
6684,2,8
6685,2,8
6686,5,4
6687,5,3
6688,1,5
6689,1,7
6690,4,6
6691,3,4
6692,1,7
6693,1,5
6694,5,8
6695,4,2
6696,4,5
6697,1,9
6698,3,6
6699,2,6
6700,1,3
6701,3,2
6702,1,7
6703,1,6
6704,2,1
6705,1,1
6706,1,9
6707,1,5
6708,2,3
6709,5,2
6710,2,7
6711,2,4
6712,2,9
6713,2,7
6714,5,8
6715,1,4
6716,2,1
6717,1,8
6718,1,8
6719,5,2
6720,5,6
6721,3,7
6722,2,6
6723,4,9
6724,2,4
6725,1,4
6726,1,8
6727,4,3
6728,3,7
6729,3,7
6730,4,6
6731,1,3
6732,1,3
6733,3,6
6734,1,6
6735,4,3
6736,2,4
6737,5,5
6738,4,7
6739,2,9
6740,5,8
6741,3,8
6742,3,9
6743,1,9
6744,5,7
6745,3,6
6746,2,6
6747,5,2
6748,2,4
6749,5,4
6750,2,4
6751,2,1
6752,4,3
6753,4,9
6754,1,3
6755,2,6
6756,1,1
6757,1,7
6758,5,6
6759,1,1
6760,2,5
6761,1,1
6762,2,4
6763,5,5
6764,4,6
6765,3,9
6766,2,9
6767,3,2
6768,2,6
6769,2,2
6770,2,2
6771,4,8
6772,2,6
6773,2,5
6774,5,1
6775,4,1
6776,4,1
6777,3,4
6778,1,1
6779,2,7
6780,3,7
6781,1,4
6782,3,8
6783,4,8
6784,5,3
6785,2,6
6786,5,6
6787,1,1
6788,5,5
6789,2,6
6790,2,1
6791,4,2
6792,4,2
6793,1,5
6794,2,4
6795,2,6
6796,1,7
6797,1,4
6798,3,1
6799,1,7
6800,4,8
6801,2,4
6802,3,6
6803,3,4
6804,2,6
6805,1,8
6806,1,8
6807,4,9
6808,5,5
6809,2,5
6810,2,2
6811,1,2
6812,1,9
6813,4,2
6814,3,3
6815,2,8
6816,3,3
6817,2,1
6818,2,2
6819,3,8
6820,1,3
6821,5,1
6822,1,3
6823,1,4
6824,5,6
6825,2,9
6826,2,2
6827,2,6
6828,1,7
6829,4,2
6830,3,4
6831,1,3
6832,5,6
6833,4,6
6834,5,1
6835,1,3
6836,1,5
6837,2,7
6838,5,2
6839,2,2
6840,2,7
6841,2,3
6842,1,8
6843,2,6
6844,5,1
6845,1,2
6846,3,3
6847,1,4
6848,1,4
6849,1,2
6850,1,2
6851,2,9
6852,3,9
6853,1,9
6854,4,9
6855,4,8
6856,2,2
6857,2,4
6858,1,3
6859,1,9
6860,5,1
6861,1,6
6862,2,2
6863,5,8
6864,2,8
6865,5,6
6866,2,6
6867,2,1
6868,1,8
6869,4,7
6870,2,8
6871,5,9
6872,1,3
6873,4,2
6874,4,4
6875,2,2
6876,3,6
6877,2,3
6878,2,9
6879,2,5
6880,5,7
6881,3,4
6882,3,7
6883,3,4
6884,5,3
6885,1,3
6886,1,7
6887,1,9
6888,1,7
6889,2,9
6890,4,1
6891,1,7
6892,3,8
6893,2,3
6894,1,7
6895,2,5
6896,1,9
6897,2,7
6898,2,7
6899,3,6
6900,5,2
6901,1,7
6902,5,7
6903,1,4
6904,2,2
6905,2,1
6906,2,3
6907,2,4
6908,4,1
6909,3,9
6910,1,7
6911,1,4
6912,3,1
6913,2,8
6914,1,2
6915,1,6
6916,3,8
6917,5,1
6918,5,2
6919,2,1
6920,2,2
6921,4,6
6922,4,4
6923,2,7
6924,1,6
6925,3,7
6926,3,4
6927,2,9
6928,1,9
6929,1,5
6930,1,6
6931,2,8
6932,2,4
6933,4,4
6934,2,3
6935,1,5
6936,5,1
6937,5,2
6938,4,1
6939,3,4
6940,2,3
6941,4,5
6942,2,6
6943,2,5
6944,5,3
6945,2,8
6946,5,3
6947,1,8
6948,2,8
6949,1,1
6950,3,6
6951,5,1
6952,4,5
6953,2,3
6954,1,4
6955,5,8
6956,3,1
6957,3,6
6958,5,1
6959,1,4
6960,2,3
6961,1,5
6962,2,7
6963,5,5
6964,2,3
6965,5,7
6966,1,6
6967,5,2
6968,2,9
6969,5,6
6970,5,5
6971,2,1
6972,1,4
6973,4,4
6974,3,5
6975,2,6
6976,3,3
6977,1,8
6978,4,2
6979,2,9
6980,3,7
6981,1,1
6982,2,4
6983,5,9
6984,2,7
6985,2,1
6986,5,1
6987,1,7
6988,2,8
6989,1,4
6990,3,5
6991,2,2
6992,3,3
6993,2,1
6994,2,6
6995,2,6
6996,2,3
6997,1,1
6998,2,9
6999,4,3
7000,3,9
7001,2,7
7002,1,5
7003,3,5
7004,5,5
7005,1,5
7006,2,5
7007,2,9
7008,5,5
7009,3,3
7010,1,1
7011,5,5
7012,5,1
7013,2,3
7014,5,3
7015,1,8
7016,1,3
7017,3,5
7018,3,3
7019,2,5
7020,3,9
7021,3,6
7022,1,9
7023,2,5
7024,2,4
7025,2,4
7026,4,7
7027,4,3
7028,5,1
7029,5,5
7030,5,6
7031,2,1
7032,2,8
7033,2,7
7034,2,9
7035,2,9
7036,4,7
7037,2,1
7038,1,5
7039,5,9
7040,4,9
7041,1,8
7042,3,4
7043,2,1
7044,3,4
7045,2,3
7046,1,6
7047,1,1
7048,4,1
7049,1,2
7050,2,4
7051,2,9
7052,5,6
7053,1,1
7054,1,1
7055,5,4
7056,1,8
7057,1,7
7058,2,7
7059,1,4
7060,3,7
7061,5,1
7062,2,2
7063,1,4
7064,2,9
7065,1,2
7066,3,1
7067,2,6
7068,1,8
7069,2,2
7070,3,1
7071,2,2
7072,2,9
7073,4,5
7074,2,2
7075,1,6
7076,1,1
7077,4,8
7078,2,8
7079,3,3
7080,1,2
7081,3,3
7082,5,1
7083,4,7
7084,3,3
7085,5,1
7086,2,3
7087,2,7
7088,1,6
7089,1,2
7090,3,4
7091,2,9
7092,1,5
7093,5,4
7094,2,8
7095,2,1
7096,3,1
7097,2,9
7098,3,6
7099,3,6
7100,1,2
7101,2,5
7102,3,8
7103,3,9
7104,2,4
7105,2,9
7106,2,6
7107,1,5
7108,2,4
7109,3,2
7110,1,3
7111,2,1
7112,2,7
7113,1,9
7114,2,4
7115,5,5
7116,2,8
7117,5,2
7118,4,5
7119,3,9
7120,5,6
7121,2,1
7122,1,9
7123,3,2
7124,2,7
7125,3,7
7126,2,7
7127,5,4
7128,2,3
7129,3,9
7130,2,4
7131,1,1
7132,3,7
7133,2,4
7134,3,9
7135,2,1
7136,2,7
7137,4,3
7138,1,8
7139,5,2
7140,2,5
7141,4,4
7142,5,2
7143,2,3
7144,5,6
7145,2,5
7146,3,3
7147,1,6
7148,5,4
7149,2,3
7150,2,9
7151,1,9
7152,1,9
7153,2,3
7154,2,3
7155,5,9
7156,1,6
7157,5,2
7158,2,1
7159,3,7
7160,3,9
7161,2,8
7162,1,4
7163,2,6
7164,2,9
7165,1,4
7166,5,9
7167,4,2
7168,1,4
7169,5,4
7170,2,5
7171,4,9
7172,1,3
7173,2,3
7174,2,4
7175,5,9
7176,5,9
7177,3,7
7178,2,7
7179,3,1
7180,2,9
7181,1,5
7182,5,4
7183,5,8
7184,4,1
7185,1,7
7186,1,7
7187,2,7
7188,4,6
7189,3,7
7190,1,9
7191,2,4
7192,1,6
7193,3,3
7194,2,5
7195,4,2
7196,2,4
7197,4,8
7198,3,1
7199,2,5
7200,2,8
7201,5,3
7202,5,6
7203,1,9
7204,3,5
7205,2,7
7206,3,8
7207,1,4
7208,1,2
7209,2,5
7210,2,4
7211,1,3
7212,2,8
7213,4,4
7214,1,2
7215,5,6
7216,5,4
7217,2,7
7218,1,8
7219,2,4
7220,1,1
7221,2,4
7222,1,8
7223,4,1
7224,1,3
7225,1,5
7226,3,3
7227,2,6
7228,2,7
7229,5,9
7230,2,1
7231,5,4
7232,2,7
7233,4,7
7234,3,9
7235,2,7
7236,2,8
7237,1,6
7238,2,3
7239,1,3
7240,2,6
7241,2,7
7242,4,5
7243,1,4
7244,2,5
7245,4,9
7246,2,7
7247,2,6
7248,2,3
7249,2,1
7250,5,6
7251,1,2
7252,3,1
7253,2,2
7254,2,6
7255,2,7
7256,2,8
7257,2,8
7258,2,4
7259,3,4
7260,4,7
7261,3,4
7262,4,9
7263,1,7
7264,3,3
7265,2,8
7266,2,3
7267,1,9
7268,2,6
7269,5,7
7270,5,3
7271,2,8
7272,1,5
7273,1,9
7274,2,3
7275,5,3
7276,2,9
7277,1,7
7278,3,7
7279,2,4
7280,3,6
7281,2,4
7282,3,9
7283,2,5
7284,4,6
7285,1,8
7286,1,1
7287,2,8
7288,2,5
7289,2,3
7290,2,4
7291,1,6
7292,1,3
7293,1,4
7294,3,6
7295,1,3
7296,3,4
7297,2,9
7298,5,4
7299,3,5
7300,4,6
7301,2,9
7302,2,5
7303,3,9
7304,2,4
7305,2,7
7306,1,2
7307,2,7
7308,1,8
7309,1,1
7310,1,5
7311,1,6
7312,2,9
7313,1,6
7314,3,2
7315,2,2
7316,3,1
7317,2,9
7318,1,3
7319,3,6
7320,2,5
7321,1,7
7322,1,6
7323,1,7
7324,2,9
7325,5,8
7326,5,3
7327,2,7
7328,3,9
7329,5,5
7330,2,6
7331,1,3
7332,1,4
7333,1,9
7334,5,9
7335,2,7
7336,5,6
7337,2,1
7338,3,3
7339,5,5
7340,3,5
7341,3,9
7342,4,7
7343,4,2
7344,1,2
7345,5,9
7346,2,5
7347,4,3
7348,2,6
7349,1,2
7350,2,8
7351,2,5
7352,3,2
7353,2,7
7354,5,8
7355,3,5
7356,1,7
7357,5,4
7358,5,7
7359,3,1
7360,2,4
7361,2,3
7362,3,7
7363,2,1
7364,1,4
7365,2,6
7366,3,6
7367,2,9
7368,1,7
7369,2,9
7370,1,1
7371,2,2
7372,2,6
7373,1,3
7374,2,5
7375,5,5
7376,2,6
7377,1,8
7378,5,4
7379,2,1
7380,2,2
7381,2,2
7382,1,7
7383,3,8
7384,2,7
7385,1,7
7386,5,7
7387,2,2
7388,1,1
7389,3,6
7390,1,6
7391,2,6
7392,3,4
7393,2,9
7394,2,6
7395,2,6
7396,2,3
7397,2,5
7398,5,4
7399,3,4
7400,2,3
7401,3,3
7402,2,6
7403,5,9
7404,3,1
7405,4,8
7406,1,7
7407,2,3
7408,1,1
7409,2,5
7410,4,9
7411,3,9
7412,1,9
7413,2,4
7414,2,1
7415,1,3
7416,1,6
7417,3,3
7418,2,2
7419,5,1
7420,1,7
7421,2,5
7422,1,6
7423,3,9
7424,2,6
7425,4,1
7426,3,6
7427,5,6
7428,2,5
7429,2,6
7430,1,4
7431,1,1
7432,2,4
7433,1,5
7434,1,7
7435,1,6
7436,3,1
7437,2,2
7438,2,4
7439,2,2
7440,2,1
7441,2,1
7442,2,7
7443,2,3
7444,2,7
7445,1,1
7446,2,8
7447,2,1
7448,2,3
7449,1,1
7450,1,2
7451,2,9
7452,1,2
7453,1,6
7454,1,8
7455,5,9
7456,2,9
7457,1,9
7458,4,9
7459,2,9
7460,2,3
7461,5,3
7462,4,5
7463,2,5
7464,3,6
7465,1,2
7466,5,3
7467,2,3
7468,5,5
7469,2,9
7470,2,3
7471,2,5
7472,5,8
7473,2,1
7474,2,5
7475,2,4
7476,2,7
7477,1,3
7478,2,2
7479,3,4
7480,2,4
7481,5,9
7482,5,4
7483,1,5
7484,5,6
7485,2,2
7486,3,6
7487,5,3
7488,1,9
7489,2,7
7490,2,3
7491,2,8
7492,5,6
7493,3,2
7494,2,8
7495,2,7
7496,2,7
7497,2,9
7498,4,3
7499,2,1
7500,1,3
7501,4,6
7502,2,1
7503,3,8
7504,3,3
7505,2,6
7506,2,2
7507,4,8
7508,1,5
7509,1,7
7510,1,1
7511,3,8
7512,3,4
7513,1,9
7514,2,7
7515,1,6
7516,1,7
7517,5,4
7518,5,2
7519,1,6
7520,2,9
7521,1,9
7522,2,2
7523,3,4
7524,2,4
7525,5,4
7526,2,9
7527,2,3
7528,2,8
7529,2,3
7530,1,5
7531,3,1
7532,1,1
7533,2,7
7534,2,8
7535,2,9
7536,1,4
7537,2,5
7538,2,5
7539,1,5
7540,3,7
7541,1,4
7542,1,4
7543,2,2
7544,5,7
7545,1,7
7546,1,6
7547,4,2
7548,2,9
7549,2,7
7550,1,3
7551,3,3
7552,1,6
7553,5,3
7554,3,2
7555,3,5
7556,3,3
7557,1,1
7558,1,4
7559,2,1
7560,1,1
7561,1,8
7562,2,5
7563,5,1
7564,5,2
7565,1,2
7566,4,4
7567,3,5
7568,2,1
7569,5,7
7570,2,1
7571,1,9
7572,4,3
7573,5,8
7574,5,2
7575,2,1
7576,5,8
7577,1,7
7578,1,9
7579,3,3
7580,5,6
7581,4,8
7582,5,4
7583,5,2
7584,1,7
7585,1,3
7586,5,3
7587,5,7
7588,2,8
7589,1,5
7590,5,7
7591,5,1
7592,3,3
7593,2,9
7594,2,1
7595,2,5
7596,1,1
7597,5,6
7598,1,4
7599,2,6
7600,5,4
7601,1,7
7602,2,4
7603,2,7
7604,1,6
7605,2,4
7606,3,9
7607,2,4
7608,1,1
7609,4,5
7610,2,9
7611,2,1
7612,1,1
7613,2,1
7614,2,5
7615,3,6
7616,1,7
7617,2,1
7618,1,3
7619,5,9
7620,1,5
7621,1,6
7622,5,2
7623,1,8
7624,4,8
7625,1,5
7626,2,3
7627,2,9
7628,2,7
7629,5,1
7630,2,7
7631,2,4
7632,5,8
7633,2,6
7634,1,4
7635,5,3
7636,2,4
7637,3,5
7638,1,2
7639,5,7
7640,1,8
7641,5,6
7642,2,9
7643,5,2
7644,1,4
7645,5,1
7646,5,5
7647,2,7
7648,1,5
7649,2,1
7650,1,1
7651,2,2
7652,3,9
7653,1,8
7654,5,2
7655,3,1
7656,1,3
7657,5,9
7658,5,4
7659,5,5
7660,2,1
7661,3,3
7662,4,6
7663,2,7
7664,2,6
7665,3,7
7666,2,3
7667,2,8
7668,2,1
7669,3,3
7670,5,4
7671,3,2
7672,3,1
7673,1,2
7674,5,8
7675,1,8
7676,2,2
7677,3,8
7678,3,6
7679,2,8
7680,5,9
7681,3,8
7682,1,7
7683,5,8
7684,3,3
7685,2,4
7686,1,6
7687,1,3
7688,1,9
7689,2,2
7690,4,6
7691,2,5
7692,2,9
7693,2,1
7694,2,3
7695,1,4
7696,1,8
7697,5,8
7698,2,8
7699,2,2
7700,2,8
7701,2,2
7702,3,3
7703,1,8
7704,1,7
7705,2,4
7706,1,8
7707,5,8
7708,3,6
7709,1,8
7710,1,6
7711,3,9
7712,3,9
7713,2,1
7714,1,1
7715,1,6
7716,2,7
7717,3,9
7718,4,1
7719,3,3
7720,2,1
7721,2,7
7722,2,7
7723,3,2
7724,5,2
7725,3,8
7726,1,7
7727,1,5
7728,4,6
7729,3,7
7730,2,6
7731,5,7
7732,5,9
7733,2,5
7734,3,8
7735,2,6
7736,3,6
7737,3,8
7738,2,7
7739,2,2
7740,2,2
7741,1,4
7742,2,7
7743,4,9
7744,5,8
7745,1,7
7746,2,3
7747,2,7
7748,1,8
7749,1,5
7750,3,2
7751,1,3
7752,2,9
7753,1,2
7754,5,7
7755,5,8
7756,1,6
7757,4,3
7758,5,1
7759,1,5
7760,2,1
7761,5,9
7762,5,2
7763,3,9
7764,1,7
7765,3,6
7766,5,4
7767,2,8
7768,4,9
7769,4,1
7770,2,6
7771,4,6
7772,1,3
7773,1,5
7774,5,1
7775,1,2
7776,2,8
7777,2,2
7778,4,3
7779,3,8
7780,2,9
7781,3,9
7782,3,2
7783,3,5
7784,2,8
7785,1,4
7786,3,9
7787,4,5
7788,1,6
7789,2,1
7790,4,9
7791,3,8
7792,2,4
7793,3,2
7794,2,9
7795,1,3
7796,1,3
7797,5,2
7798,5,4
7799,2,3
7800,1,9
7801,2,1
7802,3,9
7803,1,6
7804,2,6
7805,1,1
7806,5,9
7807,2,3
7808,2,7
7809,1,6
7810,1,5
7811,1,1
7812,3,5
7813,3,1
7814,1,6
7815,2,7
7816,5,7
7817,2,1
7818,2,4
7819,1,8
7820,1,1
7821,5,7
7822,5,7
7823,2,1
7824,5,5
7825,2,1
7826,1,7
7827,2,6
7828,4,1
7829,1,8
7830,1,9
7831,1,3
7832,4,7
7833,5,2
7834,1,9
7835,5,3
7836,1,2
7837,1,4
7838,2,4
7839,1,7
7840,2,8
7841,4,7
7842,3,1
7843,1,2
7844,3,3
7845,2,9
7846,2,2
7847,1,8
7848,3,3
7849,2,7
7850,1,9
7851,2,2
7852,2,4
7853,5,2
7854,5,7
7855,1,7
7856,4,2
7857,1,1
7858,3,3
7859,3,7
7860,1,8
7861,3,6
7862,2,5
7863,5,7
7864,1,7
7865,2,8
7866,4,7
7867,5,5
7868,2,7
7869,1,1
7870,1,7
7871,2,1
7872,2,7
7873,2,5
7874,5,8
7875,2,5
7876,5,2
7877,2,8
7878,5,7
7879,1,7
7880,3,3
7881,2,9
7882,1,4
7883,4,8
7884,5,9
7885,1,1
7886,2,6
7887,3,4
7888,1,2
7889,5,6
7890,5,9
7891,4,4
7892,2,2
7893,1,2
7894,2,9
7895,2,6
7896,1,4
7897,5,2
7898,1,6
7899,2,8
7900,5,8
7901,3,5
7902,1,2
7903,5,3
7904,2,3
7905,5,1
7906,1,6
7907,2,7
7908,2,4
7909,1,4
7910,3,2
7911,5,7
7912,2,7
7913,2,9
7914,1,1
7915,2,7
7916,3,8
7917,2,4
7918,1,4
7919,1,8
7920,4,8
7921,1,4
7922,2,4
7923,4,3
7924,2,7
7925,1,9
7926,4,3
7927,2,6
7928,2,7
7929,2,2
7930,2,3
7931,2,2
7932,5,1
7933,3,6
7934,2,9
7935,2,3
7936,4,3
7937,3,1
7938,2,1
7939,1,3
7940,2,7
7941,2,9
7942,1,1
7943,4,2
7944,2,6
7945,2,3
7946,2,8
7947,2,9
7948,2,2
7949,1,1
7950,2,9
7951,3,8
7952,5,9
7953,3,5
7954,2,5
7955,1,4
7956,5,1
7957,3,6
7958,4,6
7959,1,7
7960,5,7
7961,3,2
7962,5,5
7963,4,3
7964,3,6
7965,2,4
7966,2,2
7967,5,8
7968,5,6
7969,2,1
7970,2,6
7971,1,7
7972,1,6
7973,2,2
7974,2,7
7975,5,4
7976,5,4
7977,1,3
7978,1,4
7979,5,1
7980,5,6
7981,1,2
7982,4,3
7983,1,4
7984,1,5
7985,2,7
7986,4,7
7987,1,5
7988,5,4
7989,2,8
7990,2,8
7991,4,5
7992,3,3
7993,1,7
7994,1,3
7995,1,7
7996,2,1
7997,4,2
7998,1,8
7999,3,3
8000,2,8
8001,5,2
8002,3,6
8003,2,4
8004,2,9
8005,3,6
8006,1,4
8007,1,1
8008,5,7
8009,2,9
8010,3,5
8011,5,7
8012,1,8
8013,5,7
8014,2,6
8015,1,2
8016,3,5
8017,5,1
8018,1,4
8019,2,7
8020,2,9
8021,2,2
8022,1,9
8023,1,4
8024,1,7
8025,3,6
8026,5,1
8027,2,4
8028,3,3
8029,2,7
8030,3,7
8031,3,8
8032,5,2
8033,2,6
8034,5,7
8035,5,1
8036,5,4
8037,1,4
8038,3,7
8039,4,6
8040,2,8
8041,5,7
8042,1,3
8043,1,5
8044,2,9
8045,2,9
8046,2,4
8047,5,1
8048,2,7
8049,2,9
8050,2,9
8051,1,9
8052,1,5
8053,3,9
8054,1,7
8055,2,7
8056,1,4
8057,1,1
8058,1,9
8059,1,3
8060,3,1
8061,4,4
8062,3,4
8063,3,5
8064,3,7
8065,2,1
8066,2,2
8067,2,4
8068,2,9
8069,2,8
8070,3,1
8071,1,2
8072,5,2
8073,5,7
8074,2,7
8075,2,1
8076,1,9
8077,3,8
8078,3,8
8079,4,3
8080,1,7
8081,2,1
8082,1,5
8083,2,4
8084,2,3
8085,1,2
8086,2,8
8087,5,4
8088,2,5
8089,2,1
8090,1,3
8091,1,2
8092,2,7
8093,1,5
8094,4,6
8095,5,6
8096,4,3
8097,5,4
8098,3,6
8099,5,2
8100,1,1
8101,2,5
8102,4,6
8103,1,4
8104,3,7
8105,1,2
8106,2,2
8107,2,7
8108,5,8
8109,5,2
8110,1,2
8111,2,4
8112,1,7
8113,2,5
8114,5,5
8115,2,2
8116,2,4
8117,3,4
8118,2,6
8119,2,5
8120,2,8
8121,3,9
8122,2,2
8123,2,9
8124,2,9
8125,2,3
8126,4,7
8127,2,6
8128,2,7
8129,3,7
8130,1,6
8131,3,6
8132,1,7
8133,2,9
8134,1,7
8135,1,2
8136,1,3
8137,5,7
8138,4,4
8139,3,6
8140,2,6
8141,3,2
8142,2,4
8143,5,6
8144,1,4
8145,5,7
8146,4,9
8147,3,2
8148,1,7
8149,5,7
8150,4,7
8151,3,7
8152,1,6
8153,1,3
8154,2,1
8155,1,2
8156,1,2
8157,4,9
8158,2,9
8159,5,7
8160,4,7
8161,2,8
8162,1,4
8163,2,8
8164,1,1
8165,2,8
8166,1,2
8167,5,4
8168,4,5
8169,2,7
8170,2,3
8171,5,7
8172,1,6
8173,2,1
8174,5,9
8175,5,3
8176,3,8
8177,5,1
8178,1,7
8179,2,2
8180,2,9
8181,1,8
8182,1,9
8183,4,5
8184,4,3
8185,1,9
8186,2,2
8187,1,6
8188,1,1
8189,5,9
8190,3,7
8191,4,3
8192,1,3
8193,2,9
8194,3,9
8195,5,3
8196,2,8
8197,2,7
8198,2,4
8199,2,3
8200,2,8
8201,5,3
8202,4,9
8203,2,9
8204,3,3
8205,1,6
8206,4,1
8207,2,8
8208,1,5
8209,2,8
8210,5,3
8211,1,6
8212,1,1
8213,2,8
8214,3,2
8215,2,4
8216,5,1
8217,2,1
8218,4,1
8219,4,4
8220,2,6
8221,3,5
8222,2,8
8223,5,1
8224,1,4
8225,1,4
8226,2,3
8227,1,2
8228,5,1
8229,3,1
8230,4,5
8231,3,4
8232,2,5
8233,1,8
8234,2,7
8235,2,2
8236,1,7
8237,2,6
8238,2,1
8239,2,8
8240,1,9
8241,5,8
8242,3,2
8243,1,8
8244,3,4
8245,2,3
8246,2,9
8247,5,9
8248,5,8
8249,5,4
8250,5,4
8251,2,2
8252,3,3
8253,2,8
8254,3,8
8255,5,9
8256,2,9
8257,5,2
8258,5,4
8259,3,4
8260,1,7
8261,3,1
8262,3,8
8263,5,7
8264,2,2
8265,2,3
8266,2,2
8267,5,9
8268,4,8
8269,2,9
8270,1,1
8271,2,8
8272,4,9
8273,3,8
8274,5,3
8275,3,8
8276,3,4
8277,5,3
8278,2,8
8279,4,7
8280,3,1
8281,1,7
8282,2,7
8283,3,7
8284,2,6
8285,5,1
8286,4,9
8287,1,3
8288,3,9
8289,1,8
8290,5,4
8291,1,1
8292,2,9
8293,5,3
8294,5,2
8295,3,2
8296,4,6
8297,3,2
8298,1,2
8299,5,6
8300,2,5
8301,2,6
8302,1,6
8303,1,5
8304,5,4
8305,2,8
8306,4,1
8307,2,1
8308,4,4
8309,5,4
8310,1,5
8311,1,4
8312,1,7
8313,1,2
8314,3,3
8315,3,4
8316,2,8
8317,4,4
8318,2,1
8319,2,2
8320,5,6
8321,2,2
8322,1,5
8323,3,6
8324,1,2
8325,1,2
8326,1,4
8327,5,3
8328,1,8
8329,2,2
8330,3,3
8331,5,5
8332,5,4
8333,2,3
8334,1,7
8335,2,1
8336,2,2
8337,1,5
8338,2,4
8339,2,9
8340,5,9
8341,1,4
8342,1,6
8343,2,7
8344,2,1
8345,1,1
8346,2,6
8347,1,7
8348,2,7
8349,2,1
8350,2,6
8351,2,5
8352,2,6
8353,2,1
8354,1,7
8355,1,9
8356,2,1
8357,2,4
8358,1,2
8359,3,9
8360,2,2
8361,2,1
8362,2,4
8363,2,9
8364,5,5
8365,5,8
8366,1,1
8367,5,2
8368,2,6
8369,1,2
8370,1,7
8371,5,2
8372,3,2
8373,1,6
8374,4,9
8375,2,6
8376,1,6
8377,5,4
8378,5,7
8379,4,8
8380,3,8
8381,2,8
8382,1,8
8383,5,8
8384,1,9
8385,1,3
8386,2,5
8387,1,3
8388,1,1
8389,5,9
8390,2,5
8391,1,7
8392,4,6
8393,1,8
8394,4,8
8395,5,2
8396,2,9
8397,1,5
8398,2,8
8399,5,9
8400,4,7
8401,5,2
8402,1,8
8403,1,5
8404,4,1
8405,2,6
8406,2,3
8407,2,7
8408,5,1
8409,3,2
8410,2,1
8411,1,6
8412,5,9
8413,2,8
8414,2,1
8415,5,6
8416,2,6
8417,2,4
8418,5,4
8419,2,9
8420,1,9
8421,4,8
8422,1,9
8423,2,2
8424,2,2
8425,1,8
8426,2,9
8427,3,4
8428,4,1
8429,5,3
8430,1,7
8431,3,7
8432,2,1
8433,2,5
8434,1,7
8435,4,5
8436,2,8
8437,2,1
8438,5,4
8439,1,9
8440,2,5
8441,2,8
8442,5,7
8443,1,3
8444,1,3
8445,4,8
8446,3,5
8447,2,5
8448,2,1
8449,2,2
8450,2,7
8451,4,8
8452,1,1
8453,2,1
8454,2,6
8455,2,1
8456,5,5
8457,2,8
8458,5,4
8459,4,4
8460,4,2
8461,1,3
8462,1,2
8463,4,5
8464,4,5
8465,2,7
8466,1,8
8467,2,3
8468,2,6
8469,1,2
8470,1,1
8471,1,8
8472,3,1
8473,3,1
8474,1,6
8475,3,7
8476,1,1
8477,2,8
8478,2,8
8479,2,1
8480,2,8
8481,1,3
8482,4,2
8483,1,4
8484,2,3
8485,5,4
8486,1,4
8487,5,8
8488,4,6
8489,2,2
8490,5,7
8491,1,5
8492,1,4
8493,2,2
8494,2,2
8495,2,1
8496,3,7
8497,4,6
8498,3,9
8499,3,2
8500,2,2
8501,1,9
8502,2,1
8503,1,5
8504,2,7
8505,3,5
8506,5,5
8507,2,3
8508,2,1
8509,3,7
8510,3,8
8511,2,4
8512,1,6
8513,4,9
8514,2,1
8515,5,5
8516,3,9
8517,5,2
8518,5,7
8519,2,1
8520,3,4
8521,2,1
8522,2,2
8523,5,4
8524,3,2
8525,2,1
8526,2,5
8527,5,3
8528,2,3
8529,3,4
8530,2,7
8531,4,5
8532,3,4
8533,1,3
8534,3,2
8535,2,2
8536,5,2
8537,4,7
8538,3,2
8539,4,2
8540,2,9
8541,2,3
8542,3,9
8543,2,3
8544,1,5
8545,5,7
8546,4,3
8547,5,7
8548,3,9
8549,1,8
8550,5,9
8551,4,9
8552,3,5
8553,1,5
8554,2,4
8555,2,9
8556,2,9
8557,4,9
8558,5,4
8559,2,4
8560,2,1
8561,1,6
8562,5,1
8563,3,1
8564,3,1
8565,3,7
8566,2,5
8567,2,7
8568,1,4
8569,2,5
8570,2,4
8571,3,7
8572,1,8
8573,3,8
8574,1,8
8575,3,6
8576,2,9
8577,3,7
8578,1,9
8579,5,2
8580,1,6
8581,2,2
8582,2,4
8583,3,3
8584,2,6
8585,1,9
8586,4,3
8587,3,1
8588,2,3
8589,2,3
8590,1,2
8591,2,2
8592,3,3
8593,2,5
8594,2,7
8595,1,1
8596,1,2
8597,5,1
8598,2,4
8599,1,1
8600,3,7
8601,5,5
8602,2,8
8603,2,8
8604,1,8
8605,2,7
8606,1,5
8607,3,1
8608,1,7
8609,2,4
8610,2,9
8611,4,9
8612,1,1
8613,1,2
8614,4,5
8615,1,8
8616,1,2
8617,2,1
8618,2,6
8619,2,1
8620,4,1
8621,2,7
8622,2,5
8623,5,9
8624,2,8
8625,1,9
8626,1,8
8627,2,1
8628,2,5
8629,3,7
8630,2,7
8631,1,1
8632,5,9
8633,3,7
8634,2,2
8635,2,2
8636,4,5
8637,5,2
8638,2,6
8639,5,5
8640,2,3
8641,1,6
8642,3,6
8643,3,4
8644,1,9
8645,2,7
8646,2,6
8647,1,4
8648,1,5
8649,1,9
8650,1,8
8651,3,4
8652,3,7
8653,5,8
8654,3,4
8655,5,7
8656,1,4
8657,3,6
8658,1,6
8659,4,2
8660,4,3
8661,1,2
8662,1,4
8663,5,3
8664,2,1
8665,2,6
8666,5,4
8667,4,6
8668,2,8
8669,2,2
8670,3,9
8671,2,6
8672,2,7
8673,2,8
8674,5,7
8675,2,7
8676,1,4
8677,1,2
8678,2,7
8679,5,6
8680,2,1
8681,1,8
8682,2,4
8683,5,5
8684,2,2
8685,5,4
8686,5,2
8687,1,3
8688,1,3
8689,5,9
8690,1,6
8691,1,6
8692,1,4
8693,2,7
8694,2,7
8695,3,1
8696,3,6
8697,2,6
8698,1,3
8699,2,9
8700,2,1
8701,3,2
8702,2,2
8703,5,6
8704,5,2
8705,1,4
8706,2,6
8707,2,9
8708,2,7
8709,2,9
8710,3,5
8711,2,8
8712,2,5
8713,3,7
8714,4,1
8715,3,8
8716,2,6
8717,2,7
8718,2,5
8719,2,8
8720,3,1
8721,2,3
8722,2,4
8723,2,7
8724,4,8
8725,4,7
8726,1,5
8727,2,4
8728,2,9
8729,2,2
8730,5,3
8731,1,9
8732,3,6
8733,2,3
8734,1,5
8735,3,8
8736,2,9
8737,3,3
8738,1,6
8739,2,8
8740,5,3
8741,5,5
8742,1,8
8743,1,7
8744,1,2
8745,2,7
8746,3,1
8747,5,7
8748,2,4
8749,3,3
8750,2,9
8751,2,2
8752,3,1
8753,3,9
8754,2,7
8755,1,5
8756,3,4
8757,2,7
8758,1,2
8759,4,8
8760,4,5
8761,1,4
8762,2,4
8763,2,9
8764,3,4
8765,3,1
8766,1,3
8767,3,8
8768,1,5
8769,2,6
8770,1,1
8771,2,9
8772,5,4
8773,5,7
8774,2,6
8775,4,1
8776,1,7
8777,5,8
8778,2,6
8779,4,1
8780,1,7
8781,3,7
8782,5,8
8783,5,9
8784,2,6
8785,1,3
8786,4,7
8787,2,8
8788,3,3
8789,5,6
8790,5,5
8791,1,6
8792,1,4
8793,1,8
8794,2,8
8795,1,8
8796,2,6
8797,1,5
8798,4,8
8799,2,4
8800,4,3
8801,5,9
8802,2,5
8803,1,4
8804,2,4
8805,2,1
8806,4,8
8807,5,5
8808,1,1
8809,1,6
8810,3,9
8811,2,8
8812,3,3
8813,1,6
8814,3,9
8815,1,1
8816,5,8
8817,1,9
8818,2,1
8819,1,3
8820,2,8
8821,3,4
8822,5,8
8823,3,7
8824,2,5
8825,5,5
8826,4,8
8827,2,2
8828,5,9
8829,2,5
8830,3,7
8831,1,1
8832,3,7
8833,2,5
8834,5,6
8835,2,7
8836,3,9
8837,2,5
8838,1,1
8839,2,2
8840,2,2
8841,1,5
8842,1,5
8843,3,5
8844,3,5
8845,2,7
8846,2,2
8847,2,9
8848,2,5
8849,4,9
8850,5,3
8851,1,4
8852,2,4
8853,5,4
8854,2,6
8855,3,7
8856,1,4
8857,2,1
8858,5,5
8859,2,1
8860,2,9
8861,2,2
8862,2,1
8863,1,8
8864,1,1
8865,3,5
8866,5,7
8867,2,4
8868,2,5
8869,4,9
8870,2,2
8871,5,2
8872,1,2
8873,2,4
8874,1,6
8875,3,2
8876,1,3
8877,2,9
8878,5,5
8879,2,5
8880,2,8
8881,5,7
8882,1,5
8883,3,8
8884,4,1
8885,1,2
8886,2,5
8887,3,6
8888,1,1
8889,1,7
8890,3,8
8891,4,8
8892,2,1
8893,2,5
8894,4,8
8895,2,6
8896,5,5
8897,2,7
8898,2,1
8899,2,3
8900,3,2
8901,2,5
8902,2,7
8903,2,3
8904,3,8
8905,5,6
8906,4,8
8907,2,2
8908,4,6
8909,2,7
8910,2,8
8911,2,3
8912,5,8
8913,3,7
8914,3,7
8915,5,3
8916,2,3
8917,4,4
8918,2,9
8919,2,6
8920,2,6
8921,1,1
8922,1,5
8923,2,2
8924,5,1
8925,3,1
8926,2,7
8927,1,7
8928,1,4
8929,3,4
8930,5,4
8931,3,5
8932,5,7
8933,2,6
8934,1,5
8935,5,6
8936,1,2
8937,3,9
8938,1,9
8939,4,5
8940,1,3
8941,2,5
8942,3,1
8943,2,2
8944,5,5
8945,3,3
8946,2,2
8947,1,9
8948,1,3
8949,3,4
8950,3,5
8951,1,6
8952,3,5
8953,1,5
8954,1,6
8955,3,5
8956,3,8
8957,1,3
8958,1,2
8959,4,1
8960,4,6
8961,4,4
8962,3,1
8963,1,9
8964,2,5
8965,5,4
8966,2,2
8967,2,7
8968,2,6
8969,3,4
8970,2,6
8971,1,8
8972,2,8
8973,1,2
8974,5,3
8975,5,2
8976,2,6
8977,2,2
8978,2,7
8979,2,2
8980,5,4
8981,1,3
8982,3,8
8983,1,1
8984,2,6
8985,3,1
8986,5,5
8987,2,2
8988,2,3
8989,5,2
8990,2,6
8991,3,5
8992,1,6
8993,4,4
8994,1,4
8995,2,6
8996,2,6
8997,1,7
8998,3,5
8999,2,4
9000,2,3
9001,1,7
9002,4,9
9003,2,3
9004,2,8
9005,2,9
9006,2,5
9007,2,8
9008,5,7
9009,1,5
9010,5,3
9011,1,2
9012,2,4
9013,2,6
9014,5,4
9015,2,3
9016,2,5
9017,2,2
9018,2,9
9019,1,5
9020,2,7
9021,2,9
9022,2,4
9023,3,7
9024,1,3
9025,2,1
9026,5,9
9027,2,3
9028,5,8
9029,3,2
9030,5,7
9031,1,9
9032,2,5
9033,4,7
9034,1,5
9035,3,8
9036,2,5
9037,1,2
9038,1,7
9039,5,6
9040,1,5
9041,5,2
9042,1,8
9043,1,7
9044,5,3
9045,2,6
9046,1,6
9047,2,3
9048,1,9
9049,2,4
9050,1,6
9051,3,5
9052,1,5
9053,3,5
9054,3,8
9055,2,7
9056,4,8
9057,5,4
9058,5,3
9059,1,8
9060,3,3
9061,4,8
9062,2,7
9063,2,1
9064,3,7
9065,1,5
9066,2,6
9067,1,4
9068,5,1
9069,2,8
9070,1,9
9071,2,2
9072,1,2
9073,5,2
9074,5,9
9075,2,1
9076,3,5
9077,5,6
9078,3,9
9079,2,4
9080,4,2
9081,2,6
9082,3,5
9083,5,9
9084,4,1
9085,2,8
9086,2,6
9087,5,8
9088,4,2
9089,2,3
9090,5,3
9091,1,3
9092,3,1
9093,5,8
9094,2,9
9095,1,2
9096,2,7
9097,1,9
9098,5,8
9099,2,8
9100,4,7
9101,1,1
9102,1,5
9103,4,5
9104,4,9
9105,5,1
9106,2,6
9107,2,4
9108,5,4
9109,1,5
9110,3,9
9111,5,2
9112,2,5
9113,2,3
9114,3,5
9115,2,9
9116,1,3
9117,3,3
9118,4,4
9119,3,5
9120,1,2
9121,2,4
9122,2,6
9123,2,5
9124,3,4
9125,3,8
9126,1,5
9127,2,1
9128,4,6
9129,1,1
9130,1,7
9131,2,5
9132,1,5
9133,4,7
9134,2,1
9135,3,6
9136,2,8
9137,2,5
9138,2,8
9139,5,2
9140,3,5
9141,3,8
9142,3,6
9143,1,5
9144,2,9
9145,2,8
9146,2,9
9147,1,5
9148,4,5
9149,2,7
9150,3,1
9151,1,3
9152,2,6
9153,2,3
9154,2,2
9155,2,2
9156,2,5
9157,3,3
9158,1,4
9159,3,5
9160,2,8
9161,1,3
9162,1,8
9163,2,4
9164,1,1
9165,5,9
9166,5,3
9167,2,8
9168,3,8
9169,4,9
9170,4,6
9171,3,3
9172,2,5
9173,1,9
9174,4,3
9175,3,9
9176,2,9
9177,4,7
9178,5,9
9179,1,1
9180,1,4
9181,2,6
9182,1,6
9183,2,2
9184,5,3
9185,4,3
9186,2,8
9187,4,3
9188,2,6
9189,3,3
9190,1,8
9191,2,7
9192,5,8
9193,2,3
9194,2,5
9195,1,7
9196,5,4
9197,3,4
9198,1,9
9199,2,2
9200,3,9
9201,4,5
9202,2,6
9203,2,2
9204,5,3
9205,1,8
9206,3,2
9207,2,7
9208,2,1
9209,3,6
9210,3,5
9211,5,7
9212,1,4
9213,1,4
9214,3,7
9215,2,3
9216,3,5
9217,4,5
9218,1,2
9219,1,9
9220,4,9
9221,5,8
9222,3,9
9223,3,9
9224,4,7
9225,1,1
9226,5,4
9227,1,4
9228,1,2
9229,3,7
9230,4,5
9231,5,2
9232,1,9
9233,4,2
9234,3,6
9235,2,8
9236,4,1
9237,2,5
9238,2,5
9239,1,8
9240,2,2
9241,4,6
9242,1,6
9243,1,5
9244,2,2
9245,3,3
9246,1,4
9247,5,7
9248,1,9
9249,2,8
9250,2,5
9251,5,6
9252,4,5
9253,2,4
9254,2,2
9255,1,9
9256,3,2
9257,1,1
9258,1,7
9259,3,1
9260,2,6
9261,1,8
9262,2,7
9263,5,2
9264,2,1
9265,1,2
9266,3,3
9267,2,9
9268,1,5
9269,4,8
9270,2,6
9271,5,5
9272,1,6
9273,2,9
9274,2,5
9275,2,5
9276,5,8
9277,1,3
9278,5,8
9279,2,7
9280,4,9
9281,2,1
9282,2,9
9283,2,1
9284,2,6
9285,2,7
9286,5,5
9287,2,3
9288,5,2
9289,3,9
9290,2,8
9291,5,4
9292,5,2
9293,2,1
9294,4,5
9295,1,8
9296,3,4
9297,2,4
9298,2,5
9299,1,2
9300,3,6
9301,1,9
9302,1,2
9303,5,3
9304,1,7
9305,2,8
9306,2,7
9307,4,8
9308,1,3
9309,3,7
9310,3,6
9311,2,2
9312,5,3
9313,3,9
9314,2,4
9315,5,7
9316,2,2
9317,5,1
9318,5,3
9319,2,5
9320,1,4
9321,5,6
9322,2,3
9323,2,2
9324,5,6
9325,4,6
9326,3,3
9327,1,7
9328,3,5
9329,5,4
9330,2,1
9331,1,5
9332,5,8
9333,5,5
9334,2,7
9335,4,6
9336,1,1
9337,1,6
9338,1,6
9339,1,9
9340,2,1
9341,2,6
9342,2,6
9343,3,8
9344,5,3
9345,2,7
9346,2,8
9347,5,2
9348,1,7
9349,1,5
9350,4,4
9351,2,3
9352,5,2
9353,1,5
9354,2,5
9355,5,7
9356,2,3
9357,5,5
9358,2,4
9359,5,6
9360,5,9
9361,2,7
9362,1,5
9363,2,9
9364,5,2
9365,3,7
9366,5,4
9367,4,7
9368,1,3
9369,2,7
9370,2,8
9371,4,7
9372,2,6
9373,1,4
9374,1,2
9375,1,1
9376,3,7
9377,2,9
9378,3,7
9379,1,2
9380,2,9
9381,2,1
9382,2,8
9383,2,7
9384,1,2
9385,2,5
9386,4,1
9387,3,3
9388,5,7
9389,2,2
9390,3,4
9391,1,3
9392,2,9
9393,2,8
9394,2,7
9395,2,8
9396,3,9
9397,4,3
9398,5,7
9399,1,1
9400,1,4
9401,3,8
9402,1,9
9403,1,1
9404,1,7
9405,2,5
9406,2,3
9407,1,5
9408,5,8
9409,3,8
9410,1,4
9411,5,5
9412,2,2
9413,2,1
9414,2,5
9415,1,9
9416,3,1
9417,5,9
9418,3,8
9419,1,9
9420,2,8
9421,4,5
9422,3,7
9423,5,1
9424,5,5
9425,2,4
9426,5,1
9427,5,9
9428,1,8
9429,2,9
9430,1,4
9431,3,8
9432,2,3
9433,2,6
9434,5,3
9435,1,8
9436,4,8
9437,2,4
9438,1,8
9439,4,4
9440,2,8
9441,2,1
9442,1,5
9443,1,2
9444,1,9
9445,1,5
9446,5,5
9447,1,2
9448,2,9
9449,2,4
9450,5,7
9451,3,9
9452,1,8
9453,2,4
9454,2,4
9455,2,7
9456,1,2
9457,5,8
9458,2,5
9459,2,1
9460,1,2
9461,2,5
9462,5,7
9463,1,4
9464,4,1
9465,4,7
9466,4,6
9467,2,2
9468,3,3
9469,2,9
9470,5,7
9471,4,7
9472,2,2
9473,4,9
9474,2,8
9475,1,2
9476,1,1
9477,2,6
9478,4,4
9479,1,5
9480,3,5
9481,2,3
9482,1,7
9483,2,1
9484,2,7
9485,2,3
9486,1,1
9487,2,8
9488,3,4
9489,2,5
9490,1,3
9491,2,3
9492,2,7
9493,2,1
9494,4,5
9495,2,7
9496,2,6
9497,1,9
9498,3,8
9499,2,1
9500,1,6
9501,2,9
9502,3,9
9503,2,4
9504,1,6
9505,2,8
9506,2,2
9507,2,1
9508,2,6
9509,3,2
9510,2,5
9511,5,9
9512,1,1
9513,2,1
9514,4,3
9515,2,9
9516,2,6
9517,2,7
9518,1,8
9519,3,1
9520,5,2
9521,5,8
9522,1,2
9523,4,7
9524,2,9
9525,3,8
9526,5,3
9527,3,9
9528,4,5
9529,2,2
9530,2,4
9531,3,6
9532,4,3
9533,3,7
9534,1,8
9535,4,7
9536,2,9
9537,3,1
9538,5,5
9539,1,9
9540,1,4
9541,3,4
9542,1,9
9543,2,2
9544,4,2
9545,2,4
9546,4,5
9547,3,1
9548,3,8
9549,3,9
9550,2,2
9551,5,9
9552,2,8
9553,2,2
9554,1,6
9555,2,3
9556,5,7
9557,2,5
9558,2,7
9559,2,8
9560,2,9
9561,2,4
9562,2,1
9563,2,7
9564,5,8
9565,5,3
9566,4,7
9567,4,5
9568,3,4
9569,1,2
9570,3,7
9571,2,3
9572,1,7
9573,2,9
9574,2,1
9575,1,1
9576,2,4
9577,2,5
9578,1,9
9579,4,9
9580,1,5
9581,3,5
9582,3,1
9583,1,1
9584,1,3
9585,4,5
9586,3,4
9587,1,9
9588,2,1
9589,2,3
9590,3,1
9591,2,2
9592,5,3
9593,4,3
9594,2,5
9595,2,6
9596,2,6
9597,4,5
9598,1,1
9599,2,4
9600,5,7
9601,1,4
9602,2,3
9603,5,4
9604,2,3
9605,5,3
9606,2,1
9607,3,6
9608,1,7
9609,5,5
9610,5,2
9611,3,7
9612,5,4
9613,2,2
9614,1,8
9615,2,6
9616,2,8
9617,4,8
9618,5,2
9619,2,1
9620,2,1
9621,2,5
9622,3,8
9623,5,2
9624,3,4
9625,2,6
9626,1,4
9627,1,1
9628,1,8
9629,1,2
9630,4,3
9631,5,8
9632,2,3
9633,2,4
9634,2,3
9635,1,5
9636,2,7
9637,4,8
9638,5,3
9639,2,9
9640,5,2
9641,2,6
9642,1,8
9643,1,4
9644,2,1
9645,2,3
9646,2,1
9647,5,9
9648,1,9
9649,2,3
9650,2,7
9651,3,1
9652,2,8
9653,2,2
9654,5,1
9655,2,3
9656,2,9
9657,4,8
9658,2,2
9659,2,2
9660,2,3
9661,2,4
9662,3,2
9663,2,3
9664,1,8
9665,1,5
9666,2,6
9667,2,3
9668,2,6
9669,5,6
9670,1,8
9671,2,4
9672,3,9
9673,2,8
9674,2,7
9675,2,1
9676,3,4
9677,5,8
9678,1,6
9679,2,3
9680,5,7
9681,3,8
9682,5,3
9683,2,9
9684,2,1
9685,2,8
9686,1,1
9687,2,8
9688,1,2
9689,3,5
9690,1,9
9691,3,4
9692,1,3
9693,2,9
9694,2,9
9695,1,7
9696,2,9
9697,4,8
9698,1,7
9699,1,8
9700,2,7
9701,4,1
9702,2,7
9703,1,8
9704,1,9
9705,2,5
9706,4,8
9707,1,5
9708,4,2
9709,2,8
9710,1,9
9711,1,9
9712,2,4
9713,1,8
9714,1,3
9715,5,9
9716,1,8
9717,3,7
9718,3,1
9719,1,9
9720,4,6
9721,1,8
9722,1,6
9723,2,4
9724,1,8
9725,2,1
9726,2,9
9727,2,8
9728,2,8
9729,2,3
9730,2,7
9731,2,7
9732,5,4
9733,4,5
9734,5,1
9735,1,5
9736,2,9
9737,5,9
9738,2,2
9739,3,1
9740,1,5
9741,4,2
9742,2,8
9743,1,3
9744,3,7
9745,2,9
9746,4,5
9747,2,2
9748,1,7
9749,1,6
9750,1,9
9751,2,1
9752,2,5
9753,1,9
9754,1,3
9755,4,2
9756,3,5
9757,1,1
9758,4,1
9759,2,1
9760,2,5
9761,2,8
9762,2,5
9763,2,1
9764,2,8
9765,3,1
9766,2,2
9767,3,6
9768,5,1
9769,2,5
9770,1,3
9771,3,4
9772,3,3
9773,1,2
9774,5,4
9775,2,4
9776,2,6
9777,1,5
9778,4,6
9779,1,6
9780,1,5
9781,2,9
9782,5,5
9783,2,8
9784,2,3
9785,2,3
9786,4,4
9787,2,8
9788,3,8
9789,2,5
9790,2,2
9791,2,4
9792,2,1
9793,2,8
9794,5,9
9795,2,5
9796,1,6
9797,4,3
9798,2,8
9799,1,7
9800,4,5
9801,4,9
9802,5,7
9803,1,9
9804,2,7
9805,3,7
9806,2,5
9807,2,7
9808,4,8
9809,3,7
9810,5,8
9811,4,2
9812,2,3
9813,2,7
9814,1,5
9815,5,3
9816,2,5
9817,2,5
9818,4,5
9819,2,8
9820,5,8
9821,3,8
9822,5,8
9823,1,2
9824,2,8
9825,2,3
9826,1,2
9827,1,6
9828,2,3
9829,1,1
9830,1,7
9831,1,5
9832,4,2
9833,2,7
9834,1,8
9835,5,2
9836,2,7
9837,1,3
9838,1,5
9839,2,7
9840,1,3
9841,5,5
9842,5,1
9843,3,8
9844,2,4
9845,1,2
9846,5,6
9847,1,5
9848,1,8
9849,5,6
9850,4,7
9851,1,4
9852,2,3
9853,2,7
9854,1,3
9855,1,4
9856,2,4
9857,2,6
9858,1,5
9859,2,3
9860,2,6
9861,2,6
9862,1,9
9863,1,1
9864,5,9
9865,5,8
9866,3,2
9867,5,1
9868,1,6
9869,4,5
9870,3,4
9871,2,4
9872,1,3
9873,4,5
9874,2,1
9875,3,8
9876,1,6
9877,1,9
9878,1,6
9879,4,2
9880,3,9
9881,5,1
9882,1,1
9883,2,6
9884,1,9
9885,1,8
9886,2,1
9887,2,1
9888,1,7
9889,1,2
9890,5,7
9891,3,3
9892,2,7
9893,2,3
9894,1,8
9895,5,4
9896,5,7
9897,1,2
9898,5,2
9899,5,2
9900,3,3
9901,3,8
9902,5,3
9903,2,1
9904,2,6
9905,1,6
9906,3,5
9907,5,6
9908,1,3
9909,4,7
9910,1,9
9911,5,9
9912,1,3
9913,1,5
9914,2,2
9915,1,8
9916,4,1
9917,5,4
9918,1,5
9919,1,2
9920,5,1
9921,3,2
9922,2,5
9923,5,3
9924,1,3
9925,4,1
9926,1,1
9927,2,1
9928,2,9
9929,4,4
9930,2,6
9931,3,5
9932,4,9
9933,2,9
9934,5,9
9935,1,2
9936,4,3
9937,4,3
9938,1,7
9939,2,1
9940,2,4
9941,3,3
9942,2,8
9943,1,1
9944,2,3
9945,2,3
9946,1,6
9947,2,2
9948,5,4
9949,4,7
9950,5,2
9951,1,5
9952,4,1
9953,2,2
9954,1,3
9955,5,7
9956,2,1
9957,5,7
9958,1,5
9959,1,4
9960,5,6
9961,2,6
9962,2,6
9963,1,2
9964,4,6
9965,2,6
9966,3,4
9967,5,5
9968,2,1
9969,4,9
9970,3,8
9971,1,1
9972,1,2
9973,5,6
9974,3,1
9975,1,2
9976,1,6
9977,3,2
9978,2,6
9979,5,9
9980,2,1
9981,2,6
9982,3,1
9983,5,7
9984,2,4
9985,2,7
9986,1,1
9987,3,9
9988,4,4
9989,1,5
9990,5,7
9991,1,8
9992,2,1
9993,1,5
9994,1,3
9995,5,2
9996,2,1
9997,2,8
9998,1,1
9999,5,5
10000,3,1
9560,2,1
7900,3,4
476,1,5
376,5,4
9572,5,2
3998,1,7
9138,4,2
659,4,9
2972,4,9
612,2,6
4356,5,1
9557,2,4
796,2,3
4699,2,7
9985,2,9
2226,1,4
5196,1,1
465,1,5
8690,2,4
7760,2,6
4848,3,1
6726,1,2
1857,2,8
9915,2,1
6851,2,2
224,5,6
1297,1,4
8034,5,5
8114,1,8
4382,4,5
7809,1,5
121,2,4
3195,3,7
3073,5,1
6806,5,3
6172,1,5
3144,3,5
6491,3,5
5480,5,7
3938,2,2
4615,2,9
3170,2,9
9004,2,4
5685,1,4
8738,1,4
5982,2,6
8031,1,8
9679,4,6
3117,2,7
2033,4,8
6238,3,3
2615,5,9
2633,2,7
4778,5,5
31,3,8
7871,4,6
9612,1,1
9507,2,8
7148,1,1
6918,2,2
7853,1,4
7606,1,5
8498,2,7
5410,1,7
3029,1,4
7840,2,9
1009,1,6
5854,2,9
3720,5,5
9014,1,6
4721,2,1
8638,4,4
1028,5,8
1603,4,8
1027,1,6
289,1,8
9743,4,4
2151,4,5
1559,1,2
4585,2,7
4288,1,7
7969,5,4
1857,3,8
9880,2,7
6702,5,7
2142,3,6
211,2,4
6850,4,4
2353,2,4
2104,4,5
7552,4,5
7183,2,5
1336,5,4
3879,5,6
9026,2,1
849,1,9
3882,2,3
165,1,1
4645,2,1
5820,1,9
5315,1,1
9837,2,9
7236,1,2
7784,4,8
7647,5,2
8167,5,6
7943,2,7
15,2,7
5795,2,8
8664,1,6
7954,2,1
4710,3,9
433,2,5
2383,1,3
6651,2,9
2887,3,9
8625,4,1
9699,1,1
6158,3,3
2280,2,3
6822,4,5
1340,5,4
5504,3,7
105,1,3
9326,3,8
5934,3,4
1734,2,1
4433,5,8
3499,1,7
2849,2,1
1890,5,5
1106,3,3
1912,1,9
4805,3,4
3166,2,5
2467,4,1
9794,1,3
8538,4,5
8474,4,1
2389,2,5
8650,5,5
9110,1,5
4980,2,7
1283,1,5
3118,2,6
9719,3,2
5644,4,7
2041,2,9
9108,1,2
7819,2,2
374,1,6
2331,5,5
7170,4,3
1958,5,1
5418,2,2
9849,3,9
7287,2,9
3468,2,1
7987,2,5
9924,5,2
4989,1,1
401,1,9
603,1,5
4928,4,1
9790,1,5
9390,3,3
8862,2,7
7901,3,2
3975,2,6
4398,2,2
4614,2,2
5944,2,6
2329,1,4
1971,3,6
3968,4,4
1141,3,5
9919,3,4
7551,1,6
2015,5,1
2562,4,3
2247,4,8
546,2,8
7915,5,2
7535,5,3
16,1,8
7554,4,6
2132,2,6
2108,2,7
875,2,3
8424,1,4
3436,2,8
4845,5,8
9040,5,4
3981,2,7
4705,4,7
3295,5,9
6247,1,7
2650,5,6
8391,2,7
5137,1,6
6004,5,7
7907,2,6
2722,5,7
5383,5,3
9088,2,6
5055,2,2
8753,1,6
4787,2,5
4390,3,9
7666,4,6
4874,1,4
9288,1,9
8987,3,2
698,2,7
5513,4,1
7228,5,6
1360,2,3
316,1,1
4168,3,2
6102,2,2
3324,2,7
6581,5,5
2527,2,7
2155,5,3
9465,2,8
7496,1,5
9348,4,7
6670,1,1
5237,2,8
5796,2,9
9575,2,4
6546,5,8
3365,5,9
6961,2,5
2117,1,4
4244,2,3
7707,1,2
4014,4,5
1418,1,5
4569,2,6
3220,2,9
817,2,8
7505,1,3
4959,2,7
5289,2,6
8240,1,1
8032,5,7
1841,5,3
942,1,6
2363,2,3
1965,1,7
1133,4,7
9116,5,4
6095,5,9
6939,2,7
6912,3,4
5073,1,2
9365,3,6
866,5,6
785,2,3
6914,1,4
6510,1,2
6577,5,5
4549,2,5
5249,1,2
2108,2,7
23,2,2
4743,1,9
5891,5,3
8011,2,3
5326,2,9
8674,1,8
785,2,8
6241,1,9
303,4,5
5924,2,2
9674,5,5
807,1,2
9291,5,1
9002,1,6
4642,1,3
4942,1,4
765,2,9
7628,1,2
3424,3,7
5266,1,6
3278,2,5
4159,2,5
5307,5,6
6444,5,8
4911,5,6
8585,2,5
6170,2,7
6372,4,6
9722,1,3
2780,2,3
9560,3,4
8537,2,4
9325,5,4
4679,2,5
3249,2,6
6010,5,5
9299,5,3
2770,2,2
6082,3,6
6415,2,6
7648,5,2
4582,2,9
937,1,1
4667,2,2
4659,2,1
5078,3,8
236,4,4
745,2,4
9204,4,6
3751,2,4
5194,1,1
4695,1,4
1285,2,8
2419,4,6
642,2,9
8772,2,6
2971,1,7
8062,2,5
2111,2,6
4087,2,4
4023,2,1
4628,3,2
152,2,5
8262,1,2
1608,1,1
4542,1,2
4921,2,1
9058,2,9
7039,1,9
9486,5,4
8842,1,9
5742,2,4
60,1,2
9242,2,2
5191,1,8
8790,1,8
5345,5,6
2653,1,9
4939,3,1
5917,5,7
9250,2,3
7411,1,9
1286,5,2
5652,4,7
9809,2,8
3835,1,2
6146,1,5
9821,1,8
8071,1,7
7270,4,6
9357,2,4
2003,3,8
7753,2,5
1928,5,1
1617,3,9
8011,4,1
5788,5,7
3260,3,9
4389,5,1
2987,2,6
1761,4,3
4118,1,8
3887,2,6
1477,4,5
958,5,2
9565,1,6
2453,3,7
3134,1,1
2147,1,1
642,2,8
2139,1,9
1985,4,1
9486,2,1
4537,1,1
1108,5,3
4610,3,5
6470,2,9
9971,2,4
9074,1,6
4242,2,6
8200,2,3
1898,4,3
5779,1,3
3989,2,9
3353,4,2
8731,1,7
2569,1,4
1324,2,4
318,4,7
3028,1,4
486,2,9
1492,3,4
1354,3,2
1956,1,1
8880,4,3
71,3,5
8204,5,8
3603,4,8
2511,4,7
8614,2,6
2014,3,7
5453,5,9
1558,2,7
5058,2,5
5677,5,6
9654,1,4
7848,1,1
2163,3,4
8249,2,7
4564,1,7
2449,2,9
7409,1,8
9041,5,6
5303,5,9
9922,3,8
7599,2,4
6213,1,7
4295,2,5
4547,5,3
6637,5,9
6341,1,5
471,1,6
1488,2,5
9059,3,5
8488,2,9
6821,2,8
2101,4,1
5549,1,7
470,2,4
2039,1,9
4667,2,9
5902,5,1
5411,5,4
9077,1,9
6628,4,2
3557,2,9
7900,2,6
3903,1,7
8734,5,5
6176,2,3
783,2,4
1860,2,1
6946,2,2
9499,2,1
6530,3,2
6743,1,6
938,2,7
134,3,8
5165,2,9
9600,1,4
4550,2,5
9701,5,6
3690,2,3
6066,2,3
150,2,5
4509,1,8
4018,1,4
6341,3,7
3494,1,3
4740,1,1
9142,5,2
7909,3,8
5459,5,7
6570,2,3
5250,2,2
8605,1,4
5122,2,3
9184,3,1
3985,2,2
1482,3,6
1576,2,4
8836,2,6
1633,1,6
9815,5,9
734,2,1
3117,3,3
9880,4,5
576,1,8
1865,5,5
4143,4,9
8960,1,3
4702,5,3
9837,2,1
5356,5,9
5237,2,4
5597,1,4
9445,3,7
9935,2,5
4310,2,5
8097,1,7
9219,1,7
809,2,6
6130,2,2
905,2,7
6073,2,9
9342,5,3
3020,1,1
6436,2,9
4826,2,2
1518,1,3
6808,1,9
5874,3,3
9417,1,3
6980,2,4
1947,3,9
6340,4,6
4711,5,7
2349,1,1
8585,3,4
5667,2,4
887,3,6
3887,5,1
9116,1,7
6352,2,1
5939,1,5
5989,1,8
5240,3,4
5813,4,1
8400,4,4
9802,2,4
8896,4,7
23,1,2
5137,2,5
5449,1,4
8199,2,9
9492,3,4
3745,5,9
263,2,9
7716,4,6
2500,1,6
9449,5,2
6897,3,8
6674,3,9
5675,1,4
251,5,5
6796,4,1
356,5,7
3157,4,9
3754,4,6
1391,2,1
4389,4,7
1006,1,4
166,4,8
2596,4,8
3796,1,3
7455,5,5
907,2,6
3789,2,9
7766,3,2
2569,3,1
5824,1,8
9729,5,9
5116,3,9
1229,3,4
4003,3,5
2086,1,1
3931,2,3
175,3,8
4736,5,6
6039,1,4
221,4,9
1675,1,9
2115,4,8
3694,2,7
5612,2,6
1667,2,1
7181,2,5
6739,2,9
5546,2,4
9752,4,9
8147,5,4
6779,5,9
9125,1,5
3248,2,4
3586,1,7
9023,1,3
7194,2,6
1393,2,8
3639,2,7
8257,1,1
420,5,3
4136,1,5
4813,2,4
8060,5,1
6131,3,6
4830,2,3
7864,3,1
3545,4,7
2900,4,6
759,5,8
9914,4,9
7704,1,5
8071,1,4
1975,1,6
1766,2,5
717,1,1
6603,2,2
45,2,8
3134,5,2
8054,4,4
9599,1,6
4349,5,1
8212,1,7
4273,5,8
4937,1,4
5206,2,7
9922,1,9
3229,4,4
8284,4,5
5772,5,3
4626,1,3
6006,1,2
7770,2,6
6024,2,1
7076,5,4
2928,1,7
857,5,6
4483,3,6
9885,5,1
44,5,4
332,3,1
3304,2,6
9165,2,6
3754,2,4
6690,1,8
9892,2,4
7838,5,4
151,2,9
6095,2,9
5984,2,6
2186,1,6
4612,2,4
8044,1,9
4043,3,2
3297,5,3
3442,4,9
7928,2,1
5211,1,4
9439,2,2
789,2,3
1255,4,8
4733,3,1
9583,3,9
711,2,5
2124,3,8
4313,1,6
366,2,4
7831,3,9
5744,5,9
7529,2,5
5027,1,5
5496,3,2
3864,2,8
386,2,7
6048,5,4
7569,4,2
3695,3,2
6781,1,7
283,5,6
6907,5,3
8996,2,6
6514,5,6
2805,1,2
5111,2,9
9635,2,1
11,2,6
8553,3,7
6417,4,8
8232,1,1
9470,3,5
2620,2,6
9179,1,1
9739,5,7
5908,1,8
4016,1,5
2843,3,6
4569,2,7
2168,3,6
9498,1,2
398,1,3
389,1,9
3095,3,2
823,3,1
7531,4,4
4909,5,2
9204,3,5
56,5,8
8243,2,5
5451,5,3
8796,4,7
6351,3,1
65,4,8
9885,2,8
2383,2,1
4921,2,9
7888,1,4
1545,1,9
1714,2,2
2623,1,5
2069,1,5
5141,5,7
2299,4,6
423,1,9
3973,2,2
8509,2,1
8046,5,4
3115,3,4
5567,2,4
2268,5,7
246,2,4
6463,2,3
2312,2,3
8181,2,3
4996,2,1
8389,2,3
3192,2,5
4244,5,6
6905,2,5
1676,3,3
6361,2,8
9581,5,2
8334,3,8
5822,1,8
6546,2,2
3822,2,9
7063,3,6
2007,5,7
5678,3,7
5820,2,6
7277,2,4
9640,2,7
3443,3,9
8501,1,6
8101,3,2
1816,4,8
6382,5,9
2484,1,7
4525,1,8
9194,2,7
4103,5,8
6608,1,6
5739,2,4
6691,2,3
3057,2,2
3835,5,1
5172,2,4
9533,2,9
5288,1,2
4591,2,1
1356,5,5
5781,2,6
833,1,7
9119,5,1
4055,2,4
8782,2,1
1610,2,3
5934,2,4
7298,5,3
2338,1,3
1947,1,2
3492,2,3
6114,3,5
7507,1,8
978,3,9
3892,2,7
527,2,7
3318,1,5
6628,4,8
5810,5,2
6833,1,7
1874,3,2
9985,3,6
923,5,2
4712,2,9
201,3,6
3186,3,5
1635,4,3
3280,2,2
9077,3,1
1324,2,8
4203,3,9
6723,5,2
802,3,5
1232,5,4
1095,1,7
5147,5,5
7584,2,5
6362,5,1
4431,4,9
8211,3,6
1142,2,8
9643,2,7
1308,2,9
3326,1,3
8693,1,4
7819,2,8
802,1,8
2297,2,6
1333,4,5
7848,3,9
7925,4,1
8512,3,1
8455,3,5
9437,5,5
3773,2,5
2622,5,6
907,3,2
4312,4,2
639,4,1
5735,1,6
3441,5,4
7423,2,3
5853,2,2
1947,2,6
1531,2,8
7541,2,8
7738,2,5
6786,3,6
5669,1,7
9687,2,5
2222,2,6
9989,4,6
4132,2,8
4872,1,4
6080,2,9
3587,1,3
9519,2,6
7531,2,3
359,1,6
905,4,2
5982,2,9
3603,5,6
3064,1,3
5919,2,7
5692,3,8
7076,4,2
6066,3,9
905,3,7
5064,1,6
1679,3,2
7435,2,7
9691,4,6
3723,3,8
8935,2,6
3086,3,7
8786,5,8
1021,1,3
2239,1,6
9469,3,9
794,3,9
9012,4,4
9626,3,1
8238,1,7
9997,5,1
5973,5,9
6123,1,3
9825,2,8
2187,1,9
7925,5,7
7342,2,7
1176,1,5
9413,4,2
1257,5,3
8281,2,3
1441,1,2
1261,3,5
5727,2,1
6988,5,4
1138,2,3
6456,2,7
702,1,5
1192,2,6
7781,1,4
8473,1,9
1252,1,4
128,1,5
3755,5,7
9448,1,1
9922,2,7
3123,3,9
5214,1,6
8873,2,5
4811,1,8
6798,5,6
4178,2,1
3991,1,8
3815,5,8
5738,4,6
6655,1,2
4266,1,9
4004,1,3
9778,1,9
1309,5,3
5499,1,2
7148,3,4
9929,2,2
1668,1,2
8810,3,6
2716,2,8
7202,3,1
1149,5,4
7174,1,4
9896,4,3
243,3,5
1244,1,9
6265,1,1
6476,5,7
7182,3,6
9101,2,9
7578,1,4
3662,1,7
5740,2,4
9882,1,9
4782,2,7
3244,2,4
7355,2,3
1674,5,6
7457,4,7
799,5,3
2711,2,2
7233,5,6
7891,2,2
4851,2,7
6189,2,6
1591,1,3
8784,1,5
3647,5,5
1857,1,6
1647,5,2
1359,3,5
4164,1,9
8679,2,5
5342,1,1
6770,2,5
7488,2,1
7701,1,5
7096,2,5
6738,3,9
1600,1,5
9368,2,8
4243,3,9
4327,1,6
9388,4,1
66,4,2
4687,1,4
6502,5,9
9417,2,2
5053,1,2
7103,2,4
2782,5,8
4666,2,2
9139,2,9
2224,2,4
3726,2,4
8041,5,9
8199,2,3
5962,2,5
7608,1,5
40,5,4
7340,2,3
3815,1,4
9110,1,4
9404,4,8
5750,2,6
358,1,3
7587,3,2
2175,2,7
169,2,3
8617,3,3
3721,1,2
4655,5,9
6033,2,2
403,5,9
6469,2,1
6490,4,4
8810,3,7
7751,2,7
8210,4,2
3000,1,4
5934,3,9
3913,2,3
9820,2,7
2571,1,2
4127,2,6
3453,4,5
7013,2,8
7462,2,4
7480,2,5
9365,3,3
1617,2,2
8741,5,8
4493,2,9
6144,4,3
6206,4,3
4802,1,1
8618,2,1
1018,1,9
1427,1,4
5625,4,6
3984,2,2
2487,3,6
3562,1,3
108,3,1
7545,2,5
9631,5,5
9896,2,2
634,2,2
8707,3,1
308,1,7
7825,1,1
4125,2,2
6790,5,8
7540,2,7
9867,2,9
8275,1,4
6112,1,1
7709,2,1
2747,2,5
8973,3,2
3947,1,9
4593,2,8
982,2,8
3204,2,7
886,5,2
3761,2,6
1681,4,6
7410,3,6
6089,1,1
9192,3,7
2732,2,5
1695,2,8
7950,1,7
9849,5,6
3021,5,4
6,3,1
5871,2,8
3113,2,4
7586,2,4
6258,1,4
6071,3,4
7659,5,1
6232,5,1
376,3,4
2565,5,8
7343,1,7
2671,1,9
4885,3,6
1182,5,2
4381,5,5
8416,1,3
3249,2,7
5625,2,9
3531,2,3
2574,2,1
1385,5,1
9245,5,5
5031,2,7
1711,2,6
3539,1,5
8255,2,1
7979,5,3
758,2,2
7631,2,3
4319,2,8
6642,2,3
1104,5,4
4759,5,9
1804,1,4
2941,5,9
2970,5,2
9815,2,5
8229,2,5
5455,5,3
5725,1,4
8114,5,5
6365,2,7
7647,1,5
7232,4,1
500,5,6
5776,2,8
9174,2,9
7314,2,4
299,1,8
8888,1,7
6010,2,4
9438,3,9
9820,1,2
6762,1,3
1081,2,7
6229,5,9
4669,5,1
2968,2,9
8989,2,1
4591,3,5
8911,2,3
3240,4,3
1512,3,5
7969,1,8
5203,5,6
3586,5,3
3131,3,7
6061,3,3
4881,1,4
8889,3,2
7854,3,3
2820,2,4
7601,4,8
5535,5,4
4817,4,3
1433,2,1
5985,3,7
5043,2,2
5900,5,2
6049,3,6
1655,1,2
3111,3,3
5171,5,5
4876,2,6
7904,1,9
3563,4,1
8769,1,4
4772,1,9
710,2,7
8784,4,2
2174,2,3
540,1,5
719,2,2
8364,2,3
7776,1,4
3130,2,6
7293,1,8
7864,5,2
1543,3,1
6020,1,3
4803,2,4
146,2,7
3698,1,8
2605,1,8
6122,3,8
6758,4,8
8017,1,1
3211,2,2
2085,2,8
2577,1,2
2757,1,2
9895,1,6
9137,1,1
4010,1,1
9705,4,2
3433,1,3
7645,1,3
7913,3,6
5123,2,2
2917,1,8
3385,2,1
6781,2,9
8013,2,9
4018,4,2
9954,1,3
1977,2,5
79,5,5
5721,5,6
4357,2,1
8849,1,4
4913,5,2
6858,1,9
1928,2,3
2508,2,8
7454,4,3
7875,5,9
509,1,3
906,1,5
7022,2,2
146,5,6
6277,2,6
1274,1,5
4947,2,7
1115,3,9
4670,3,9
4189,5,7
6932,3,5
3442,3,9
7482,3,8
3821,1,1
8985,1,6
1271,4,6
9048,3,2
1233,5,4
3860,3,2
5347,4,7
7843,1,4
3570,2,6
6435,5,7
2094,1,6
3880,1,2
9979,2,8
5014,5,3
6857,4,2
3203,2,4
1269,5,4
5146,1,5
58,2,4
7927,2,7
5670,3,9
5351,1,8
9164,5,7
2984,5,1
8472,3,6
7868,3,3
2361,1,6
3335,3,3
7119,4,8
141,5,1
4149,2,5
8424,2,7
4921,4,8
8943,5,2
7059,5,6
6276,5,7
3898,2,5
2144,2,1
5706,1,9
2231,1,2
819,2,2
6598,2,8
2111,5,2
9090,2,2
5641,2,7
1724,1,1
1515,3,2
6977,5,3
671,1,7
9427,2,3
3596,5,1
3020,4,1
8710,5,7
7611,1,4
5736,1,7
6486,4,9
3292,4,8
279,1,6
4258,5,2
1623,1,7
8504,5,4
847,3,8
5273,3,3
2051,3,2
1712,2,6
5459,1,1
5164,1,5
2385,2,2
1453,3,6
2485,5,2
4237,1,3
1812,5,3
1555,1,3
6191,4,9
9152,1,4
7368,4,3
6362,1,6
9647,1,2
6406,1,9
3314,1,8
1289,4,9
8279,5,1
8163,1,9
2028,2,4
8667,4,1
4714,5,9
1241,1,8
7677,5,6
2097,2,6
8905,2,1
1479,3,6
8497,1,8
6122,1,7
1392,2,4
8968,2,8
4858,1,4
5737,2,8
4891,1,3
1643,2,7
5676,4,5
6967,3,4
3742,5,2
6271,1,3
4790,2,8
7237,4,1
9501,1,6
6891,5,6
1027,5,2
7308,3,2
5150,2,9
2636,2,1
6067,2,1
3512,5,1
2976,5,2
7598,2,4
3600,2,6
9843,1,7
3238,1,7
2203,1,3
3482,3,4
8925,2,3
863,1,2
4626,3,6
5728,5,3
2248,3,5
3351,1,5
5064,3,7
4252,2,2
5032,4,1
4424,1,9
3418,2,9
7476,2,8
9485,2,8
5285,2,9
9290,2,8
8386,5,8
4722,2,5
6189,4,9
2244,4,7
8958,2,8
3255,2,6
5744,1,7
6449,3,2
9344,1,4
9925,4,2
2804,1,6
2121,5,2
72,3,2
2208,2,8
9232,2,1
6034,3,6
2568,2,8
9918,1,3
3308,5,5
6360,3,8
7790,3,3
2308,4,6
5583,2,1
4672,5,1
5906,3,5
6782,3,5
7494,4,2
3072,5,4
8327,2,2
2670,1,2
2419,1,2
4230,2,4
7506,2,6
4635,2,9
9294,3,9
8533,3,9
7808,4,7
455,1,6
7590,1,5
1155,2,5
6060,3,4
1587,4,9
7228,2,3
5249,2,3
230,2,8
8783,3,1
8351,1,3
9915,5,7
1989,1,4
5668,2,1
9192,2,4
6375,4,4
1080,1,7
61,2,4
2677,1,8
7000,5,5
4637,3,1
2529,5,1
7866,4,9
7777,1,8
6386,2,7
4692,4,5
3391,4,5
2466,2,8
5420,1,5
7756,1,3
7610,4,1
7461,2,4
9599,5,2
8036,2,5
7139,4,4
9435,5,6
1984,1,7
3654,2,4
1973,2,5
8448,2,7
3296,3,6
4264,1,6
3579,1,4
2627,4,7
3270,5,5
9876,2,4
5355,3,9
2431,5,2
9168,2,9
8065,3,3
3993,1,1
1247,2,5
1258,2,6
5489,1,8
9053,5,7
8610,5,3
9522,5,2
7581,2,5
6600,1,6
5321,1,6
3206,2,6
3263,2,2
2786,2,7
580,1,9
9857,3,9
55,2,3
3117,1,4
7074,3,1
3004,2,9
3620,1,2
8186,5,7
2962,4,9
528,2,3
6802,2,1
7225,5,2
8953,4,8
448,5,3
7724,5,4
9978,2,8
6876,1,3
7556,4,3
9147,3,3
1166,2,3
3059,2,8
8777,1,5
716,2,5
7026,2,9
2153,2,3
2858,2,4
5186,4,8
3516,2,5
3879,3,3
7296,4,9
3434,4,5
8377,2,3
1462,1,1
3378,3,8
9713,2,8
7354,2,3
5158,2,4
7642,2,5
7835,2,8
3435,4,1
5260,2,6
8250,5,3
5050,2,2
4938,1,3
750,1,8
4140,1,9
2452,3,5
6579,5,6
1738,2,9
1464,3,7
3936,1,9
8177,2,2
9044,2,8
4860,5,8
3672,5,2
3929,2,9
2401,2,6
6122,2,8
7276,1,8
2454,2,2
4608,2,2
9239,5,6
4427,2,4
1443,3,3
1793,5,1
7179,1,7
2523,3,8
6467,4,2
2632,4,5
3920,2,2
2866,2,5
6740,2,4
2732,1,6
6686,5,8
7806,1,8
6437,1,5
8384,5,4
5922,2,8
8410,1,4
7650,3,5
6083,4,4
9251,2,4
8724,2,7
9491,3,5
5196,5,9
7152,4,9
488,5,2
3334,2,6
9856,2,1
7111,2,8
4505,3,3
9796,2,2
1012,4,6
8657,2,1
2916,5,1
8551,3,2
1261,5,6
2656,5,8
5039,3,2
6963,2,5
7415,1,7
2495,5,1
5855,2,6
4757,1,3
88,3,5
5996,3,8
9216,1,9
6596,3,7
2237,2,1
4759,2,1
5057,2,1
9292,5,7
1957,1,7
4963,2,7
2024,1,3
7086,1,6
5112,1,5
592,2,2
1876,2,1
4107,2,3
513,2,6
2507,5,4
8173,4,1
3319,3,1
6797,5,9
4775,2,2
1422,1,2
6055,1,5
1778,3,4
990,1,3
8085,5,7
6872,2,2
3742,5,4
1312,5,8
8799,4,1
2333,2,3
4015,3,9
7102,1,2
2214,2,7
2482,4,7
3671,5,2
7620,3,5
1295,2,3
7283,4,1
9379,2,6
3259,3,6
8283,5,5
715,5,3
5159,1,1
3342,2,1
3981,2,9
8113,2,8
3911,2,2
6315,5,2
7318,2,5
1446,5,9
2169,3,8
7363,1,8
8122,2,1
5228,1,8
7670,2,8
7646,2,9
5771,2,5
3906,4,5
2884,2,3
6877,4,3
5165,5,7
2264,3,8
9080,2,5
4808,2,5
5166,1,3
766,2,7
6998,2,8
71,2,5
5815,4,1
2432,4,1
4023,1,3
3364,2,9
4778,2,6
1562,3,6
7844,2,2
6085,2,7
8027,2,3
5685,2,2
9413,2,4
3148,2,5
6735,5,3
5950,3,8
4706,2,6
6828,5,8
9403,2,6
1622,2,9
2351,2,4
6585,2,6
3939,4,4
195,3,7
3565,1,2
4190,1,8
2688,4,5
1477,2,9
4133,2,6
8209,2,4
4017,2,9
4317,2,9
4035,4,8
7375,5,4
9839,2,5
4629,4,5
3421,3,7
1618,1,7
3423,5,9
4223,3,2
7669,5,9
9761,2,6
7541,2,1
9078,2,1
8372,5,6
5999,2,8
3266,1,6
3870,3,8
2433,3,2
9480,4,1
2947,5,9
8169,1,5
9548,1,2
7238,1,6
4800,4,5
4648,1,2
9786,3,5
8894,3,1
4684,1,2
3105,2,7
9110,3,5
5086,2,3
5120,2,9
9847,5,6
2178,1,4
7596,2,7
3999,5,1
408,2,5
4630,1,4
5577,1,3
194,2,3
4413,2,7
1693,1,8
7681,5,5
4435,2,1
9516,3,6
4441,2,1
3280,2,2
8454,1,9
1211,3,2
9461,5,6
9427,1,1
6127,3,7
8433,3,1
4165,3,1
3291,5,4
4425,3,1
3058,1,9
7090,3,6
725,5,3
8183,2,1
6393,5,1
3362,1,4
928,5,6
7330,5,8
9809,2,9
5431,1,5
5948,2,2
7131,3,2
6790,2,8
5505,1,3
6308,1,4
1230,5,2
5387,5,1
4656,2,7
8567,1,9
2114,2,6
5124,3,8
1162,5,4
4545,2,7
9400,1,2
3637,1,9
1266,4,1
9675,3,1
4192,2,1
733,1,3
359,5,7
4417,1,2
8698,2,8
4420,5,1
2255,4,8
7824,2,7
4148,1,5
2475,2,9
2001,2,6
7178,3,8
4277,2,2
569,2,2
921,4,6
2221,1,2
774,1,7
6647,1,2
4223,1,1
2229,1,5
3393,2,5
8385,5,2
8058,3,7
6895,3,6
122,1,3
9524,2,9
8087,2,8
4682,5,2
5710,5,2
1967,3,4
8306,1,8
9842,3,4
1299,2,9
8795,1,8
940,1,5
7871,4,9
6766,1,8
2638,5,3
4593,4,6
4712,4,7
8790,2,8
2510,2,5
3211,5,8
5589,2,3
4732,2,3
2752,3,9
7441,2,9
1601,2,4
3891,5,7
7286,5,1
9174,1,5
926,2,3
8860,3,9
4789,2,7
1729,2,2
2727,2,5
6566,2,2
7206,1,6
1430,1,9
5190,2,1
4202,4,7
3340,1,9
2276,5,9
6320,1,1
3525,2,8
1372,3,3
5712,4,5
7917,3,3
1129,5,8
3816,3,7
1827,5,9
650,1,2
9586,1,4
622,5,3
4968,3,7
900,2,7
2512,1,4
4048,2,8
178,2,7
3312,3,6
4044,2,6
3204,2,5
5958,5,5
7598,3,9
9452,1,6
5883,2,6
3444,2,8
5437,2,2
9306,4,2
9236,5,5
9874,1,1
812,2,2
4040,2,1
9325,3,6
9636,2,1
9134,1,5
3818,3,5
7130,2,4
3372,1,9
9793,2,9
7859,3,1
5360,4,7
1321,2,5
7237,2,1
5875,2,2
7581,2,9
8078,2,8
6306,1,6
2659,2,9
4359,1,6
3440,5,9
6498,2,6
2690,2,8
3816,1,1
865,1,1
8109,1,8
1245,2,3
247,3,8
3502,1,9
7803,2,9
6601,2,7
8918,2,8
5140,5,9
382,3,5
4753,3,2
86,1,7
4226,1,4
9982,2,6
1538,2,8
4759,5,7
9500,2,1
5864,3,1
4823,2,3
4267,4,8
2565,5,5
8906,1,5
1443,1,8
893,1,3
2322,4,6
8373,3,6
6798,5,9
227,3,8
2785,2,9
8834,1,6
6789,5,5
8150,5,7
8483,2,7
1651,1,4
931,1,1
4340,5,4
3759,5,7
7394,5,6
4030,1,2
1423,2,7
7207,1,3
8078,1,3
8968,4,4
9537,1,6
7941,3,1
2405,1,7
8718,5,5
2691,1,5
9527,1,9
8184,1,7
5434,1,1
9856,4,1
1268,2,3
3886,2,4
8086,4,9
2224,2,6
7681,5,9
8238,5,9
8449,5,9
8268,1,5
5635,2,6
8360,1,1
4782,5,7
7175,1,5
1046,2,7
2583,3,5
4417,3,1
2580,2,9
9298,1,7
8868,2,9
2925,5,2
5196,2,4
2409,1,7
1968,1,7
4998,2,5
972,2,7
1456,2,7
9312,3,2
2013,3,8
7180,2,6
402,3,4
7332,4,7
9213,3,5
1119,3,2
4001,4,2
3258,4,9
7290,5,7
7991,5,8
8690,2,9
8272,5,5
7778,1,9
7720,2,7
6302,2,3
9904,2,6
6032,2,8
4663,1,2
2059,3,5
9838,2,1
4752,5,3
6556,5,8
9313,1,5
9880,2,2
1822,1,5
782,2,7
1723,3,6
1625,1,6
8172,1,9
6835,2,6
6143,3,3
2766,2,5
2053,2,3
777,1,4
8888,3,8
1793,2,9
2293,2,6
6660,2,2
5540,5,7
8589,3,6
4312,5,1
3450,1,7
6891,3,9
1779,2,3
5285,3,8
8324,3,6
5121,5,8
7062,2,7
8165,4,7
6257,2,3
1032,1,5
1292,1,7
765,2,3
4448,3,5
9546,3,9
9715,2,1
9580,2,8
5953,3,9
4695,2,3
5528,2,4
4741,1,1
1444,1,8
8186,4,9
4576,2,5
4567,1,9
5468,1,2
3403,2,3
52,2,7
5095,2,3
6929,1,9
1141,3,5
1291,2,1
2778,5,6
9543,1,9
419,1,2
1694,4,8
5429,5,6
2019,2,4
4921,1,2
2149,1,7
8870,5,6
8460,2,6
6438,2,3
6271,2,4
2762,1,6
4792,2,1
7109,2,2
7611,5,2
9775,5,6
6382,3,1
6744,2,4
3701,5,8
538,2,6
7074,1,7
9662,5,4
855,2,2
6760,1,3
599,1,1
7601,2,5
3712,5,1
5513,3,6
1503,3,7
4379,4,2
738,1,6
9345,1,8
8773,2,7
7322,2,1
3121,5,1
9089,4,2
7044,1,6
2367,2,4
3876,1,8
1332,2,9
7569,2,1
619,5,2
5054,2,8
8949,5,4
3895,1,2
6971,3,6
4760,1,9
5698,2,2
77,3,8
7909,1,3
1730,2,5
5719,2,1
9005,1,8
679,5,7
2819,5,9
6777,2,8
3964,5,1
5881,3,6
1019,5,5
2742,2,9
9067,1,5
3585,3,4
1912,1,5
7571,1,4
5482,1,8
2049,4,4
3673,2,7
9287,2,4
8876,2,5
6053,2,5
9375,1,4
3518,1,9
2832,2,7
1783,1,4
4775,2,9
2281,1,3
9986,5,1
4877,1,1
2097,1,4
7559,1,3
1065,1,8
2313,5,7
5634,2,9
6034,5,3
7952,4,5
9453,2,6
1228,4,9
557,2,7
2141,4,2
1672,1,8
7652,2,1
1729,2,8
3349,5,7
3425,2,3
9164,2,2
1260,5,6
4265,3,9
6542,5,7
6460,5,8
5876,3,1
9956,4,9
5816,1,4
5371,3,2
9590,2,2
5143,2,9
2597,2,9
2133,5,7
7578,5,5
8941,2,9
6299,1,5
2185,2,4
879,2,6
6729,1,7
2736,1,1
213,5,2
3183,2,2
4938,1,8
443,2,9
1865,2,8
9951,3,8
4287,1,7
9739,2,7
7452,1,9
7766,5,2
7357,1,4
435,5,6
6452,2,9
4800,1,2
6334,3,6
7723,3,8
4108,2,2
19,5,7
304,1,9
1194,1,8
2884,1,7
2520,1,7
3319,2,2
2595,1,9
3436,1,3
7594,1,9
508,2,9
9935,5,9
3389,5,1
489,5,2
6488,1,3
2980,1,9
6988,3,1
3606,5,6
351,2,9
7235,4,3
5584,2,7
7660,1,6
6033,1,4
7304,3,5
6526,4,2
2316,4,9
4655,5,6
1740,3,5
3798,2,6
387,5,9
1121,1,2
3474,2,8
1353,1,4
9057,2,6
514,3,3
4060,2,4
6163,1,9
1171,1,7
2937,4,5
7459,2,2
1710,3,6
4917,2,8
8466,5,6
1235,1,4
8981,2,3
6893,2,2
7958,2,1
263,3,9
4689,1,6
7468,3,7
9538,3,4
7059,1,2
6692,2,4
7650,1,5
6923,1,2
2079,4,6
8848,1,1
2988,1,9
9866,5,7
8896,1,3
9801,1,6
7218,2,1
5562,3,5
3355,2,3
6317,2,8
9148,3,5
4753,5,5
4106,1,2
5825,3,9
8986,2,2
2035,5,9
6472,1,7
6641,1,7
9673,2,3
6462,1,9
6055,1,5
9610,1,9
4589,2,9
1924,1,9
8511,5,1
3156,2,6
6730,2,4
4340,2,5
955,4,4
5705,2,2
213,2,1
7182,1,4
6503,4,2
2204,3,9
7785,1,3
1953,5,8
4117,2,5
9057,1,5
5316,2,2
2446,2,8
3385,1,4
7139,1,6
6908,4,2
2950,2,2
9917,2,6
2896,2,8
1689,1,4
7256,4,9
5731,3,1
5578,2,1
4631,5,9
2480,5,3
7373,5,3
6152,2,6
6501,1,4
6592,2,2
7546,5,3
4170,2,9
9502,3,8
5250,3,6
6579,2,6
2606,2,2
3740,4,1
1223,2,2
8477,4,6
88,1,7
8411,2,5
8435,4,9
696,1,9
1507,4,2
9140,2,6
5564,4,2
4465,2,6
4893,3,9
4530,2,8
3145,3,1
7779,5,3
4360,2,8
4093,5,3
1623,1,6
4429,5,4
7097,2,5
3322,2,8
4079,4,6
1692,4,4
1021,2,7
1429,1,3
6159,2,9
3731,4,6
6855,1,2
3751,1,4
7624,2,7
1734,3,9
3158,4,4
7558,2,4
5784,1,6
9714,5,6
8910,3,3
8547,2,9
722,1,3
2652,3,2
8659,2,8
9452,5,4
9791,1,9
2339,5,7
3366,2,5
2411,2,6
6714,1,1
5857,1,9
6999,2,4
3475,3,5
4040,4,4
5855,2,3
1112,3,2
3039,4,3
2248,5,2
9733,2,1
6662,1,6
6512,3,4
7970,2,5
5735,5,6
7271,4,9
9307,2,5
5695,1,6
8733,3,4
9532,2,5
3192,2,9
3641,2,8
5172,1,6
9271,4,7
2338,2,7
560,2,1
471,4,6
8492,2,3
5033,1,7
2167,4,5
8937,1,7
1920,5,6
5635,2,4
997,2,9
9526,4,8
4219,3,4
5978,2,8
4455,2,4
8944,1,3
5684,2,7
4572,4,3
8695,2,7
9044,2,9
8224,4,3
5823,3,8
4150,1,2
9976,2,3
4880,2,2
2378,2,5
6755,2,9
101,2,6
2443,4,9
6458,2,5
9658,3,6
1959,1,4
7309,5,4
423,1,9
9708,2,1
6233,1,3
4589,2,1
9223,1,3
9962,5,4
7729,1,1
6704,5,5
7192,3,5
2485,5,5
8872,1,1
8000,4,7
2774,3,5
7816,3,7
1126,2,1
4389,3,1
4121,4,7
9700,4,8
8636,5,9
7324,2,9
7935,1,5
7877,3,3
4017,5,7
5496,5,6
6765,1,4
8500,1,8
2661,3,7
8677,1,5
3765,2,1
4512,2,6
7025,5,4
8106,4,7
9787,5,7
4415,3,4
9066,1,7
3980,4,1
536,3,7
9826,1,6
904,1,6
7311,1,4
415,2,4
8039,5,9
6044,4,9
3279,4,2
465,5,8
5198,3,9
8096,5,6
9687,1,3
2249,5,2
5610,2,7
7504,4,1
2237,2,2
5508,3,8
7895,2,8
5215,1,5
8375,2,4
1132,2,4
9212,4,9
1837,5,9
217,3,5
992,4,1
229,2,6
3623,2,1
2827,4,3
6558,1,2
6347,1,5
9958,2,8
7740,2,6
6040,4,6
8633,1,2
2580,5,9
8705,2,5
6375,2,9
5158,1,8
450,1,6
40,4,9
8457,5,6
5486,1,2
5471,2,2
9122,4,7
9411,1,5
7488,1,7
3569,2,2
9679,2,8
6545,2,7
7954,2,8
2340,2,6
329,3,8
5777,1,9
6262,4,5
437,2,3
1228,1,9
9650,1,5
7843,4,6
3849,2,8
347,3,9
5155,2,4
4120,5,7
8603,4,3
3457,2,6
3297,2,8
5083,2,4
5385,2,1
8394,2,1
7326,4,4
5896,4,9
9031,5,5
5804,4,9
3677,4,6
1811,2,9
4457,5,6
6958,3,1
9585,1,1
42,2,3
6799,2,3
3688,2,8
2047,4,6
4379,5,5
842,1,6
6534,2,8
2803,1,1
7997,1,8
7477,2,7
2399,2,4
578,1,3
738,3,3
1741,4,8
8007,2,1
4193,1,8
4575,2,5
5236,3,8
3996,2,8
4234,1,5
1087,2,6
3971,1,6
2594,3,3
9313,2,6
2001,2,2
3842,1,1
1763,2,6
4408,2,3
7807,2,2
1555,4,5
9535,3,6
5312,3,2
4620,5,4
7743,5,9
1586,3,5
9218,1,5
953,1,7
7807,2,1
9321,1,2
5296,2,8
2195,4,8
3747,5,4
5559,2,6
1577,1,1
4055,2,5
8894,2,7
1108,1,4
1108,1,5
4668,3,3
6312,5,4
6691,2,1
262,5,2
8719,2,5
3082,5,1
7765,2,7
5500,2,3
6218,2,8
7599,2,9
2307,2,5
7272,2,5
8081,5,1
3765,3,6
9025,2,6
954,1,7
6255,2,9
2981,5,2
244,2,8
8487,2,4
800,2,7
7324,5,7
1825,2,9
7178,4,9
4922,2,5
9065,5,2
5430,1,6
2589,5,9
6705,2,1
7836,5,9
7892,5,2
4295,4,9
1246,2,3
2073,2,1
4685,2,1
8578,3,6
6650,2,8
8037,1,2
2867,4,7
5453,5,6
8449,3,7
5566,5,5
9194,2,8
3994,1,1
872,4,3
4082,1,2
21,4,1
9490,4,3
4767,4,6
9650,5,2
1049,2,2
8698,2,4
5293,4,8
1805,3,3
4986,5,9
4285,1,7
2908,1,9
8381,2,7
7808,2,6
9408,3,7
6919,2,7
2262,2,8
9063,1,6
9952,2,7
1443,1,3
7905,1,1
9868,2,8
4393,1,4
4017,5,2
1518,3,2
6737,3,8
9974,1,4
28,1,3
8804,2,7
9306,2,9
7237,2,1
2651,1,2
4895,4,2
8939,4,3
6915,3,1
2171,5,2
6486,2,6
4989,1,5
6401,3,8
9336,2,4
9806,1,4
3502,1,2
1155,2,3
1492,2,7
9159,1,6
3008,3,7
9787,2,6
8200,1,9
2957,5,2
9471,3,3
4459,2,3
4348,4,3
5479,3,8
447,5,3
9364,5,9
1849,3,6
5883,3,2
5474,2,8
7110,2,4
540,5,2
1126,2,4
9570,1,7
8606,1,8
9070,2,3
1697,4,9
5716,2,2
7822,2,1
1160,3,2
2461,2,8
2217,1,7
3456,3,8
6152,2,6
1981,2,3
5572,1,1
3827,1,8
2024,2,2
3520,3,1
2987,5,3
1620,2,8
3428,5,4
4551,2,5
2477,5,4
9250,2,2
4385,2,1
7485,1,1
573,2,2
2930,1,7
3110,1,1
1361,2,9
3488,5,7
8897,2,9
9767,2,8
6821,1,1
8416,4,4
907,2,1
1974,2,9
6006,2,8
4014,2,6
7756,2,7
1366,2,3
8154,4,3
6279,2,5
3758,5,9
3032,4,3
5587,5,7
2338,2,7
6048,2,1
8355,4,6
9712,2,5
4968,1,2
2454,4,8
9131,1,2
5072,1,6
871,2,9
6542,5,9
9770,1,4
8786,2,7
8244,5,4
8719,2,7
8550,2,2
6991,1,9
6117,2,4
8675,5,4
3638,2,9
5946,3,7
9879,3,6
3942,4,2
5128,5,4
603,1,7
386,3,6
799,5,3
2174,2,9
9976,1,4
4631,5,9
7941,2,1
8345,3,2
2569,1,1
404,2,6
2921,1,4
5070,2,1
8211,3,2
4661,4,4
3227,3,4
2921,3,6
8885,5,6
6631,2,9
3887,4,6
8879,2,5
5892,3,6
4615,1,5
439,1,4
713,1,1
9849,3,9
6283,2,7
5144,2,4
867,1,6
164,5,9
7395,2,4
4374,4,9
3989,1,9
9122,2,4
4215,1,1
7170,3,3
1786,2,1
5472,3,3
6245,2,9
6192,5,5
9690,2,5
8580,2,6
4619,5,3
9559,2,7
7991,5,6
4220,2,4
4855,1,8
7669,3,3
4823,1,8
3974,4,8
5737,2,8
8567,1,6
9242,2,3
1024,1,3
4194,4,3
1782,1,9
6100,3,1
5485,1,2
6539,1,4
9904,1,1
7304,2,3
7146,2,1
1772,2,6
1305,5,9
9047,1,7
2951,2,1
9307,2,1
1291,2,2
9128,4,5
9510,1,4
8683,2,1
9705,5,4
3685,1,6
1104,3,3
461,2,9
8204,2,3
292,2,1
9381,2,4
731,3,6
5109,5,1
7744,3,1
3189,5,8
6531,4,8
5010,3,7
6786,2,1
7187,2,6
8273,2,2
7420,2,4
5884,2,9
2808,1,5
6669,2,4
6902,1,1
204,5,1
5471,1,7
4041,2,8
9476,1,5
8355,1,3
1733,1,1
1393,4,1
7736,2,6
4793,3,2
7310,3,3
729,4,9
4322,1,7
5183,5,2
2076,1,5
2440,3,5
5807,3,8
3881,3,5
3858,1,6
7587,2,9
5811,1,7
138,2,2
8345,1,8
8946,2,6
9300,4,7
4722,1,3
3401,1,7
1761,5,1
4988,2,1
4574,1,1
6424,2,5
549,5,8
4736,1,5
6101,5,4
9964,2,7
7575,5,7
1472,5,8
5221,1,2
2864,3,8
6405,1,1
3044,1,5
485,1,3
3826,1,4
5706,3,9
5705,2,3
127,4,3
9732,1,6
8635,2,2
957,1,1
3377,1,6
145,1,6
9279,5,9
3072,3,7
6786,2,8
8633,3,3
9489,5,2
7171,3,8
5633,5,6
3816,5,5
1765,2,3
2038,4,9
2124,4,3
842,2,5
961,1,9
4487,3,4
2704,2,5
3466,1,8
4441,4,1
870,5,3
4720,1,4
8990,5,7
6408,3,2
2409,1,9
322,3,5
4243,4,6
6525,1,3
6099,1,5
8256,1,9
4570,5,9
5147,3,2
3424,1,9
4635,2,9
5948,2,5
2521,3,2
8255,1,8
4556,5,9
7728,3,5
7331,2,6
2998,3,7
601,2,3
7186,3,1
2458,1,8
9461,2,6
1912,4,7
9656,2,7
152,2,3
8043,1,4
1386,1,1
3070,2,3
7651,2,8
124,1,5
8219,4,4
1041,2,2
5163,2,1
7118,1,5
4129,2,8
5322,3,2
5579,3,1
5306,3,6
7099,1,2
6651,2,6
9651,3,8
6904,1,1
7230,2,5
2761,1,9
2118,2,4
2090,2,4
1371,2,7
3781,1,6
2812,2,7
5898,2,8
8696,2,7
8364,1,1
1045,1,1
5970,2,7
7737,5,4
6366,3,1
396,2,1
3315,2,8
6235,3,3
9944,2,8
4891,5,4
5586,2,2
3540,5,7
3272,4,6
1770,2,8
3313,5,7
1454,2,3
6254,4,8
5675,1,8
7506,4,5
1823,3,4
1612,3,1
1093,2,4
36,1,2
54,2,7
2512,2,9
9880,5,8
3391,5,8
867,5,7
6657,5,5
8615,2,3
3989,1,9
1550,1,5
7307,5,1
3464,4,8
8799,1,5
1171,5,9
8753,2,4
9665,1,3
2602,2,7
3607,4,3
9328,2,5
1204,5,2
1938,1,8
9733,2,8
3155,1,2
7429,2,1
1349,3,8
8046,5,7
5550,5,3
1389,2,9
7175,4,8
902,1,6
6132,5,5
5495,4,7
2956,3,7
9280,2,1
4126,2,7
1441,4,7
194,2,1
397,1,1
1404,1,8
482,3,1
7750,1,7
3970,5,4
6743,2,3
4532,2,1
5103,1,1
1705,5,7
8622,2,7
2897,5,6
7114,1,6
8339,4,3
2029,2,3
7047,2,4
5739,3,2
582,1,1
9011,5,2
4371,2,9
8736,4,4
9504,2,2
2681,1,7
4227,1,6
2187,2,9
6024,1,2
3526,2,6
8331,1,1
1805,1,9
5608,3,8
5374,1,4
9444,4,9
7898,1,5
5211,4,1
421,2,5
4128,4,9
3469,1,1
714,2,1
8624,5,4
5236,1,5
8314,4,2
2602,4,9
1956,2,1
8050,1,2
9617,1,3
3079,2,8
5713,2,5
9195,2,1
941,2,6
1346,2,6
4397,4,5
5143,2,4
2858,2,2
631,2,8
5681,2,9
1249,3,9
8959,4,6
4971,3,1
1307,3,8
2342,2,2
4643,2,1
8501,5,2
8821,4,3
1203,5,5
6780,4,1
5223,1,4
1810,2,9
673,1,9
715,2,8
8173,5,3
1247,1,5
9008,3,4
6835,4,2
4808,3,1
454,2,8
3178,5,3
3593,1,6
9305,2,1
1516,2,3
4022,2,9
8981,4,4
7213,3,6
6791,3,3
2791,1,5
936,2,5
7026,4,6
9817,2,9
196,5,6
5518,5,6
2635,2,6
54,2,4
6077,2,5
1621,5,8
9847,2,6
312,3,1
3291,1,9
1875,4,2
9359,5,1
804,2,3
5398,1,5
6803,2,6
2054,5,6
7721,1,7
7360,3,3
477,1,6
9777,2,6
113,2,2
6545,1,8
5006,2,5
3836,2,8
6911,5,8
2969,1,9
9327,1,2
5410,2,7
4159,5,6
8972,5,5
7171,2,8
172,1,1
7110,1,5
2019,2,5
7640,2,3
6376,1,5
9582,3,7
8158,5,4
892,5,7
7825,5,5
6250,2,6
3615,5,1
3452,2,8
8073,5,5
4487,5,8
8651,2,2
6811,2,4
2586,2,9
3399,4,6
9410,2,8
2879,2,9
3578,2,3
6623,3,2
3240,1,4
9038,2,1
428,5,5
6244,4,3
7128,1,1
5632,1,7
2016,3,3
5189,2,1
648,1,5
8611,1,5
5666,3,5
4140,3,9
1098,1,7
993,1,7
2565,5,5
2342,2,3
6655,2,6
6932,5,3
1118,5,4
8779,1,5
6881,5,4
238,1,1
6469,3,1
4201,1,3
8107,3,3
6083,1,2
7129,1,2
2884,2,4
8169,1,3
292,5,7
1767,3,3
6300,2,3
7958,1,7
5510,3,3
1599,2,2
7556,2,2
4037,2,3
8183,3,8
7071,3,8
7750,1,7
2879,1,5
643,2,4
8324,3,9
1592,1,1
4911,2,7
4996,1,7
1123,1,1
2473,5,5
6809,2,5
7348,4,1
164,1,8
5715,1,2
1286,2,3
3267,1,1
3283,3,4
5037,5,4
7695,5,2
2825,2,3
3219,2,6
4204,1,1
6916,5,3
820,1,2
4993,5,4
9648,1,1
1909,1,6
8098,3,2
5428,2,2
8043,1,9
8890,5,7
4389,3,2
2383,1,1
6409,2,5
3631,1,1
3639,2,8
2474,3,7
2415,2,5
8720,3,9
877,1,5
4768,3,4
8519,1,7
7932,2,7
8889,2,9
9590,4,2
9308,2,8
741,2,3
6471,1,4
8010,1,3
117,2,6
1963,1,4
7751,5,8
2508,4,5
8772,2,6
7210,1,9
812,2,4
3059,2,2
7789,2,7
8229,2,1
4171,3,8
7645,5,2
6365,2,4
8148,2,5
1193,3,6
2951,2,3
5510,5,8
6075,4,7
3428,2,8
4608,2,5
9307,4,7
4629,1,9
393,1,5
3023,1,1
6422,4,2
1576,2,3
8414,5,7
5943,2,6
9131,2,3
9418,1,9
218,1,4
4358,2,9
1682,2,3
9746,5,4
3268,3,8
6777,1,4
65,2,3
2702,1,1
1421,2,3
8914,1,8
3447,1,5
3436,2,6
6681,5,2
3105,3,6
4696,1,9
1309,3,6
1301,3,9
2563,2,2
5918,5,5
4100,1,3
3776,2,1
1583,5,8
3262,2,8
9565,3,9
4627,5,1
1381,4,3
2518,2,1
3006,2,3
9362,4,1
3947,1,7
9153,2,3
4043,4,3
7816,1,8
6197,5,9
1982,1,9
5587,1,5
5967,2,9
343,2,4
2317,2,2
1537,3,3
8532,5,4
8737,2,9
8742,1,8
6845,4,3
2599,4,3
3443,2,1
1310,2,6
2962,5,3
4403,2,2
621,3,2
3321,2,5
4226,4,7
6072,2,7
9913,2,6
6027,2,6
9666,2,2
3787,1,1
28,1,2
7176,2,8
9839,1,1
2975,5,7
478,2,7
6519,3,1
5098,3,4
6888,3,8
4002,1,9
9201,1,3
2825,4,3
7004,5,2
1990,2,2
4890,2,8
6867,3,1
7170,2,4
9022,1,5
2077,5,6
3952,1,5
6969,3,8
1198,1,8
375,3,9
3701,1,8
8909,1,6
2922,1,2
1811,1,3
1362,5,7
1918,2,5
3168,1,3
4934,2,4
3347,5,4
942,1,5
7896,4,6
8258,1,4
1408,5,8
6569,4,7
2951,1,2
3171,3,5
6881,2,3
9542,3,1
1255,3,8
4167,1,3
1305,1,2
7269,3,3
6523,2,2
319,4,2
7021,4,5
9147,1,1
2014,3,4
2016,2,7
2677,5,4
9097,2,4
9474,4,6
6995,4,6
5532,1,2
3077,5,1
7780,2,9
7255,5,6
3442,2,4
3511,2,9
6647,3,3
8506,3,3
9289,1,6
7874,2,8
6125,2,8
6369,1,3
3233,5,8
5586,4,7
5291,2,5
3820,2,8
1726,4,8
6951,4,5
7417,1,5
6823,4,4
832,3,2
97,2,6
700,1,9
4805,4,3
3198,1,9
9184,2,3
9143,2,4
870,5,3
819,4,6
5953,1,1
6205,3,5
5280,2,3
8409,1,2
6817,1,7
5041,3,2
3356,2,5
6637,2,3
4255,2,9
7036,5,5
3746,2,6
5808,2,3
1386,3,5
6661,4,2
6176,5,6
1698,1,4
5936,3,4
9185,2,6
4799,2,2
7306,1,3
585,2,4
9427,1,8
1446,2,9
3455,3,6
4038,2,3
3990,2,8
3950,3,8
8070,5,3
8626,2,7
8593,4,2
7375,2,4
1734,4,3
225,3,6
2366,3,8
7680,2,5
6828,5,8
4059,1,4
2361,5,5
2001,2,4
9625,3,5
449,4,6
9148,1,7
5730,1,1
8056,2,1
651,5,7
3843,1,8
5390,5,9
8488,3,8
4596,2,5
2968,2,5
5185,1,7
3015,3,1
9228,4,1
6387,5,5
8782,5,1
8457,2,3
5038,4,8
3169,2,3
4881,3,5
6852,1,2
6329,4,2
755,4,3
4263,2,4
2907,2,8
9465,2,3
3809,2,4
6985,2,7
2182,5,9
6745,1,2
7651,1,2
8071,5,4
9019,1,5
1313,2,8
3195,2,1
4813,5,4
3375,2,6
1468,2,5
8068,2,2
6574,3,5
1358,5,6
1225,2,1
5671,2,8
1893,2,9
7916,2,2
9345,4,4
665,3,6
6398,3,4
7610,1,1
1544,3,2
3232,1,5
7990,2,9
9116,2,3
8980,2,8
9716,3,1
5299,2,2
8947,3,5
1244,5,2
5753,4,3
8829,1,8
806,2,4
1088,2,6
2305,3,8
4142,1,6
2514,1,6
4145,3,8
5916,2,5
1071,2,3
8142,1,4
4640,2,3
1956,4,1
1695,4,2
3040,2,7
8285,3,6
8049,2,4
6197,3,5
595,4,8
2091,3,8
3048,5,9
2613,3,5
4298,1,7
4352,2,7
5215,1,3
6186,1,8
4502,5,7
7418,4,3
2011,5,3
1473,1,9
265,5,8
2,2,6
3561,2,1
4071,2,8
4476,3,5
6707,5,7
1156,2,8
2145,1,6
4242,5,8
5475,3,4
7730,1,4
6875,2,3
1319,5,7
4432,2,1
1442,5,3
1391,1,6
3439,1,9
5094,5,8
2912,1,6
2079,2,8
5691,1,9
1502,2,9
7641,1,5
6983,5,4
5148,4,7
2402,2,2
2627,1,5
5753,5,9
5588,5,3
8258,1,2
6625,2,5
8451,3,3
925,5,6
2201,1,7
7556,1,4
951,2,1
3336,1,8
4542,1,1
8559,1,8
1520,2,8
1252,2,5
3300,1,4
4107,4,8
427,2,2
523,1,3
1892,2,2
9829,2,2
4145,2,3
5234,4,2
7953,1,6
8166,5,8
5627,2,5
9121,2,7
3607,2,5
3854,2,9
8334,2,3
7894,3,2
2349,5,2
5547,4,8
7731,1,8
7192,5,4
7114,5,7
1161,2,7
3735,2,6
8295,2,5
7610,2,2
290,1,7
4811,3,2
4982,5,7
9631,2,7
1978,2,7
3125,1,6
3314,5,2
2476,2,8
982,1,6
2844,1,1
9264,3,4
6302,1,8
2554,2,1
4858,1,3
5101,3,6
6424,3,4
8781,2,3
5253,4,1
7475,1,9
6972,2,8
2270,3,9
5389,2,3
4220,2,5
5494,5,9
6196,2,9
986,2,6
2193,3,9
7126,5,9
9314,2,3
561,2,9
4205,4,1
7989,1,1
5899,2,2
7658,5,9
7114,2,4
6145,3,7
5390,3,4
1005,3,4
4279,2,1
5514,5,9
6355,1,3
4111,1,4
143,4,6
2687,2,6
3047,2,1
7956,1,4
6141,2,6
2737,1,9
5090,2,1
3331,2,7
704,4,6
9135,2,6
8350,3,2
9906,2,5
1538,1,4
6575,2,3
3874,4,6
899,2,4
8906,3,2
8987,4,6
9820,1,4
6121,1,3
6860,2,9
8191,2,1
1770,1,1
4845,3,7
4773,3,4
4656,3,2
2809,3,5
7643,4,1
8759,1,7
6854,4,2
2763,1,1
9728,2,7
4289,5,7
7710,5,1
3676,3,4
8379,1,4
7063,2,6
6760,1,4
4722,2,7
2917,4,5
566,3,7
2051,2,6
4003,2,9
8549,2,5
634,1,5
3434,5,2
7730,2,2
3448,2,3
5046,1,9
1609,3,3
5618,2,3
6389,3,9
9376,2,3
3530,3,1
658,2,9
8651,1,4
1119,2,4
4565,3,2
1558,5,1
3692,1,7
9366,4,4
6172,1,6
7265,3,6
5768,1,4
2448,1,2
8228,2,1
2167,2,3
9334,3,4
2714,2,6
7796,5,9
3732,3,1
4791,5,6
8381,2,6
9419,2,6
4960,1,9
6364,5,8
852,5,9
9608,2,1
5458,2,2
9550,2,1
6478,2,7
3292,1,2
3877,5,3
4097,2,1
568,2,5
223,2,9
8783,2,1
8994,1,8
5843,2,6
1028,2,5
7020,5,9
9774,4,5
7022,2,7
6376,5,6
8378,3,6
2610,2,1
169,1,2
8675,2,3
5303,1,8
5134,4,1
5178,4,4
4746,5,9
9925,1,9
1474,2,2
6230,2,8
8912,2,7
8749,5,6
218,1,3
9406,1,4
6209,2,5
211,2,3
3394,3,5
138,2,4
6814,3,2
2663,2,1
4723,5,3
9305,2,8
6692,2,1
5846,1,4
5992,2,3
9593,2,9
1358,2,3
7492,2,6
8145,2,4
4023,2,4
998,4,3
776,2,4
2952,3,1
5475,4,7
6099,2,4
1826,1,4
4278,4,2
4369,5,6
9838,2,5
8088,3,1
6354,1,6
7138,2,4
248,2,3
4631,3,8
3199,3,6
7317,1,2
8313,2,6
1232,5,2
1230,2,5
6726,2,5
5277,1,5
2557,4,6
5358,2,1
5956,1,2
6665,1,5
2090,2,3
7262,5,1
6429,4,2
8756,5,1
1956,1,2
4024,1,8
2271,2,5
7782,2,2
5961,2,4
5629,2,6
5451,3,2
3744,2,6
6131,5,7
9195,1,5
7077,2,1
4138,3,5
7964,3,3
9565,1,1
457,1,3
8500,2,6
9544,4,2
8827,1,7
2547,1,1
5034,5,3
2988,3,3
434,3,3
4600,3,6
2869,3,5
3701,1,2
7625,2,6
1147,1,5
4785,1,8
2252,5,5
1695,4,4
367,1,5
4992,3,1
8657,3,3
6511,1,4
1849,2,5
8656,2,5
3815,3,4
6272,2,3
7687,2,2
6065,2,8
977,1,2
1811,1,8
8383,1,9
4859,3,1
1142,2,4
525,1,6
371,2,1
7361,1,8
9516,1,4
7681,3,4
1237,2,5
7726,4,6
9707,2,4
6208,1,1
4419,1,4
8255,4,2
4702,1,6
630,2,1
6314,1,3
2525,2,3
7082,1,9
560,5,8
9879,2,7
5760,2,5
9367,4,5
2702,5,9
9226,2,5
7848,2,4
4962,1,5
8739,3,7
4087,2,9
2011,4,8
3312,2,4
3934,1,3
2170,4,7
8453,2,2
3200,3,1
8731,2,6
903,5,3
4376,2,8
5036,2,4
9658,2,6
5,2,6
2108,1,6
1388,1,7
8674,1,2
1441,1,4
3715,2,4
3826,4,6
2702,5,1
676,2,2
6799,1,3
8251,2,2
1473,2,9
1390,3,5
8509,4,6
1480,2,1
1549,5,2
9172,1,4
2074,2,6
6906,2,9
9020,2,6
7708,2,1
668,1,6
9864,1,3
2918,1,2
4525,2,5
7073,1,4
5022,2,8
5924,5,9
8608,1,8
3065,5,7
3621,4,4
1474,2,1
2231,1,2
6043,5,5
5213,1,3
1141,1,5
6275,2,3
3028,1,7
7735,3,1
9326,1,5
4184,4,8
1705,1,1
8088,1,9
9488,1,7
3772,5,7
6528,1,2
2582,1,6
2682,2,7
330,2,8
2195,1,8
2630,2,3
6071,4,9
9764,2,8
8941,5,1
7679,1,7
1460,3,6
3015,2,8
8932,5,8
9050,5,2
8732,2,6
4840,4,1
7755,2,3
793,2,4
4188,2,9
5673,2,4
579,2,2
6675,3,6
2437,2,2
839,2,9
2550,1,5
3845,5,4
4299,2,4
2828,2,6
9611,1,7
1276,3,5
7734,4,5
9870,1,4
124,4,3
569,3,4
8183,5,6
1995,2,6
4080,1,9
8802,1,1
1460,5,4
9411,1,6
36,3,3
2048,5,2
3193,1,1
5505,2,7
5054,2,2
3597,1,2
1754,4,3
3256,4,1
490,1,3
9066,1,3
9151,1,4
7541,2,6
4613,2,1
4657,5,5
5700,2,6
2146,2,7
2932,5,2
1895,5,3
7449,1,3
897,5,2
7022,1,7
8066,1,4
8074,2,8
9846,2,7
6684,5,9
7901,1,9
4592,3,2
5694,2,4
1905,1,5
119,2,1
9141,1,3
6201,1,2
9062,3,6
3623,2,9
7765,2,1
6001,5,9
3068,2,1
763,4,5
9777,1,1
4410,3,2
4105,1,8
3518,5,2
9088,1,8
4249,3,7
1498,5,5
8976,3,2
7343,5,7
8478,5,9
7502,1,8
1981,2,2
2900,3,8
4723,1,2
4179,3,2
6135,3,9
2294,1,1
5695,5,1
2406,4,1
4566,1,5
4108,2,1
3596,2,4
7613,1,1
3017,5,5
1671,5,2
6802,4,8
6726,3,2
2277,2,6
6909,1,2
7099,2,5
6347,2,3
3195,2,9
7579,2,9
7078,4,5
2102,2,8
8941,3,1
4465,5,4
1667,5,7
1301,1,7
9478,2,6
4434,1,7
6517,2,4
3574,2,5
8386,2,4
8865,4,1
4886,2,8
9921,5,1
8276,2,4
2618,1,8
9292,3,8
9002,2,2
9218,4,1
5058,2,2
4560,2,2
4388,2,3
985,2,7
7160,2,8
9794,2,1
362,2,8
7230,1,3
5963,2,4
925,3,6
465,2,6
955,5,2
6263,2,3
1063,2,3
1266,1,3
5687,1,9
7965,2,4
424,1,3
259,1,7
506,1,4
6679,3,1
1074,2,9
1565,2,8
5849,2,7
139,2,7
1083,1,2
127,1,9
3329,4,1
8620,5,3
106,1,3
7583,1,2
2012,4,2
6490,1,4
2657,2,9
940,5,6
7976,1,8
6501,1,1
1572,1,1
8531,2,2
2729,3,5
1080,1,1
9158,1,3
752,5,6
9156,1,7
7774,5,3
2485,2,3
1149,2,7
8049,5,8
3272,3,6
7195,5,2
2091,1,4
1928,5,7
2696,1,5
8108,1,2
7188,4,6
1401,2,8
9156,2,2
1775,2,7
8499,4,1
7849,1,7
1629,3,3
8835,2,1
5408,1,2
7724,5,6
6991,4,7
4986,1,1
4331,4,2
4387,1,4
3761,3,4
3674,2,3
623,1,7
9545,2,6
7345,1,4
1596,2,8
9465,2,8
1332,5,9
9496,2,7
6127,2,3
4776,1,9
3246,2,1
8724,2,1
4921,1,4
3829,2,5
5832,5,7
5782,5,9
3961,3,9
3540,3,6
2508,2,2
668,2,9
9823,5,5
4217,1,1
6551,2,8
5571,1,1
5059,1,4
9202,2,3
7385,3,7
4317,3,5
1261,2,9
2837,5,4
5517,2,8
7763,2,2
9297,4,7
3344,5,5
4305,1,8
1637,2,4
6928,1,3
5242,2,4
1367,3,9
9939,2,5
6617,5,1
3476,2,7
6557,1,8
2563,2,1
2505,1,8
2898,4,3
6343,2,7
3819,5,6
9542,3,5
1993,1,4
6511,1,3
1297,3,4
9310,2,4
6093,1,6
2509,2,4
3363,1,2
583,2,8
9808,2,5
9672,1,6
1205,2,1
1384,2,4
3785,4,2
8978,1,5
2396,2,6
7798,2,2
6304,1,1
8748,2,9
8074,2,3
7709,1,7
3158,2,6
3907,2,9
9989,1,1
5842,2,2
3389,1,9
3537,2,8
2735,2,4
6412,5,5
1168,1,9
7758,4,3
5651,2,9
3843,2,1
9009,1,5
1722,3,3
1711,5,4
789,2,4
6668,1,5
7721,3,3
6558,1,4
2400,5,4
4262,1,1
9288,2,4
2858,4,9
9102,2,4
2050,1,9
4469,3,5
1303,4,8
8094,3,2
1521,2,5
4009,1,1
2662,3,2
4932,2,2
5246,1,4
458,2,1
9397,2,5
6043,1,8
2822,3,4
1453,2,8
5221,5,5
8344,2,8
7103,2,5
8774,1,7
8878,3,5
24,5,3
6898,4,8
6771,4,8
9939,4,4
3292,1,5
4801,2,1
8678,1,5
132,1,1
5482,2,3
5578,3,8
9681,1,1
2860,2,5
1081,4,4
1107,3,7
3334,1,5
6692,3,6
2858,2,4
7255,5,1
3547,5,1
5829,1,6
406,2,7
9875,3,5
3146,2,6
9177,4,3
9039,2,9
482,2,5
3401,4,2
5612,4,2
8069,2,3
7206,3,9
8106,5,3
5425,1,5
9165,1,8
3066,1,3
5177,3,7
9440,3,9
2558,2,1
7768,1,6
5750,3,9
430,2,6
9220,1,1
8514,2,6
8672,2,6
5830,4,1
6913,5,7
7788,2,4
5540,1,6
7858,1,4
6346,1,5
2839,1,4
9602,1,1
9649,4,6
2477,5,3
5997,2,1
14,2,8
6840,1,6
5726,5,2
2351,2,4
631,2,8
5968,1,5
4332,2,6
3648,4,9
9053,2,3
8175,2,7
3732,2,2
127,2,2
1335,2,5
5232,2,1
8058,2,7
9410,2,3
8181,2,6
2985,1,3
3806,2,9
8175,3,7
4012,2,4
1932,5,7
8904,2,5
7411,2,9
3110,1,9
6582,2,5
4997,2,5
7904,1,8
7580,2,9
40,2,9
1967,1,3
1648,2,8
8726,1,3
4317,3,8
2517,2,1
9086,4,2
5731,2,4
9303,4,7
8865,3,4
9260,1,4
7740,3,3
7793,4,3
2318,2,4
1280,2,1
968,1,8
3949,4,6
1836,4,1
666,2,9
2800,4,7
5184,2,3
9509,5,4
4917,5,2
4978,2,5
6858,3,9
3265,4,7
8974,3,2
1536,5,9
7072,3,1
2384,3,6
5256,1,9
4042,2,6
9566,4,9
3397,5,2
1969,5,9
7114,5,1
9719,3,5
3308,5,4
3370,5,6
5455,3,6
8103,5,1
3625,2,2
8914,2,8
2897,3,3
375,2,6
2678,5,1
8678,5,6
1778,4,1
1797,1,7
8795,5,1
5115,2,7
2208,1,7
6058,3,3
8094,1,5
8457,5,4
3357,2,2
128,2,4
4715,4,3
7086,1,2
5698,2,3
6396,3,7
2210,2,8
7019,3,1
5251,1,5
2544,3,8
9853,2,2
40,2,1
2230,5,9
3230,5,8
3761,2,5
8062,2,9
8323,1,3
3941,1,7
5727,1,9
3123,1,7
9871,2,5
4592,2,3
6606,5,4
4182,3,6
2137,2,5
6466,2,9
5004,5,7
1833,3,4
8097,1,1
3671,2,5
2498,5,2
1242,2,1
6367,1,1
5025,2,1
5717,2,3
650,4,1
2039,2,3
7473,4,1
6016,2,8
6679,5,8
1321,3,6
7223,5,2
5009,2,2
5817,1,2
281,4,8
7191,5,4
924,5,6
5673,3,6
5150,1,5
9595,2,8
7670,2,1
9634,4,1
5474,2,3
9788,5,9
9609,1,3
4767,2,7
4178,5,4
2877,1,5
9265,2,9
1037,1,3
8861,1,1
7764,3,9
7576,5,5
7294,2,6
1812,2,4
8738,5,6
4472,5,9
6095,1,5
2222,5,3
2303,1,6
1374,1,1
5779,5,9
2938,1,3
3187,1,3
2537,2,7
4087,5,8
1701,2,6
3276,2,3
4484,2,4
1616,2,8
1103,2,3
6958,2,6
9742,1,3
4475,5,8
4266,1,8
2200,4,1
721,2,3
3400,2,2
1244,2,1
4439,1,3
8907,2,4
7552,5,6
2993,2,2
3582,3,9
7296,3,3
5441,3,7
919,1,1
1268,3,9
3178,2,5
843,3,5
5471,5,2
6190,4,1
8305,5,6
9957,2,7
9518,5,8
2839,1,6
5239,4,1
2023,2,2
2292,1,4
9613,2,1
4520,3,7
5975,5,7
4615,3,7
8003,1,7
6628,4,8
7394,4,4
6442,4,5
3944,1,3
2392,1,2
599,4,2
9602,4,7
1941,5,6
5859,4,6
2325,1,9
7255,2,9
9773,5,1
259,1,2
4186,3,5
7394,2,1
7185,2,7
490,1,3
7287,2,6
4195,3,7
2234,5,5
3718,2,9
8761,2,8
6834,2,3
8421,2,6
1953,2,5
5790,2,4
1889,4,1
8350,5,6
4532,4,3
1534,2,1
8661,2,4
3465,5,5
8101,5,4
3308,2,5
7901,3,1
1021,1,3
8935,3,6
7053,4,9
2648,2,7
3176,5,7
1015,3,7
8336,4,1
7817,3,3
7222,1,6
8264,2,5
2221,3,2
788,2,5
3276,2,4
7798,1,1
2593,2,4
9340,2,7
1059,3,1
3260,5,6
2034,2,6
9587,2,3
8308,2,3
5852,1,6
7084,1,3
5093,2,8
6740,5,7
8480,4,5
226,5,8
601,3,7
178,2,7
1344,5,3
4757,2,5
6978,3,4
9944,1,6
4894,2,4
2579,3,3
5104,2,7
9156,1,2
4571,1,3
9210,5,1
5636,2,8
1900,2,1
238,5,1
1593,5,5
4163,3,3
7641,3,9
1174,5,7
1079,2,9
4287,3,1
6715,2,3
2493,5,4
5913,5,1
7068,1,4
9008,2,5
8259,5,9
8979,4,2
197,1,3
9961,5,9
225,1,1
4360,2,1
3122,2,5
5541,3,7
6848,2,2
7847,2,1
9521,3,9
7437,2,5
1169,2,3
4283,3,3
3600,1,1
916,1,7
6130,5,6
4048,2,1
4456,5,6
6950,5,2
308,1,9
8136,3,1
8101,2,4
2126,1,4
8660,2,6
5529,2,1
7465,1,7
3690,5,5
4955,1,4
8976,2,2
8863,5,4
2223,1,6
8210,5,9
7488,3,5
2516,2,7
5672,1,2
9018,4,6
9419,1,8
5062,2,9
8828,2,5
32,2,6
4844,5,3
5231,1,7
1740,5,8
3770,3,5
4858,4,2
2604,2,2
536,3,1
243,1,2
3144,5,6
9614,1,1
8553,2,3
6758,2,2
9513,4,8
7301,2,1
6173,5,6
5431,1,1
6953,2,5
1001,4,7
8322,5,8
152,2,6
9224,1,5
3362,2,6
2569,2,7
4177,2,5
8603,2,6
9079,3,7
2280,2,9
4809,2,7
7295,5,5
2082,4,3
1681,2,2
5283,2,1
5226,3,7
2202,5,6
4201,4,2
7500,2,6
2527,1,9
1670,4,7
6865,2,9
7963,5,2
5404,1,1
3135,2,8
8325,1,3
7994,1,2
4679,4,5
9892,4,3
9150,1,9
8104,3,6
7435,2,5
3803,5,3
9105,2,9
4929,5,8
6153,3,6
7899,1,4
5407,2,2
228,4,9
3505,2,8
563,2,8
1266,2,2
390,3,5
9528,1,4
2855,1,4
5459,2,6
286,2,9
5215,4,5
2414,5,4
3293,3,5
2655,2,8
3748,2,4
5415,2,7
1276,1,5
1622,2,7
2389,3,7
3980,4,3
3998,2,7
8178,4,5
8864,5,7
1858,1,2
5318,5,1
4049,1,5
4536,2,7
3338,1,3
7515,2,2
7034,2,2
4345,2,3
9772,3,3
1788,1,7
7533,5,8
4885,1,9
9371,2,3
5017,1,2
3068,5,1
1094,5,2
771,3,5
6031,1,7
4705,2,6
702,1,5
3332,4,3
1219,1,9
3801,5,3
2378,3,4
6715,4,4
8870,1,5
8663,2,5
9343,3,5
1972,1,2
605,3,3
6129,1,5
3169,1,7
3410,2,9
1313,1,4
3570,1,1
3399,5,4
8855,1,7
8317,1,6
2001,2,7
5377,2,2
5160,3,1
3147,2,7
9068,1,4
4674,3,8
4094,5,2
622,1,8
3369,1,8
3829,2,9
9978,2,4
4707,1,1
7187,1,1
8790,5,2
5310,2,3
358,4,5
2303,3,9
5036,2,3
4074,2,8
3830,5,8
2132,4,3
7141,1,5
4916,2,4
8383,2,1
2589,2,8
3429,3,3
7248,1,7
1037,1,8
1301,4,6
1222,1,6
6963,5,5
845,2,6
9629,2,9
5150,3,7
2657,2,2
352,2,3
1658,3,6
5655,3,1
8236,1,5
339,5,5
6224,5,8
6888,2,5
5959,5,8
6386,5,4
8911,4,6
8935,4,7
2673,1,9
2716,3,3
9354,1,8
2088,2,3
5346,2,9
8853,2,5
4088,4,9
5596,2,8
3885,2,3
6758,2,4
5125,2,7
2236,5,6
8743,2,9
1913,1,3
9060,1,4
4673,4,8
4383,1,9
5597,1,3
7611,5,5
1697,4,8
9234,1,9
5109,5,3
7868,5,6
7915,1,3
8144,3,1
6374,1,7
2296,2,1
2745,4,4
3163,2,7
2753,1,2
3140,1,2
3251,5,3
6259,3,9
8140,1,5
9500,4,8
6591,4,3
8446,2,6
1158,4,5
5190,3,4
6833,1,9
6215,2,3
7566,1,6
8230,4,8
9577,2,3
8195,2,5
5447,4,5
7675,2,2
6924,1,7
1989,2,4
8576,4,8
2596,4,1
3964,2,4
110,2,4
969,2,3
7340,1,2
457,2,5
7747,3,2
7062,4,7
8227,3,5
6190,1,1
792,2,8
7500,5,2
4607,4,3
246,2,1
9241,3,3
9879,1,6
4075,2,7
348,2,4
2744,2,4
8438,2,3
8698,2,5
7894,5,3
4339,4,1
2541,2,6
8784,3,1
5844,3,7
552,2,5
389,5,3
976,3,4
6769,5,8
9203,5,6
5117,2,3
208,3,4
2562,2,2
6435,2,7
5638,1,9
1849,1,9
4587,2,1
5703,2,9
2785,1,3
8829,2,5
2362,3,6
6869,3,6
354,2,4
6648,3,3
9155,2,1
2758,1,5
6013,4,7
5029,2,3
2512,2,4
263,1,3
2458,2,1
5208,1,8
1068,5,7
7243,4,5
88,2,1
438,1,5
3350,2,7
5079,5,8
3377,1,5
9355,1,4
590,1,1
4880,2,8
1968,4,8
8712,1,6
9153,2,8
1474,2,6
2840,1,5
1040,4,3
63,2,6
6248,3,7
7175,2,8
8631,3,1
6124,1,6
8889,2,7
3933,2,2
2607,4,9
2224,5,5
8170,3,5
4365,4,5
9935,2,7
8267,3,7
7872,2,4
3621,1,1
9210,5,2
2737,2,4
364,1,8
7924,2,7
7567,2,9
9295,3,8
825,2,3
3825,2,7
4766,1,9
4689,2,6
8627,5,5
283,2,3
4837,5,3
6241,4,1
3526,2,3
1123,1,5
6312,3,4
1997,2,4
8892,2,7
8867,1,7
1215,2,8
7395,4,2
3075,2,7
8891,1,4
2091,2,9
1461,5,4
3488,5,9
2974,4,8
8536,2,4
1736,5,1
3688,2,4
3628,1,7
4802,3,2
8730,2,5
4954,2,7
323,1,5
9077,2,2
4177,1,5
3631,2,2
3741,3,2
9480,3,9
3852,1,8
4685,1,1
4375,1,8
4673,2,3
2832,2,9
7398,1,3
9302,5,8
8153,5,1
4015,1,5
490,3,2
405,1,6
4207,2,9
2321,1,8
1360,1,6
3269,2,5
4341,3,6
2326,1,2
6055,2,1
15,2,2
4250,2,4
7933,5,2
6981,5,5
5009,2,2
8155,2,6
105,4,2
2319,3,7
6806,1,3
879,3,2
2916,2,4
4742,1,5
7026,5,7
4683,2,7
5896,5,1
1309,3,2
7184,1,3
6565,5,8
5364,1,8
3681,3,5
563,3,7
3063,4,3
8580,4,4
7662,2,3
3951,1,8
5401,4,4
60,5,5
5876,2,7
8763,2,6
7905,2,1
9194,5,9
2901,2,4
1432,5,6
8615,2,1
8558,1,1
7252,3,4
3770,2,3
4338,5,8
61,1,2
1505,2,7
3085,1,2
8486,1,5
5290,5,5
8903,5,1
3009,2,9
8810,2,4
8617,2,4
5906,5,7
4262,4,6
9150,1,6
883,3,6
483,1,5
1860,3,4
1183,3,2
8890,1,6
5715,2,7
6642,5,3
4257,4,1
3086,1,5
2146,5,6
100,2,8
9846,2,8
1390,5,4
4096,1,4
9986,4,9
7046,4,8
4066,2,6
1645,2,9
9302,4,3
2933,3,4
7527,3,2
9231,2,2
8747,2,5
6408,2,2
368,2,8
9667,4,7
6091,1,2
941,3,7
4454,1,8
2130,1,5
8817,2,4
1760,5,3
7297,2,6
6917,2,7
4273,2,9
2374,3,2
105,2,3
4828,2,4
6017,1,8
1705,2,7
3412,1,6
6035,1,2
6101,1,2
5437,2,5
2291,1,3
6370,3,1
7189,2,8
5197,1,4
5906,1,3
6970,5,5
2103,1,9
2315,1,2
5677,2,3
7974,5,4
8581,2,7
9815,4,7
3202,1,1
6617,3,5
8940,2,8
5927,2,6
6940,2,1
3828,3,1
1566,3,5
7549,3,7
4483,2,4
1862,2,8
1002,5,1
2603,1,7
6479,2,1
8670,1,9
376,1,5
2219,4,1
5130,1,9
1143,5,6
3863,2,6
7421,5,3
3574,4,7
4122,3,8
4085,5,6
6960,3,7
3113,2,2
8761,2,5
313,3,4
9795,4,9
7353,2,8
7816,1,9
6829,2,9
7816,3,2
1631,1,3
4503,5,6
5670,3,2
5521,5,3
8663,4,7
8987,3,9
5263,1,7
5118,5,2
5144,5,7
7058,2,8
8736,5,3
8173,5,8
7803,3,4
9588,5,4
8871,1,4
4615,2,4
4911,5,3
4166,5,9
575,1,7
7714,1,5
9967,5,6
241,3,7
1199,1,4
3795,1,6
2073,5,7
3462,5,6
1141,5,8
5873,3,8
99,3,4
7992,3,9
1777,5,7
5842,1,9
4671,1,2
9768,2,4
538,1,6
1505,2,5
7223,4,5
2118,5,9
5017,5,7
943,2,5
6157,2,3
4150,2,5
9269,1,1
1813,2,4
7286,1,4
7584,5,8
2013,5,4
5177,1,9
1964,2,5
4508,2,4
2176,2,8
7152,2,4
878,4,2
1906,4,8
6323,1,5
3444,5,6
1018,1,7
1086,1,5
6726,4,7
4596,5,5
785,5,6
5856,2,3
6747,2,8
7260,5,4
4242,2,1
9078,2,4
1121,1,3
1174,3,4
4442,2,2
7780,3,4
2332,2,2
5570,3,3
2671,3,3
9688,1,1
7358,1,9
3275,2,5
8391,1,2
4464,2,3
4549,4,3
4898,1,5
4325,5,4
187,2,5
2307,2,3
6008,2,1
2064,2,5
5280,3,9
2677,4,8
3415,2,4
2814,2,3
2585,3,3
9897,3,7
481,5,1
8181,2,2
7470,2,4
3889,1,8
5552,1,3
3058,2,9
9163,2,7
6312,2,6
4416,3,6
2808,2,3
9024,1,2
4451,4,9
7830,2,5
6047,1,5
173,5,7
5091,5,1
7265,2,5
8338,4,9
2153,2,6
8538,1,5
252,4,6
4196,4,1
2361,2,6
6003,5,2
3435,1,6
7905,2,1
9385,5,6
5170,2,8
4596,3,9
3887,5,1
9708,3,2
3791,4,8
6629,5,5
7862,2,8
7496,2,8
1835,2,9
123,2,7
4469,3,7
2616,3,9
2702,3,2
5978,3,4
6558,1,6
227,3,7
3408,2,1
7096,3,4
9857,2,5
4582,4,4
2777,2,3
2262,1,2
1231,4,8
8936,2,6
5582,1,2
9146,3,8
5067,2,6
2518,2,8
5980,2,3
375,5,3
854,1,2
3965,2,9
9556,1,8
9058,4,7
9454,3,9
6885,5,2
2794,5,8
1251,5,7
1438,2,1
4774,2,5
5692,1,7
634,5,7
8335,5,4
7562,1,3
6155,5,7
5950,2,9
5892,2,6
4550,3,9
7445,1,4
1992,3,9
4778,2,1
5006,2,1
7102,2,7
9730,1,1
9916,4,1
2016,2,3
830,1,3
7717,1,4
4630,1,4
5135,3,3
5163,2,7
1919,3,4
479,4,6
6035,2,8
9783,1,9
2451,5,7
7278,3,3
252,2,8
1252,3,7
9361,4,1
6761,2,2
932,2,8
6218,3,9
390,2,9
2921,2,7
6479,2,7
7477,5,9
7693,1,7
1939,2,9
7411,2,6
9353,3,2
3365,2,1
4183,4,4
9119,1,5
8592,3,5
5825,2,3
5999,5,3
5574,1,3
6402,3,6
576,4,6
1375,2,4
3236,5,4
3123,5,6
8910,1,7
8442,5,1
5693,4,6
1896,2,9
800,1,3
6982,3,3
3070,5,7
8231,2,8
9215,2,8
1883,1,8
7360,5,4
7481,5,1
7616,5,6
5120,2,3
4409,1,8
5302,1,1
2009,3,6
7965,5,3
694,2,9
1995,3,1
1002,3,9
8032,1,1
5026,1,9
8166,3,1
8812,2,9
4370,2,8
1855,3,4
386,5,4
6418,3,9
5168,2,1
1707,2,1
6499,5,1
2559,4,7
2377,4,2
3073,2,4
9116,2,7
3865,1,6
3153,5,3
6595,2,2
6722,1,7
7706,2,7
2717,4,6
1944,1,2
1239,4,8
4557,5,7
8109,2,7
1760,1,7
771,4,6
4206,2,8
6691,2,5
1758,3,8
978,2,4
2293,3,6
9371,1,8
8348,5,9
5251,2,3
9944,1,7
3998,2,5
9661,3,4
1778,2,2
6344,4,9
4198,2,2
4559,5,6
3058,2,5
4404,1,4
2554,5,1
9720,5,1
8617,4,3
1680,3,4
4928,1,5
4181,1,5
2441,2,3
2369,3,5
7244,2,3
7640,2,2
9591,1,1
2577,4,7
8859,1,8
9913,2,3
9833,1,2
6477,1,3
9189,2,1
5265,1,9
2672,2,9
7081,1,8
195,2,1
8731,5,6
6490,2,7
8928,1,9
6806,1,5
7541,2,1
9445,2,2
5269,2,5
2759,2,1
3679,2,5
614,2,1
6647,3,1
3502,1,4
757,2,2
1507,4,4
3098,5,9
786,1,3
5847,1,6
9640,2,9
3438,2,6
7542,4,9
6855,1,2
8096,1,6
4266,1,7
7759,3,6
3419,2,1
3443,1,7
7800,1,5
5756,1,7
7052,5,7
8688,2,2
1544,2,8
8933,3,8
5726,1,6
912,2,7
6387,5,2
1381,3,3
7325,2,4
1397,3,6
7716,5,9
362,5,4
1320,2,3
153,1,5
4805,2,6
7870,5,5
8712,1,4
5209,1,3
9132,3,5
5187,5,9
9539,3,8
9034,3,7
7306,2,1
3155,2,8
9822,5,6
9135,2,2
3744,3,2
6681,2,6
5022,5,5
1773,2,2
277,4,6
546,2,1
1211,2,3
3455,5,6
275,3,5
8957,1,9
9510,2,2
1337,1,8
4356,2,5
3466,2,2
8163,1,3
5962,5,4
906,5,5
3264,2,5
5743,4,1
8496,1,3
326,3,3
9580,2,2
8192,2,8
8237,2,3
9157,2,4
7292,1,1
4863,1,2
9697,2,7
3840,2,9
210,1,8
8929,2,6
1361,2,6
160,5,4
6324,2,2
1087,1,1
3255,1,1
1917,2,2
1882,2,4
8004,1,7
2929,3,7
7611,1,6
2712,2,1
2627,5,2
5984,2,6
6858,3,2
121,1,6
4979,4,7
2431,2,4
1925,2,4
842,1,1
2858,2,2
4009,1,7
3224,2,7
1948,1,7
2853,1,9
6234,3,8
39,2,4
2522,2,1
2183,2,3
7494,1,9
1101,1,4
6826,1,3
5074,1,9
594,1,2
5964,2,9
7850,2,7
5397,1,7
961,1,3
5388,4,2
111,2,1
1059,1,3
5032,2,9
3056,5,9
2123,3,2
2207,3,6
5452,3,6
3089,1,2
3142,1,7
2146,4,4
3172,3,3
8737,1,7
7500,3,8
7715,3,1
7027,1,4
3248,1,8
861,2,7
1918,2,7
5484,2,3
2700,1,4
8936,4,4
2809,1,9
9443,2,7
9974,1,2
4102,2,4
8024,1,8
212,2,7
6902,3,4
2179,2,6
2028,1,4
449,5,3
431,2,8
3789,2,3
652,4,1
7112,3,9
7954,1,4
3584,3,6
2172,2,4
7640,2,1
4757,2,3
4750,2,3
4514,2,7
172,2,2
1210,1,9
8258,4,5
8684,5,7
5169,1,3
1403,1,7
9559,5,9
1399,3,2
9769,1,2
4019,3,5
4606,3,8
443,1,7
5169,2,6
6020,3,5
7678,3,4
6591,2,3
2327,5,4
1536,2,3
5688,2,5
7275,1,7
6813,2,1
1371,2,2
9402,2,1
8374,2,4
1940,2,3
9378,2,7
7155,2,9
6554,4,8
3175,4,7
708,3,1
4116,5,1
3042,3,5
3088,2,1
2701,2,5
5330,2,5
3982,3,1
5505,2,6
800,2,8
8023,1,9
8219,4,4
6221,2,6
9405,2,6
8822,5,4
6674,2,3
4871,3,8
5072,3,3
1471,2,3
915,3,7
9236,1,4
1336,3,3
5741,1,1
8686,1,4
6451,2,7
9455,4,2
1038,2,9
7100,2,8
8847,5,2
5413,1,7
5358,2,7
3595,3,6
221,2,5
5819,3,6
3805,1,6
9150,2,8
9406,5,7
4843,3,9
8837,3,6
7468,1,1
7937,4,9
8343,2,2
4426,1,3
7498,3,4
2086,1,9
3846,3,1
4655,3,8
3474,1,9
7321,1,2
8714,5,1
4644,1,5
7204,5,1
5294,5,4
3872,1,5
7361,5,6
3248,4,8
9756,3,3
9535,1,7
3990,2,4
1495,5,1
3373,3,4
8241,4,5
5946,1,4
4123,2,9
7479,2,2
5732,1,7
9985,4,3
4653,2,6
9923,2,1
6116,3,7
9345,1,8
9233,4,8
6864,5,2
5787,2,7
2453,2,9
9863,2,8
8327,2,9
5942,2,5
5552,1,6
9475,5,3
3552,5,9
9864,4,4
5059,3,6
2916,3,8
7499,2,3
8934,2,5
5084,1,4
8658,4,9
9980,2,6
7783,1,5
4670,1,9
4763,1,4
7713,1,3
180,2,6
4978,2,3
3454,5,1
4566,2,5
7817,2,5
555,5,4
1055,1,6
6630,2,4
6718,2,7
9884,2,9
4860,5,4
382,3,5
5343,4,8
7101,1,3
8291,3,9
7033,2,9
2026,5,2
1565,2,3
2863,3,2
1643,1,4
7268,1,5
2320,1,4
3246,2,3
5671,2,7
8836,2,3
2980,4,5
4297,5,4
1182,1,8
770,4,3
9715,1,3
9348,2,6
7845,2,1
1572,2,3
2449,2,7
750,1,8
2235,2,8
2549,4,9
2986,2,7
578,2,8
6681,1,6
146,2,1
6579,3,2
1353,2,6
5378,5,5
5633,1,4
5241,2,8
2716,2,1
9589,2,6
5328,5,8
2038,3,1
9741,5,6
294,1,6
1373,2,7
6641,2,9
2028,3,4
9667,2,7
9513,1,9
8652,2,7
3689,2,8
7687,1,2
1338,2,1
4525,1,6
7703,4,5
259,4,4
2339,2,4
3005,2,3
4039,2,5
689,3,5
7779,3,6
223,1,4
4002,1,7
4367,3,8
9420,2,3
6016,3,7
481,5,1
3977,2,6
6189,3,1
7710,2,2
9856,2,6
9462,5,6
1877,2,3
3267,2,7
1388,4,8
797,4,8
7771,2,8
4479,2,4
2095,1,4
9322,1,9
2206,2,5
2920,2,1
3051,4,3
6078,2,1
1017,1,4
6513,5,8
3726,3,2
1708,3,7
5231,3,8
3424,2,3
2280,2,2
4035,2,7
2636,3,1
3956,5,8
5661,4,4
3712,1,7
9168,1,5
9298,2,2
9992,2,7
4788,2,7
8352,3,7
4775,1,5
8125,4,5
4602,3,2
7899,2,3
5720,3,9
1996,2,2
605,5,2
6114,2,2
9979,1,1
1575,2,6
6260,2,2
2142,4,2
6338,2,3
823,5,8
4808,2,7
1347,1,5
6991,3,3
5686,1,8
8057,2,6
9295,4,3
9310,3,7
4609,1,9
3800,1,1
5169,2,1
2160,2,5
7726,2,5
2101,5,7
9618,2,8
2022,4,6
6388,1,8
4314,1,1
9498,4,4
9810,1,3
7276,2,6
4706,1,5
3735,1,6
8689,1,1
9220,1,2
2590,2,6
4616,3,7
5206,5,3
6505,2,1
3746,1,2
248,1,8
5426,1,1
2046,3,5
8538,1,1
1923,2,9
6228,1,1
796,1,5
2863,1,2
1712,1,4
1921,5,1
663,2,8
2989,1,5
3852,1,4
6167,2,1
2286,5,6
7271,5,6
8406,3,3
4917,2,5
4527,3,6
6985,1,3
6232,1,8
3042,2,9
326,5,5
8016,1,9
5451,5,3
6923,2,7
7034,1,8
4263,1,6
9117,4,8
857,2,1
9185,5,4
9733,5,1
6207,1,9
2582,2,5
6212,2,5
9297,5,5
6246,1,3
8934,2,5
3260,2,9
5769,5,8
3770,1,9
3320,2,5
3568,5,4
3609,3,8
6569,1,1
5819,2,4
4443,5,3
7092,2,4
2505,3,7
7437,2,1
8797,2,3
2283,3,6
9123,1,7
6720,1,7
2083,1,9
8817,3,5
21,1,8
8912,2,8
6323,5,7
9399,1,7
7245,3,6
9043,1,1
2051,2,5
9537,3,2
8278,5,5
7885,4,7
5833,5,2
6528,1,7
4047,3,9
6609,5,8
7311,5,9
7733,1,7
3769,2,7
8955,4,4
978,1,2
7728,2,6
5450,1,8
3809,1,2
4236,2,3
8100,2,6
7600,1,7
8684,2,4
3828,1,7
5254,2,2
5891,2,6
358,4,5
2472,2,6
4597,5,2
7282,4,3
6331,2,5
177,1,3
6591,2,1
5879,2,4
8599,5,7
8034,2,1
9671,1,1
7490,1,1
6199,5,5
6926,2,5
6368,2,7
5089,2,7
4736,2,8
1273,5,4
1057,3,1
2876,2,9
6643,2,6
3329,2,2
7875,2,2
4037,2,4
2749,5,9
7808,1,4
4811,1,3
2928,3,1
9405,2,6
2658,2,8
5999,2,2
789,3,1
2155,1,7
9542,3,2
4521,3,9
8121,2,3
8271,2,7
2687,1,9
4761,5,4
2648,2,6
9453,5,6
3293,2,8
272,2,2
5008,2,7
6701,1,6
1192,4,3
1709,2,9
9380,4,9
49,2,4
5061,1,3
9582,2,7
6162,3,2
9168,2,4
485,2,6
2612,2,9
9163,2,9
485,3,9
9218,2,8
4019,2,4
4068,4,2
1518,5,7
2956,2,3
3823,3,3
5218,2,5
3208,5,6
4171,2,8
3723,1,4
3766,4,2
5169,3,6
9298,1,9
5041,3,6
1277,4,2
8585,1,4
4257,4,2
7726,2,6
2703,5,1
1934,2,9
2094,2,7
4547,1,1
1869,2,1
7815,1,3
3121,3,4
6792,5,8
6553,4,4
4145,5,2
185,2,5
5558,3,6
5249,2,1
8238,1,5
8271,2,7
4276,2,2
1319,2,8
1394,2,7
6612,2,6
4536,3,5
1990,1,6
7738,2,6
3787,2,3
4941,3,4
1619,2,1
8539,2,9
3898,2,6
4103,3,3
7932,2,8
8466,2,4
9529,2,2
7538,5,1
9487,1,2
2370,4,4
3632,1,5
5399,2,2
7633,1,7
2521,1,7
5269,1,1
7293,5,6
4268,3,5
7195,1,6
7155,1,6
3384,1,1
7122,3,4
6369,2,5
1169,4,8
1162,3,2
9405,2,8
1501,3,3
8117,2,6
2989,3,1
7682,2,7
4231,3,3
548,1,8
9724,3,1
6705,2,2
9755,2,6
2625,1,1
6902,3,4
4145,2,5
1918,2,3
6702,1,2
5771,2,6
9636,1,9
811,5,3
7175,4,1
551,1,1
9873,2,7
8800,3,5
1170,2,4
4680,1,1
2990,3,1
6048,2,7
1789,2,2
5135,5,6
75,1,2
761,5,8
4544,2,3
5896,5,1
2084,2,9
3188,5,2
2568,2,4
6458,2,1
9504,1,4
5079,2,2
6661,1,7
4467,1,5
790,4,1
9649,5,5
4623,3,1
3265,2,6
9416,3,5
2606,2,3
8681,2,4
3983,2,8
3479,1,6
7757,1,1
1916,4,2
499,1,4
6919,2,4
528,4,1
1327,3,7
7655,2,7
2500,5,1
2756,2,5
1548,4,5
5207,2,5
9316,1,6
3266,2,5
2144,5,4
4782,1,4
843,4,8
817,1,8
6224,2,3
5307,3,4
4885,1,3
3917,2,3
1468,2,2
1455,2,9
9620,1,9
7630,1,5
349,4,2
229,5,1
5352,4,7
1366,2,6
8942,2,4
9227,5,3
9720,2,2
103,2,6
6110,3,8
3409,5,2
2042,2,2
5269,1,9
5917,1,8
2453,2,7
6477,5,5
7896,3,7
4737,1,6
7117,2,8
1440,1,9
9684,5,4
8966,2,7
1667,2,4
7041,2,3
5589,1,1
530,3,5
929,2,8
2670,2,3
9410,3,3
723,4,9
6746,1,1
6054,2,8
3379,2,2
9428,5,8
4865,2,6
27,2,7
5248,3,3
5869,3,5
1249,2,2
1016,2,6
3783,5,9
1667,2,3
6882,1,3
8197,2,7
580,2,3
2620,1,8
5833,4,3
9667,5,2
9854,2,3
8493,4,2
7400,3,4
5890,1,6
2985,1,4
4426,4,7
4238,3,4
7458,2,2
9179,3,2
3997,4,2
1031,4,3
4075,1,6
3590,3,2
9599,3,6
3498,2,2
399,2,9
3675,1,5
2097,2,8
9719,2,8
822,2,9
450,3,5
927,1,7
2394,2,8
6393,2,3
5743,5,8
9239,5,1
6548,4,1
9598,2,1
5855,2,3
7298,3,6
9182,4,6
9746,5,3
6798,5,2
1560,1,8
6637,5,1
6597,3,1
5794,2,4
7165,2,8
9308,1,9
3021,1,4
4076,2,4
9469,2,9
1019,2,9
6453,3,9
9897,3,7
3269,1,4
5646,1,3
3565,3,3
4058,2,8
4568,4,1
2506,2,6
3282,2,1
5449,3,4
4676,4,3
7346,5,3
1465,2,9
357,2,9
5589,1,5
3677,2,9
8135,4,6
8177,1,3
2477,5,9
4022,4,5
7484,3,7
6103,1,3
1380,2,6
4374,3,5
6277,4,6
8117,2,3
3230,2,1
8137,3,7
4740,1,2
7623,2,2
8167,3,2
3817,2,9
8875,2,9
6649,1,6
3217,5,3
663,1,3
8243,2,7
4194,3,1
736,1,6
8137,1,1
8331,2,5
2166,2,1
2825,5,7
4843,3,5
8072,1,1
2008,2,9
9091,5,2
8370,2,1
4304,5,3
3644,3,7
8177,2,6
8955,1,1
5119,1,4
6213,3,4
8593,3,2
8987,5,2
6862,2,5
925,2,9
6871,2,1
8235,2,7
6039,2,8
8735,3,3
8844,4,7
3092,2,2
2939,2,3
6929,3,7
2796,2,5
7405,5,1
8288,2,2
1086,1,3
915,2,2
7658,1,4
6791,1,3
7762,1,1
90,5,7
4414,1,7
7789,2,7
6236,5,7
2456,3,9
5366,2,3
1904,3,9
1536,2,4
5868,2,1
824,5,7
7384,3,2
9802,5,2
6441,1,3
2509,4,4
6535,2,8
259,3,4
3734,1,8
5421,2,3
457,2,8
999,2,9
7981,1,1
5696,4,9
8992,4,3
1704,1,1
2759,2,8
167,2,4
3158,2,3
5894,2,2
481,2,8
1729,2,8
2861,3,5
5372,3,3
9895,2,7
1895,4,2
6628,2,1
7735,1,8
5259,2,3
7528,2,6
4422,5,1
6524,1,1
2129,5,4
9269,2,8
4156,2,5
310,4,9
273,2,2
2885,2,1
5495,2,3
7990,5,1
2915,5,3
2983,5,3
2102,2,6
7101,1,8
9308,2,7
2783,2,3
1102,2,9
1740,2,2
8528,2,4
6143,2,3
1718,3,8
973,5,6
5949,5,3
148,1,3
6829,2,4
9534,5,3
9657,1,4
4689,3,1
6399,5,2
4775,5,1
948,2,5
5943,2,3
9484,2,4
8089,2,5
9065,1,9
2989,3,8
408,5,1
7926,1,5
6172,2,2
4641,2,7
5943,1,4
856,2,3
7265,1,8
9562,2,7
7329,4,8
3410,5,6
9883,1,3
8060,5,7
493,3,9
5788,3,5
9886,3,8
4897,2,8
7265,3,4
2125,3,9
8177,2,3
1276,1,8
4311,2,2
8957,1,6
5240,2,5
4135,3,2
6781,2,5
4558,2,7
159,4,3
6992,1,2
7106,2,9
2931,1,1
4875,2,5
7635,2,3
925,1,3
2528,1,6
3888,1,5
5876,1,4
1273,1,3
2097,2,4
7713,1,7
1468,1,4
6036,1,9
4348,3,6
5677,3,5
6271,4,1
6949,5,7
1969,1,2
6008,5,2
377,2,8
2688,2,5
9794,2,1
427,3,1
6077,5,2
4030,1,1
5601,1,9
1376,2,4
1644,5,5
2413,5,7
1552,1,4
9842,2,9
1382,3,4
1907,1,9
2887,2,9
5662,2,3
1766,2,1
3901,5,7
1518,5,9
1013,1,7
2893,2,9
4410,1,6
8183,4,8
7761,1,6
8536,3,4
2742,2,3
8643,2,3
3707,2,5
3360,1,6
7322,3,5
3965,1,1
4616,2,2
8229,2,2
8281,2,8
4243,4,5
8269,2,7
2303,3,6
8984,2,8
6651,4,8
6240,4,4
3710,1,5
3067,2,5
2713,4,2
8094,3,8
9725,1,3
9855,1,8
766,2,8
5481,1,1
6479,5,7
4162,1,3
5396,3,5
9957,3,7
9277,2,8
5941,1,6
1155,5,7
8989,2,4
9758,2,9
4509,1,9
7862,5,2
2059,2,1
3148,1,9
1262,3,8
1929,5,3
3165,2,1
6581,2,2
3441,2,5
1570,2,9
7103,1,3
9101,5,3
2390,3,7
9216,1,8
390,1,7
9839,1,6
9491,4,5
7414,1,9
4000,2,6
8360,3,3
8883,5,7
5635,5,8
4820,2,6
2023,5,7
5509,2,8
8439,5,4
8135,1,8
5326,2,6
7091,2,7
1108,5,3
823,2,9
2431,3,5
866,1,5
7116,2,1
1571,2,1
4232,4,2
4030,2,2
7075,1,5
7414,1,1
6407,5,1
9429,3,8
4558,1,3
3866,1,5
1146,1,5
4360,2,5
4891,2,7
4254,5,7
2476,1,5
9988,3,7
9303,1,3
6823,2,8
3872,1,7
3475,3,1
5437,1,1
631,2,9
2038,1,8
3799,5,8
4408,1,3
3054,2,1
1543,5,3
5810,1,6
7524,2,5
2431,2,4
6315,1,5
5406,4,8
6701,2,9
7947,5,5
444,5,2
9647,2,4
7956,5,8
6408,1,2
3307,2,9
1829,2,7
2744,2,3
525,4,9
9953,3,9
667,1,5
8009,5,4
4507,1,5
1890,1,4
5664,2,7
9376,3,6
2131,3,8
7304,1,8
4991,3,1
1622,1,2
946,1,6
3591,2,5
7713,2,7
1825,2,3
383,1,3
6293,5,6
8130,1,9
4325,3,1
9700,1,8
9402,5,4
1345,3,2
9649,1,5
1288,3,2
1239,5,9
6842,1,2
545,2,3
9232,2,7
6344,5,4
7635,2,8
3398,2,7
3828,3,3
5253,3,4
8597,5,6
5378,2,6
730,1,7
5430,1,3
7045,1,8
900,1,8
3631,4,1
1552,2,3
3019,5,6
1961,2,8
4476,2,7
6582,1,2
1408,1,1
16,2,5
7592,4,6
4146,2,6
9700,1,9
6786,5,1
2236,2,8
7806,1,8
6792,5,8
8963,2,2
1638,2,2
63,5,9
5008,5,5
435,4,7
902,3,6
8549,1,6
8332,1,8
4442,4,5
1309,3,3
2606,2,9
4006,2,4
5667,3,4
3932,2,8
5852,2,1
8349,1,4
1496,1,7
3790,2,2
7142,1,5
9946,1,9
6981,5,6
1756,2,2
8406,2,1
8405,4,7
2525,5,6
3133,1,3
3358,4,5
7068,2,7
2457,2,5
6898,3,2
1095,1,9
5001,2,7
9644,2,6
8931,3,9
2228,3,7
1758,2,7
3684,2,2
6986,5,3
9207,1,9
7388,5,2
5929,3,1
991,2,5
3923,3,5
730,3,9
7889,1,6
300,3,6
6303,5,5
2344,1,9
357,1,1
3921,4,6
3323,1,9
8393,2,8
8838,1,9
1266,4,9
312,1,4
6424,5,4
9155,1,3
1572,5,1
9110,2,7
9239,2,6
1293,2,5
2980,4,6
8756,2,3
5513,3,2
8813,2,8
7793,1,4
8107,2,9
4678,3,1
9462,1,3
5781,3,4
6793,1,9
8386,1,9
5690,5,7
7932,2,4
8661,1,3
632,3,9
3290,3,1
2101,1,4
7296,2,4
8897,1,1
1416,1,5
669,1,3
3865,5,4
4521,1,6
7720,5,3
1678,5,6
9277,1,2
1302,2,3
293,1,9
8694,2,5
9078,1,6
548,2,1
6604,4,9
7312,2,8
7355,2,5
4121,2,8
9133,4,4
8001,4,8
4007,5,5
8190,4,4
3256,2,9
5939,2,8
1148,2,1
5292,5,9
8707,2,8
9488,1,3
3762,3,8
8437,1,3
219,2,3
8160,2,4
5935,5,2
4074,2,9
68,3,4
8012,2,1
8338,4,8
8045,5,7
1209,1,5
4769,1,3
8075,2,9
8271,1,5
5014,1,8
407,2,5
9098,1,1
9354,5,5
5909,2,6
9827,5,9
9589,1,1
3466,2,3
5146,4,8
2620,2,8
3870,2,8
2992,1,5
6307,2,9
3338,2,6
3613,5,6
3960,4,6
9727,2,7
4728,5,8
2457,2,5
2220,2,9
3417,1,1
1268,2,9
2847,2,2
5337,4,1
5711,2,6
7784,5,4
47,2,2
9568,2,3
3906,5,8
4717,2,8
8750,1,7
6471,2,8
6918,3,4
847,2,2
4782,2,5
346,5,1
4026,1,1
2404,1,4
8794,3,9
1097,3,6
2216,2,8
517,5,5
5700,5,8
176,5,2
1245,4,7
257,5,6
8920,1,5
1601,2,5
7480,2,4
207,1,7
7091,2,2
9650,2,7
301,2,4
382,2,5
9722,3,7
6100,1,9
4958,5,5
5009,3,7
4255,2,3
4492,1,8
2580,5,9
8354,2,7
1371,1,9
5518,3,7
2725,2,8
6062,5,7
3024,3,5
65,2,5
7191,5,1
3141,5,1
6918,1,4
2703,3,7
9241,1,5
2069,1,8
7529,4,4
9658,2,1
3100,1,6
5873,1,5
4368,3,1
6571,4,1
679,2,3
7753,2,9
7647,5,1
1247,2,1
7634,3,2
6752,1,5
2978,2,1
135,2,9
5467,4,6
3954,1,9
5325,2,9
4654,2,3
3276,5,4
1850,2,3
677,4,7
4202,1,8
5496,2,7
7135,2,1
594,5,4
1816,2,9
9230,1,6
6341,3,3
5113,5,5
6819,5,2
5912,3,5
3130,5,9
4694,2,5
4955,1,8
482,3,5
1270,1,8
5810,3,8
7871,5,3
8562,4,5
1304,3,2
7215,3,1
2988,2,4
7210,1,7
9540,3,2
5293,3,2
3911,3,1
4283,2,4
2013,1,1
8933,5,9
750,5,9
4465,5,3
2811,3,8
9532,2,2
7308,1,4
8916,3,6
3786,2,4
2170,2,5
6722,1,6
6391,2,9
5794,2,4
559,2,6
4675,2,1
3168,2,7
273,5,1
7518,2,3
5893,1,3
937,2,5
3128,1,8
5957,5,7
7628,5,2
1641,1,3
7886,2,7
4429,2,4
4439,2,7
184,1,9
4695,1,8
1237,1,8
4586,1,5
8664,3,4
2488,2,3
1059,1,5
3094,4,5
3560,2,5
8397,2,6
5852,4,1
8375,2,7
2325,3,1
9275,1,5
6814,2,9
8710,2,6
7121,3,1
1129,3,7
3728,1,7
5032,2,7
6107,3,3
6257,1,6
1395,3,4
4512,2,7
8721,4,8
338,3,4
9102,1,8
931,3,2
5361,2,6
7816,2,1
510,2,5
1651,2,8
7989,3,5
6385,5,3
3998,2,1
3338,2,4
3102,5,3
5937,4,2
5409,2,7
7598,3,5
753,1,2
3141,2,6
868,1,6
972,4,2
7339,1,6
8393,2,6
2803,5,1
6730,1,7
7604,1,6
8021,4,7
110,2,4
3702,2,8
7468,4,9
8638,3,2
7021,5,1
1018,3,1
7759,3,3
8401,1,8
5517,5,1
823,1,4
2324,5,7
6999,2,4
4504,5,1
8073,1,5
3107,1,4
2841,5,4
7914,2,1
7827,1,3
9035,4,1
5014,3,4
7458,4,8
3802,4,6
7607,1,4
7259,2,4
6850,2,2
5634,4,8
8924,2,9
7772,5,4
6132,1,3
9099,2,4
5996,2,8
7884,1,9
9494,1,3
3522,5,5
8135,4,4
8360,1,4
9394,4,3
3409,5,6
1879,2,4
8768,4,6
8290,3,9
6760,2,1
7299,5,5
1065,2,3
4193,2,5
681,1,2
3170,2,9
6402,4,6
6406,1,6
1405,2,9
3357,2,3
5919,1,7
4685,2,7
3479,2,8
9813,5,6
8211,3,7
6536,3,8
829,2,7
671,2,8
8985,5,5
4218,4,2
5137,3,4
3299,3,2
2030,3,2
2554,2,5
7068,2,6
1858,1,2
7080,1,6
3879,5,1
4988,1,3
322,3,7
2175,2,4
6034,5,2
5065,1,1
9848,3,2
7945,1,1
9670,5,6
4088,2,7
9223,2,3
147,5,9
4347,3,3
9620,4,4
8614,2,3
3335,2,9
9851,5,1
3376,1,2
8609,2,3
3810,2,6
4859,5,3
9631,5,9
6766,3,4
5879,1,8
1131,1,2
7991,5,1
3842,5,5
7926,2,3
1980,5,4
9396,4,2
429,2,8
5969,2,9
8959,1,1
6235,3,6
6887,5,5
9457,3,1
3073,1,2
4905,1,5
2292,2,6
9673,2,8
3628,2,6
9509,5,9
2840,2,8
3583,5,5
9586,2,8
5243,2,6
2234,4,6
2720,1,9
948,2,4
1907,4,1
6096,5,6
4882,5,1
3926,1,3
2613,5,4
5993,3,1
8698,2,9
7458,2,9
4864,5,1
8876,2,7
5377,1,1
7258,1,6
1941,2,9
8122,2,2
8759,2,4
474,2,2
1852,3,6
450,1,9
3663,2,3
1575,2,1
318,1,8
7605,2,7
6052,3,3
9431,1,2
3316,3,9
9418,1,8
9458,1,8
9953,1,4
5394,3,5
2266,5,2
5290,2,6
3023,3,9
5546,2,9
1802,2,9
7352,5,9
7758,1,6
4948,2,5
6827,2,9
2308,4,6
6130,2,9
1071,1,7
3488,3,4
5132,1,6
5271,2,6
8866,1,8
3269,2,7
4920,1,6
3692,5,6
3248,1,5
6249,1,5
3087,3,7
4288,3,5
7057,3,1
9571,1,8
3135,4,4
2958,1,3
9619,5,5
9782,5,6
7141,2,2
5551,5,3
8472,1,7
8930,1,3
423,1,2
4011,5,6
6452,3,7
3551,5,1
2811,2,3
7777,4,1
5894,5,4
6285,3,2
3891,5,4
3506,3,7
469,5,1
4725,5,6
7486,2,3
4275,2,3
6853,3,8
8106,2,3
3913,1,6
8523,2,5
437,5,8
5309,4,6
440,4,8
6048,4,9
4302,2,2
6210,2,6
9831,1,9
2868,5,5
4505,2,5
2536,1,3
4261,1,8
5868,3,4
4769,3,2
450,3,6
4895,1,8
2373,4,6
3045,4,3
2455,2,6
8049,3,4
9909,1,6
3629,1,2
315,3,7
7924,5,5
7715,1,4
2771,2,5
5707,1,9
5928,2,8
1719,2,9
118,4,5
687,3,2
2873,1,6
6099,1,3
6699,2,1
5314,1,5
9635,5,4
4258,4,7
532,4,8
9822,3,9
5459,1,4
6615,1,3
9948,4,2
2707,3,2
4181,2,9
3343,2,8
2999,2,8
2561,3,1
2097,1,2
108,2,8
8620,2,8
2192,2,9
6370,2,1
4384,5,8
5128,5,3
4747,2,7
6535,2,5
4836,2,8
1331,3,2
3319,5,9
3660,5,8
4429,1,3
4458,5,8
5787,3,2
9705,2,1
3722,4,8
3614,2,5
2135,2,3
4267,2,2
7893,2,3
2363,1,6
4636,5,3
6307,2,8
8295,3,2
7327,2,1
4338,3,9
7812,4,4
9020,5,5
9183,5,6
1605,2,1
8922,4,2
464,1,3
4646,5,3
2032,2,5
1803,1,1
4940,2,9
2065,2,2
8822,3,1
966,5,4
5322,2,8
1873,2,5
3520,5,5
6419,2,8
9573,1,4
6255,5,7
9057,1,2
6874,1,4
3021,5,2
2653,1,8
4488,2,9
9303,1,1
918,1,8
4293,4,7
9230,3,5
375,1,2
1657,2,3
437,3,3
9911,2,4
4469,2,9
8495,2,6
33,1,3
3455,1,4
3644,5,4
103,2,1
6777,3,8
4868,3,6
9390,1,3
5620,3,5
4945,2,8
6318,2,8
4690,2,8
7257,2,1
3761,5,6
8587,4,2
9818,3,3
3911,5,6
6182,3,9
5236,1,1
3122,3,1
9826,2,7
382,3,4
7379,5,7
6646,5,1
7564,2,7
5359,1,2
287,5,8
6788,3,1
4148,3,4
3643,3,9
7545,2,4
3963,1,7
9699,1,7
2655,3,2
5647,3,1
2611,5,1
1241,1,5
8824,3,5
3622,1,8
9598,1,7
3322,2,8
6388,2,3
9862,1,5
2443,2,6
5725,2,6
6124,2,4
6503,2,9
6410,2,7
8898,1,2
1455,1,2
4462,2,2
9526,3,3
1053,2,2
3721,2,9
9731,4,3
2365,1,3
2982,1,7
8498,4,5
2854,3,2
6002,3,6
6324,1,9
7544,1,7
5680,1,2
7318,3,1
9042,3,9
561,2,2
5738,2,8
4239,5,2
2646,1,2
3575,3,1
6313,3,2
1652,1,5
1172,4,7
1170,2,1
8595,5,7
9939,5,9
2148,2,8
4878,3,1
9577,2,2
6227,5,3
688,4,7
9212,2,9
7439,2,8
4470,2,1
2917,2,8
7687,5,9
8260,1,7
5014,3,8
5551,4,2
5278,2,1
4353,1,3
1075,2,8
1145,1,9
3678,1,8
3327,5,8
971,2,9
7952,5,6
9314,5,9
8111,4,7
5775,3,4
4824,1,2
8386,3,4
9118,3,9
3464,3,3
6008,3,4
2933,1,1
2631,3,6
9154,2,6
8848,1,7
2005,4,6
3860,4,2
3945,1,9
7449,4,5
5968,1,4
7690,3,9
7802,4,8
5874,3,5
9401,1,7
395,5,5
3617,3,3
2433,3,6
2097,2,7
1133,1,5
9499,4,6
8125,2,7
2280,1,7
587,2,7
3340,2,9
2035,2,9
374,2,5
4288,1,7
1345,1,1
8803,5,8
760,2,9
194,5,7
6887,2,8
8747,2,5
5771,5,3
8985,3,5
9907,2,2
1069,2,6
6112,1,8
1282,2,6
9651,2,5
9027,2,5
2822,2,5
2257,5,6
9055,3,9
6735,2,4
3644,2,2
4513,2,3
559,2,8
7480,1,4
1606,1,5
2076,3,6
4779,2,9
6151,2,6
2135,4,2
6387,2,7
4066,5,2
1002,1,5
6483,1,7
4000,2,7
7745,2,5
8006,1,1
1203,5,6
1737,2,4
8400,1,5
6784,5,4
7159,4,7
6767,2,9
1216,2,9
1971,4,4
1771,2,7
4096,2,9
2430,1,7
1538,1,3
4995,2,6
8020,2,3
5521,1,9
6474,1,3
5250,2,6
2453,2,7
7389,2,9
9606,4,1
4031,4,1
3809,5,1
781,1,9
5628,1,7
962,2,4
8975,1,5
4476,3,2
8098,4,1
6971,3,2
8893,2,6
4389,2,1
8750,1,2
9909,3,7
4008,2,7
6522,1,6
9934,1,2
3389,2,5
8345,2,6
8205,1,4
853,3,1
3431,2,7
8293,5,5
9489,5,9
5669,1,1
8345,4,6
524,3,5
4807,3,1
2030,1,1
7748,5,7
2616,5,3
8150,5,6
2008,2,3
5150,2,4
8193,4,8
4356,4,1
3176,4,9
7606,2,7
4817,3,6
4574,2,9
376,1,8
7319,2,2
8985,2,5
7447,1,9
5956,3,4
9221,1,6
601,2,5
7822,2,9
4167,2,3
5608,2,3
8688,4,9
8363,2,3
6301,5,7
1973,2,8
5451,2,8
7333,1,5
2023,1,4
3605,2,5
1911,4,9
7356,1,9
7938,1,6
5102,2,7
7119,2,9
6446,3,6
3237,2,2
8385,2,1
6856,3,2
6704,1,5
5817,2,8
288,1,9
3776,5,4
2034,5,5
5204,2,3
3954,5,4
8926,2,4
41,5,9
8533,1,6
4356,4,4
4373,2,3
7620,1,9
7023,2,8
71,2,9
4165,3,3
8591,2,2
2566,4,8
9272,5,8
8501,3,3
9016,2,2
5690,1,2
6933,1,2
9180,1,1
763,5,2
6137,2,1
8525,5,5
4154,3,6
6381,2,7
6408,3,4
636,4,8
1936,2,4
3345,1,2
9276,3,7
1857,2,7
8733,1,3
7333,1,3
3472,1,1
6865,3,6
3713,1,8
8203,1,7
7712,1,6
5519,2,7
7098,5,9
567,2,9
3527,5,4
974,1,8
6770,3,4
9237,3,3
7738,1,6
1249,1,2
8733,2,7
7842,1,8
3970,3,6
3136,2,8
9206,1,2
3040,4,6
944,1,6
4591,1,7
978,1,2
2629,1,7
8381,2,5
8362,5,7
6326,2,3
8002,2,9
8563,2,5
6880,5,7
8987,3,1
850,1,9
2141,5,2
2138,2,4
6047,5,3
9917,1,1
6194,5,9
6511,5,1
5367,1,4
4653,3,3
1945,5,2
7900,2,6
1786,3,5
7941,1,8
1599,2,3
9776,1,7
5269,2,9
2096,2,9
6069,4,4
844,5,8
507,2,1
9211,2,6
7861,2,6
9268,1,4
6542,4,3
6313,3,3
9376,1,9
1496,3,5
8805,3,9
3545,3,4
3929,2,7
3372,5,5
259,4,4
9066,2,9
2494,4,3
8801,1,8
9468,5,7
9238,4,7
4836,2,8
1693,3,8
4631,5,4
5221,2,3
288,1,3
8751,3,9
9769,2,6
6911,2,1
5842,2,8
8183,1,7
2467,2,8
7916,2,6
9762,2,3
8525,2,5
4931,3,7
1516,5,8
5672,5,8
8066,1,5
4259,4,6
2319,2,3
7530,1,3
5250,1,5
1176,1,5
7386,2,6
9286,2,5
3788,2,4
7885,1,9
2,1,9
3113,1,5
6860,2,1
7318,4,2
255,1,5
4696,5,8
4385,1,2
7804,5,5
6358,1,7
9187,5,2
8740,4,6
7004,1,1
5832,2,9
7445,1,1
7718,2,9
120,2,8
6931,2,6
6062,1,4
929,1,6
750,1,7
702,2,3
3135,1,4
5255,2,7
1932,1,9
1275,3,3
4591,3,8
1421,4,5
226,1,5
6054,1,2
5695,2,1
7592,1,1
9752,2,4
3798,2,2
1010,2,3
5136,1,7
5929,1,9
101,1,4
8446,1,9
7935,2,1
9635,2,6
6717,4,1
8670,2,5
9338,1,9
152,4,6
7826,3,6
2986,3,8
312,1,7
9484,3,3
1992,3,8
7049,5,9
3617,5,3
269,3,8
3783,5,6
72,3,4
2869,5,1
9972,2,7
2311,2,9
3524,1,8
4559,3,2
5500,1,9
6921,2,1
9894,5,6
1265,2,9
9570,5,5
2075,3,6
7235,1,8
9691,5,1
3893,5,6
9513,2,1
5570,2,3
5557,1,2
3858,2,3
3089,5,1
6452,2,2
888,1,2
6122,5,3
171,2,1
9290,2,1
640,3,8
5727,2,7
3082,2,3
4056,2,8
8280,3,1
2302,4,9
4615,1,4
3050,2,8
9447,2,2
8081,4,4
2372,2,6
6173,2,5
9683,4,4
4577,4,7
8413,3,2
9816,3,7
1595,2,6
1616,2,3
4946,2,7
1006,2,4
2146,4,5
9124,1,2
7856,1,4
9658,2,3
8696,2,1
4069,1,4
6366,5,2
4977,3,2
7489,1,5
225,2,2
4523,5,6
8122,3,6
3726,2,7
157,1,6
2786,1,1
3111,4,2
1247,1,5
7051,3,2
2496,5,1
8222,1,6
7936,1,1
3970,2,5
2554,2,2
5821,1,2
8922,3,2
3647,5,2
8836,2,2
2890,1,6
5321,1,6
7059,1,7
3979,1,6
79,3,5
1755,2,2
6790,1,8
4303,5,5
3655,1,2
6159,3,9
3381,4,3
537,1,5
3568,4,9
5204,3,1
1582,3,1
1143,4,2
4928,2,3
282,5,1
6641,4,2
1688,2,6
7188,1,9
7409,2,9
2019,2,9
7876,1,6
9742,1,3
1620,2,3
3121,2,5
4388,1,1
1602,5,1
5844,3,1
5608,1,5
3181,4,4
4747,1,1
3237,4,8
5441,5,9
8644,4,3
4025,1,6
4340,4,7
4986,2,8
5677,4,7
2435,2,8
6723,2,7
949,1,4
3624,3,8
7998,1,5
2787,2,6
8494,5,7
6802,2,6
164,2,8
3033,2,4
6832,4,1
5483,4,2
2748,2,4
7999,2,2
9695,4,3
2793,2,9
6909,2,5
6174,1,7
8828,2,2
2944,2,8
235,1,1
6,5,4
9254,5,3
8511,3,9
6338,5,5
1546,2,5
5145,5,5
8878,1,7
930,2,1
1754,1,4
1354,5,5
174,2,6
5437,2,1
8128,4,1
6296,5,2
7709,2,2
4537,1,2
8195,1,9
692,2,5
7059,4,6
2211,3,4
2218,4,7
3427,4,2
4783,1,1
7337,2,2
4171,3,9
3109,5,5
5272,5,6
6209,2,6
1772,3,6
9757,3,8
9217,1,3
6649,2,3
7509,1,8
6428,5,9
1322,3,3
398,3,8
886,1,4
820,2,1
2644,2,3
2987,2,4
666,2,8
352,5,6
4250,2,7
16,1,7
1474,4,4
6055,5,1
8022,5,1
1685,2,1
3850,5,7
1027,4,1
6107,1,4
47,2,6
3324,2,1
9750,4,6
5211,4,5
17,4,2
5417,3,6
8323,2,6
5736,2,8
3982,2,6
9018,5,6
4462,5,5
5690,4,8
174,4,1
9448,1,3
9243,2,1
7361,1,9
2022,2,2
8643,2,6
4700,5,7
4570,3,4
3109,4,2
5001,5,1
4211,3,8
9485,4,8
9682,4,3
1611,3,3
6243,1,3
3182,1,8
6255,3,7
2275,1,9
7797,1,7
3062,3,7
7395,2,4
4419,5,5
4998,2,2
3609,2,3
3745,3,6
3534,1,6
4364,2,7
7961,1,6
5511,5,5
4866,1,7
3312,2,7
80,4,5
9311,3,9
6217,2,6
2453,3,1
2513,4,5
6420,2,9
560,1,7
2338,2,2
8682,2,3
6253,2,6
1373,2,6
4798,1,9
7762,4,6
9678,1,7
116,3,1
2839,3,3
7473,5,3
7911,3,7
1827,2,9
9516,2,9
120,1,5
1193,3,5
7046,2,3
5668,2,3
4647,4,1
3912,2,1
6521,4,8
3532,1,8
2183,1,3
2358,1,9
553,4,1
7865,3,3
1989,2,3
7737,1,7
8485,2,5
8217,1,2
7580,2,2
4834,1,3
1900,2,8
2725,1,6
9193,2,5
220,5,4
8268,1,4
6657,2,8
6728,4,1
1897,2,7
8618,1,7
6811,2,3
1794,2,6
7828,2,7
876,2,3
5491,5,4
8934,1,8
944,2,7
9336,1,5
9062,3,5
4287,2,8
9858,3,4
2486,4,8
8834,3,1
9669,1,9
6522,2,5
2480,5,6
7394,3,5
3665,3,1
8548,3,6
4446,2,4
7214,2,2
1720,1,5
9966,5,7
2073,1,4
5619,1,4
155,1,3
8510,3,7
5753,3,5
1840,1,2
1684,1,3
2594,5,6
1477,3,6
5461,3,2
6547,5,5
4167,1,4
4869,3,9
8333,1,4
7438,3,6
22,1,5
6395,1,9
7837,2,3
3577,3,9
2281,4,8
8294,2,5
3886,5,3
3444,4,5
8553,2,7
486,2,9
1217,2,8
7344,2,8
699,2,1
1638,5,8
7854,1,1
4862,2,4
5086,3,5
5091,3,2
5825,2,8
9284,1,6
4191,5,3
8126,2,3
1682,2,6
4849,2,5
8563,4,9
1228,2,6
4228,2,5
2389,1,8
7303,2,9
2926,3,7
7172,3,9
3392,2,3
7954,3,9
4310,3,8
532,3,2
5657,2,8
2937,1,4
8298,2,4
9012,5,9
4771,1,8
659,4,2
1181,2,5
9422,2,1
4210,1,4
5646,4,2
8278,1,9
8810,2,9
8038,1,8
3872,1,5
5127,1,9
3556,3,6
5721,3,4
4135,1,9
6775,3,9
4957,2,1
3826,2,7
7202,5,2
5055,5,8
8374,2,6
9919,3,6
3329,5,5
2810,1,5
4947,2,6
8596,2,1
5092,1,1
7149,2,2
6645,1,4
4640,4,8
2386,5,5
9887,2,5
5438,2,3
5841,1,7
9633,4,8
8320,2,4
4616,2,9
8852,3,5
9043,4,8
3688,2,5
8465,3,8
4349,5,3
8112,2,5
1864,2,4
2017,1,5
1633,1,9
1785,3,7
7703,2,3
2106,1,6
8678,3,7
8325,1,5
4343,5,6
1034,1,4
6575,3,5
7570,2,4
8396,2,2
1056,5,5
781,2,1
1909,1,7
811,2,6
7204,3,6
5325,1,7
9709,2,4
711,1,4
9580,5,6
4056,2,4
1873,4,2
2140,4,1
6632,4,5
6614,1,5
3355,5,1
8565,1,5
7232,4,4
4193,2,7
3762,2,4
5108,2,6
1043,1,2
3807,3,6
5919,1,7
2868,2,8
565,4,3
9930,1,6
8986,4,7
3071,1,1
90,1,2
1960,2,4
1475,5,3
2945,2,1
6981,1,3
2727,1,4
6976,3,4
2355,1,8
5176,4,3
2100,5,5
2200,1,1
6656,1,7
1641,3,4
3259,3,5
5709,2,7
7802,3,4
4630,2,6
3453,2,7
4102,2,3
3724,4,7
413,4,2
6801,1,3
7054,1,7
9737,1,5
9344,4,9
1656,5,3
6460,4,4
5790,2,1
7755,4,2
5354,2,2
5298,2,7
131,1,8
5017,4,1
1538,2,2
6936,1,2
6218,5,6
4335,4,3
898,2,5
6911,2,1
566,5,4
8710,2,4
8230,2,3
7301,1,3
3464,3,7
3730,2,3
7750,1,2
2607,5,7
3431,1,8
5517,1,8
1082,2,9
4691,1,6
9701,3,2
8363,3,3
6060,2,1
9217,2,4
4083,5,5
4887,1,4
9627,1,4
2181,3,4
9573,1,7
6534,1,6
7972,2,8
893,3,8
7874,1,1
3949,2,9
728,3,1
4404,2,1
1658,3,8
1201,5,9
2634,2,8
5783,2,3
4963,1,9
7090,2,1
8201,1,4
6968,1,2
9308,2,1
4636,5,1
9728,5,3
3818,3,8
6398,1,6
486,1,6
276,2,4
8064,2,2
8795,1,2
7027,3,6
3880,1,9
8389,1,8
525,5,6
6339,3,4
5981,2,2
7986,1,8
4928,1,9
2795,2,5
768,2,4
811,1,6
4804,2,5
6758,4,9
6178,2,5
4547,2,6
3465,5,4
8234,1,7
1988,2,8
9394,2,1
2231,1,7
9688,2,4
4149,1,4
1410,5,1
236,1,7
5990,1,4
4718,2,4
7298,1,1
3689,2,7
1496,1,3
730,2,9
7600,2,3
2286,4,7
2475,1,7
1836,2,4
5751,2,2
6843,2,5
6026,2,6
1656,1,7
3438,2,8
5591,4,5
8894,1,8
4471,1,5
9408,2,4
4067,1,4
5595,1,5
5037,3,9
6154,3,3
3571,1,3
333,1,6
5528,2,4
1880,3,3
8395,2,5
798,4,9
8769,2,1
9415,5,1
509,2,7
9201,1,2
1627,3,1
5668,3,7
3252,3,6
3658,1,2
967,2,9
9089,1,6
7788,2,1
9773,1,6
5619,3,1
6372,1,6
2198,5,5
6737,1,8
4394,1,5
8360,2,4
3184,2,5
3182,4,2
8805,5,3
3683,2,2
7242,1,4
9110,2,3
4529,4,3
6057,2,8
5796,1,2
7355,4,3
5804,2,3
3287,5,8
2340,3,3
4759,2,2
7516,5,3
195,1,3
6967,1,7
8941,2,4
1049,1,9
3426,2,4
2091,2,2
8254,5,8
8869,4,6
4253,3,4
3461,1,3
3993,4,3
7840,4,2
1078,1,1
7084,2,5
7677,2,4
8655,3,5
8025,1,7
2187,5,1
1851,2,9
5004,2,5
2975,4,5
9806,3,7
5464,1,3
9850,2,9
9913,3,4
1683,1,5
4109,5,4
7932,4,7
3767,5,5
1947,1,8
3248,1,3
8252,1,3
3298,1,9
9370,3,7
5925,3,9
5714,5,9
9071,2,9
5791,2,3
9304,1,1
6099,3,6
5148,5,3
8901,2,2
1953,3,5
1553,2,7
185,1,9
3093,1,4
1632,3,6
8034,2,6
7617,1,8
3609,4,4
4578,1,1
2830,2,2
1829,3,5
1402,2,4
3780,1,5
2137,2,3
422,2,6
9386,2,9
2923,2,2
7466,2,6
2035,1,9
3896,2,4
9579,4,1
6397,2,9
9043,3,9
5931,1,2
8828,2,4
9635,1,8
5921,2,3
4024,3,9
3757,3,1
7984,2,2
51,2,7
9682,2,3
7352,1,2
3955,2,2
7589,1,1
5862,1,5
4694,2,5
6187,4,2
1545,3,5
9237,3,2
9353,1,4
3706,5,6
711,3,1
2343,3,9
4898,3,2
9001,2,1
1972,1,8
6590,1,4
5002,2,4
1588,1,5
9348,2,6
5150,2,8
1407,2,7
4582,5,3
1017,2,1
7478,1,4
1981,4,3
6277,1,9
1399,4,7
3546,5,6
9895,1,2
2197,2,8
5136,2,1
5574,3,1
2172,5,8
13,4,9
4504,5,4
7277,2,4
7856,2,1
4650,2,4
1405,2,9
397,2,9
3733,2,5
9812,2,8
4123,5,1
4140,2,2
2134,5,9
9807,1,6
9136,2,8
6746,2,9
612,1,1
7961,1,7
1465,3,4
9441,2,4
4104,1,3
775,2,5
8545,3,1
4667,2,6
9846,1,9
9045,1,5
6843,5,5
3512,2,5
9817,5,3
9173,3,1
7693,3,9
2542,4,8
1128,1,1
6584,2,8
4087,2,3
7978,2,3
7301,5,2
9775,5,1
9244,5,9
9139,5,6
1186,2,6
7791,1,4
5203,1,7
362,1,7
6787,1,1
4842,3,2
2390,5,1
9110,2,5
6705,1,2
7692,3,2
788,5,5
1051,2,7
8774,5,6
6618,3,2
162,1,1
6075,2,2
5845,2,6
797,1,2
2918,2,2
9463,3,1
5615,3,1
8447,5,5
2365,1,5
1255,2,9
1754,1,8
3968,1,6
7345,2,7
7128,1,2
4250,2,7
472,2,3
3149,1,1
8602,2,7
1060,3,3
8722,1,2
7845,4,8
7633,3,5
4638,3,4
811,2,5
2568,5,2
8739,3,2
34,1,1
1953,4,2
1626,1,2
1020,2,4
9438,2,4
4707,1,4
6592,2,2
4306,2,2
2650,4,3
3664,1,2
3507,2,3
6550,2,4
4910,2,2
2812,4,8
8797,3,9
4930,5,3
9323,2,8
8089,5,5
8542,1,7
4149,3,7
5833,4,9
5502,5,6
6561,2,1
8646,2,5
535,4,8
1841,4,3
7006,2,4
747,2,2
3040,5,8
7502,1,6
4022,2,1
2229,1,8
3129,2,4
1706,1,3
651,3,2
260,1,9
233,2,9
8680,2,7
3816,1,5
3227,1,9
7580,1,8
7097,2,2
8788,5,1
1434,2,5
1002,2,3
77,5,4
2693,1,7
4304,1,4
2058,3,7
9949,3,5
598,2,2
9097,2,8
2258,1,1
8877,1,8
3005,1,3
2717,1,8
8848,1,1
8118,3,6
3522,4,2
1111,3,9
3924,2,5
3443,2,5
4526,1,4
9480,1,3
2483,1,2
565,2,4
8732,2,9
5676,1,2
906,2,1
8756,2,4
8892,4,4
2506,2,2
8716,5,4
8740,2,6
3825,2,7
3614,1,9
5120,2,2
3026,1,8
4936,2,1
3913,1,8
4657,2,3
5661,1,2
5421,2,6
7257,3,1
6160,5,5
6557,2,8
7816,2,4
9019,4,4
8281,4,7
7874,1,8
1668,3,8
528,3,4
3892,3,5
6369,2,2
959,5,8
3678,2,4
5071,1,8
6788,5,6
2240,2,3
2755,3,7
5018,2,2
7612,1,3
8746,2,7
6112,5,4
3219,4,8
9193,2,2
8684,5,1
5032,2,5
6840,1,7
8648,1,7
8859,2,1
7423,4,2
3701,3,6
7234,2,9
8421,4,4
1663,2,5
1466,3,9
1655,5,4
5141,2,7
9305,2,1
6004,3,9
4387,2,1
3660,5,3
7978,3,1
1565,2,7
5512,2,2
8637,2,9
6381,4,5
3141,5,4
1069,1,9
1833,2,1
354,5,1
7398,2,6
2954,1,1
526,1,8
1578,2,5
2228,1,5
526,1,8
9535,1,1
2607,1,1
7471,5,8
2637,2,2
4193,1,7
2054,5,9
4084,3,5
7204,1,5
5981,4,9
8875,2,5
104,1,9
5848,1,6
5193,2,9
9504,2,9
3271,2,8
8305,3,8
5001,2,8
7284,1,6
5298,2,1
2742,2,6
7865,5,9
6629,1,4
4296,2,9
1545,1,8
8976,2,1
2830,5,9
2572,4,7
9751,2,8
2653,3,6
4527,2,2
7966,2,3
8931,1,5
467,2,2
5126,5,7
8443,5,2
9343,1,4
2989,1,1
5700,2,6
5241,2,9
3441,4,9
5965,1,2
4297,1,8
758,3,5
298,2,5
2218,2,4
3209,2,9
4858,1,8
5155,3,4
4092,2,6
6506,3,7
3772,1,1
9502,1,6
8643,2,4
1328,2,8
6861,5,1
3096,2,5
6371,2,5
2407,1,5
6117,1,7
7814,5,9
4403,2,3
3792,2,3
8757,4,7
5501,3,6
1573,4,2
401,1,8
6248,1,9
486,2,2
8135,2,5
1432,3,2
1176,2,3
9163,2,1
5090,2,6
3592,4,8
7367,2,9
5063,2,4
2617,1,7
5992,5,5
3087,2,7
1553,2,8
2780,2,5
5974,1,3
1650,4,8
2754,2,9
1984,1,7
4695,1,2
2044,2,9
3965,1,6
2615,2,8
9804,1,4
5405,4,8
5367,4,9
7222,1,8
7237,3,3
5596,5,2
9095,5,4
7032,4,4
997,3,2
7656,1,6
2324,1,2
1426,2,1
6674,1,1
6660,2,1
958,5,3
6150,5,9
2389,3,4
1986,4,8
2668,4,9
2157,2,5
2965,2,1
4061,5,3
5925,1,4
5235,1,5
7496,1,5
7605,3,6
5768,2,5
9036,2,2
4234,2,4
7265,2,6
2002,4,4
8702,1,7
456,3,6
7795,5,7
1487,2,6
121,1,5
3642,2,4
628,2,3
9700,3,7
190,1,1
7850,3,5
2938,3,8
9548,3,9
3641,2,4
5951,2,1
6575,2,1
8290,5,9
3357,1,4
4389,2,9
846,3,3
4240,3,1
3105,5,4
4515,3,5
3966,1,5
6871,1,9
3753,2,8
830,5,3
4382,5,8
3801,2,5
5056,5,7
4125,2,2
9708,3,3
7072,2,4
9271,5,9
931,2,6
9912,1,6
6576,1,5
2884,5,8
137,2,2
5428,1,2
3132,5,7
4716,5,9
3578,2,5
2663,1,5
3472,2,4
9216,2,2
203,4,4
8400,3,9
3158,1,8
3874,1,7
3729,4,8
894,1,9
7549,5,2
7354,2,3
5732,2,1
3744,4,4
4778,2,5
8522,4,7
8941,1,1
4824,2,1
4959,3,4
2862,2,7
796,4,6
277,4,5
5472,5,9
4641,2,3
2620,1,9
6354,3,4
3367,3,7
7499,3,3
834,5,4
9620,2,5
4507,4,4
4250,3,8
5599,1,9
8535,5,4
1025,4,6
6965,3,2
9330,1,9
5816,2,2
9310,3,4
911,1,1
6781,1,1
4835,1,2
8179,1,6
5170,1,9
168,2,5
6608,3,2
9032,2,5
2452,3,2
2808,4,3
2695,2,7
1437,5,2
2622,1,2
8481,1,1
1292,2,1
3772,3,9
8042,2,3
7510,1,3
2303,5,2
3946,4,9
6821,3,3
9158,3,2
7838,4,2
4384,1,4
8685,2,5
1873,2,8
3791,3,9
2343,5,1
8521,5,8
7250,2,1
8324,5,1
5678,3,2
4770,1,4
6258,4,8
6728,2,7
2614,5,3
2811,5,8
4322,2,7
603,5,4
457,2,7
194,5,3
3495,2,8
8092,3,9
3240,3,2
1366,4,9
6098,1,1
2366,1,8
3062,5,8
8721,5,8
70,2,4
5232,2,4
93,4,4
9783,1,5
1276,1,7
7487,1,6
2580,2,6
9325,2,4
3198,1,5
1237,1,3
2706,1,4
1549,1,5
5642,1,1
5653,1,6
9995,3,6
7759,3,8
4940,2,7
3258,1,6
9255,3,7
4625,1,5
8139,1,2
5630,3,3
4303,2,7
899,5,7
5940,2,8
9314,2,6
8189,4,8
1933,5,8
6510,4,6
6290,2,3
949,1,9
7630,5,7
659,4,1
3973,5,5
4219,4,6
3544,2,6
1584,2,4
3109,5,1
1000,1,3
6651,5,8
4453,3,7
7507,1,4
6921,3,1
682,5,1
2543,2,3
7809,2,1
7273,1,8
3461,2,2
8296,3,1
8873,5,6
5708,2,1
7527,1,7
1210,4,4
6367,2,7
5232,3,7
3865,1,1
2026,5,3
6573,3,5
7911,2,7
1298,1,4
4359,5,7
9201,4,1
3478,1,5
7470,2,8
8979,1,9
3609,1,9
764,3,8
910,1,2
1977,5,1
877,2,8
9166,2,1
8053,5,6
9341,2,9
8033,3,6
8978,5,6
3386,2,7
6915,5,6
3529,2,4
9309,2,5
4696,4,9
5275,2,7
4042,5,4
9012,5,2
752,5,7
5159,2,8
6950,4,8
7568,5,1
863,2,8
3029,1,3
6518,1,5
7262,2,6
9583,3,9
7869,4,2
133,2,3
1047,2,8
8306,1,1
3737,1,8
4477,1,8
487,3,6
9102,1,5
3999,5,3
5540,5,1
6247,1,8
8436,2,4
766,2,9
3201,2,5
6727,5,5
8847,4,3
2885,2,6
7326,5,5
2182,2,3
8116,1,2
5807,4,3
9161,2,9
3721,4,4
4999,1,1
83,2,9
6108,2,3
9490,5,8
425,4,7
470,2,1
863,5,8
6282,3,9
1292,2,9
9242,1,8
8844,5,2
8564,3,7
561,2,5
8240,3,8
8722,2,2
4976,2,2
5467,3,1
7485,5,4
635,2,7
8005,2,1
6289,3,9
866,2,3
1979,2,7
9733,1,4
2183,3,7
4514,2,6
7153,1,5
8896,1,7
8515,2,2
1296,2,5
5189,3,2
1497,2,8
5340,5,3
1798,3,5
7430,1,7
4627,3,5
8594,4,1
2230,2,8
7633,1,4
2879,2,9
8740,5,2
4633,3,7
4783,2,3
413,1,7
8665,1,4
9637,5,8
8022,3,4
3178,3,3
9691,1,3
7940,2,8
177,3,9
9548,1,8
3149,1,2
5207,5,4
3292,2,4
3864,1,9
4639,5,3
4579,3,2
2167,2,1
5551,1,7
8275,1,4
7374,4,4
8886,4,5
6480,1,7
1831,2,8
565,1,6
3108,2,8
7349,5,8
2268,2,7
9133,2,6
835,1,4
1048,4,8
4401,4,4
5149,2,5
3321,3,4
7993,4,1
1077,1,1
5748,2,4
7414,2,4
2917,1,1
678,5,8
1078,4,3
8480,1,8
8615,2,1
9879,4,3
6531,2,5
4479,5,6
1727,5,5
6906,1,7
4797,4,6
880,1,6
9893,1,3
5331,1,4
8697,2,3
2487,2,9
7950,1,2
2773,5,5
9183,3,4
7756,2,6
3540,4,2
4536,3,4
8882,5,4
2239,1,6
8792,1,7
5425,3,9
9844,2,4
4039,1,4
2097,1,9
1449,2,2
637,2,9
9045,3,4
6124,4,5
4028,1,5
1052,2,6
4655,5,6
2188,1,2
9141,1,9
9539,3,7
4320,2,7
8186,2,4
6198,2,5
6793,2,6
8805,2,5
71,4,1
5416,2,8
2871,2,8
1781,5,1
5491,2,2
1494,2,2
84,5,7
8614,4,5
7242,5,1
8822,3,7
6989,3,5
5555,1,6
1118,1,6
9906,2,5
7708,5,3
805,4,1
9104,2,3
4894,5,4
2255,5,4
6985,1,6
2913,2,7
6073,1,9
7836,5,2
3177,1,7
5622,3,9
8075,2,6
2874,5,6
3006,5,6
8695,2,2
3632,3,1
4660,2,4
3354,2,2
6874,2,8
3380,2,6
9647,2,2
3551,5,1
4919,3,7
3548,4,8
9407,4,7
742,3,6
9069,2,9
6329,4,3
2634,4,2
8223,1,2
3345,5,7
7602,5,4
9364,3,3
5034,2,2
123,3,8
4951,1,3
4349,1,2
5116,2,7
7853,4,6
2846,3,3
6268,2,6
7499,4,1
3165,2,2
9348,4,5
9247,3,2
6047,1,7
824,1,3
7418,5,5
1759,1,2
6944,5,1
6912,1,2
7920,1,4
9457,1,2
4265,1,6
818,4,7
2493,1,1
1283,5,7
6276,1,1
9532,1,7
1270,2,7
178,4,9
4098,2,7
9613,2,7
4357,1,8
8480,2,2
4758,2,8
7003,3,8
2030,1,5
6769,5,5
2390,3,1
7460,1,4
5818,2,2
1016,1,9
8522,5,6
7156,5,2
955,2,2
1455,3,5
9825,2,4
1542,5,4
7516,2,4
6480,3,8
8153,2,6
6245,3,4
3694,1,1
3732,4,3
1058,5,6
9823,1,7
9836,2,4
1750,4,6
1165,2,4
2255,2,5
4639,2,6
5033,2,1
1009,1,5
9647,2,6
486,3,7
3550,2,2
5251,5,5
3820,3,4
5811,1,5
2490,2,7
5691,4,8
2956,5,8
4592,5,9
2170,3,9
8324,2,1
7472,2,5
6622,1,2
9284,2,5
7992,4,9
1237,1,8
4579,1,6
4958,4,5
5582,1,6
6359,1,8
9318,1,3
7506,2,2
4147,5,3
3339,1,2
1735,1,4
820,1,5
2658,1,1
1380,3,4
8638,4,9
3268,3,8
7242,2,6
7590,2,3
6214,1,2
6670,1,4
5510,2,1
6868,5,8
6299,5,9
724,5,6
430,1,5
67,1,5
7585,2,2
4727,2,1
3722,3,3
2178,3,2
4466,2,1
2312,1,9
4391,5,1
9,4,6
1369,1,3
3709,5,8
5170,2,7
4305,2,2
5966,5,4
1470,2,8
4999,4,7
151,5,9
4919,2,4
6000,1,9
466,3,1
7992,5,2
1576,1,1
5161,2,4
3026,1,5
6444,1,1
5994,1,9
5339,2,6
4499,5,8
46,3,4
5292,1,7
3653,2,9
3608,1,1
9467,2,3
2729,2,4
2179,3,9
5599,1,6
8299,4,8
7118,5,4
8101,5,8
1847,1,5
860,2,8
8183,3,6
6543,1,2
8724,2,1
6834,2,3
3419,2,3
6525,5,5
1356,1,4
7499,2,8
6838,5,7
7439,2,5
8838,4,1
311,5,2
4834,5,3
9684,1,1
8855,5,8
3717,3,7
396,5,7
8582,2,1
1011,2,4
3312,2,6
9616,4,5
1253,2,7
2118,3,1
2393,1,7
7643,1,5
9326,3,6
5838,1,4
6403,2,6
902,2,7
1140,5,4
2479,2,9
5222,5,6
7469,1,1
1712,2,3
8654,5,9
7606,2,8
6478,2,2
696,1,6
5854,3,2
4288,2,7
3245,3,2
649,1,7
301,2,9
2491,1,3
6066,2,6
2274,2,6
4165,1,9
1614,1,7
2874,3,3
4197,1,5
8636,1,9
2057,5,3
8111,1,3
5821,2,5
6212,5,9
4498,3,8
4210,4,7
2340,2,4
3142,1,3
6328,5,2
5194,2,2
4427,2,8
7196,3,3
1605,2,4
5961,2,3
2103,4,5
4176,4,6
6488,1,1
2410,3,8
9071,2,7
5840,2,7
8996,5,9
1318,4,5
2128,2,8
9775,5,6
1581,2,2
3694,5,8
6158,5,1
3460,1,9
2460,2,3
9144,5,2
8117,1,1
3446,3,8
5002,2,1
7152,2,8
9219,2,6
3747,3,1
9451,3,9
4227,1,3
1916,2,1
2700,3,1
8957,4,8
4612,5,6
9547,1,3
5469,4,1
8058,2,4
5977,5,7
2737,3,4
5103,2,8
2103,5,3
401,3,8
8785,1,3
6709,3,7
3666,3,5
1617,2,2
3785,3,8
8,5,4
7276,2,8
9137,2,1
3768,2,9
2416,4,4
7981,2,2
7834,1,1
2423,2,2
592,1,7
233,2,1
8820,4,5
5219,1,4
5733,3,5
7605,5,3
7427,2,8
1252,2,8
5369,3,1
2055,2,2
8866,5,6
5618,3,5
1073,2,7
3668,3,9
2270,5,9
6945,4,2
3641,2,2
3775,1,4
9537,2,8
9118,4,9
8225,5,2
5573,4,5
9016,5,8
7555,2,9
425,3,3
7635,2,1
6376,1,8
7462,2,6
3845,5,7
5612,1,1
220,4,4
851,1,7
4721,3,5
5569,2,8
820,1,7
7035,1,7
2911,2,4
2426,1,3
6293,1,5
6720,3,4
3720,1,5
171,3,8
2396,5,4
946,1,9
6672,4,9
9030,2,9
9427,2,4
2506,1,1
8106,1,5
6724,5,4
8235,1,1
6393,2,2
9176,1,1
4237,2,5
2936,5,6
7158,5,6
433,4,7
3008,1,6
9188,2,2
4606,2,7
1424,5,9
4996,2,4
1750,2,5
380,3,5
6082,2,9
2523,1,8
1412,1,2
6736,1,1
6960,2,5
8041,3,5
3190,4,6
2512,4,4
2857,5,5
3481,2,2
791,2,9
1772,1,1
3236,5,4
2937,1,6
1532,2,9
2834,2,2
4591,1,9
399,1,6
6715,1,3
1867,3,9
8917,1,4
4340,2,5
7300,3,5
9080,3,7
3788,4,9
3544,1,5
1774,2,5
6858,2,2
2980,1,3
9467,1,7
7841,5,9
1672,1,7
2584,3,1
8048,2,5
9943,2,3
4073,1,9
1656,1,7
1976,1,8
9452,3,2
8027,2,3
4860,2,4
6020,1,5
7531,1,1
7333,5,5
1496,3,5
3710,3,5
4476,4,1
4376,2,2
1208,4,7
4791,5,7
2782,2,4
5569,2,1
2077,2,4
8680,5,3
6369,4,7
1953,2,2
4220,1,8
2382,4,1
1756,5,4
4557,2,7
6415,1,2
4977,2,1
6019,5,3
1079,2,4
7345,1,7
2131,3,2
3941,3,9
8690,2,9
8917,2,3
5720,2,8
6101,1,8
9224,4,2
635,1,9
1776,1,3
3299,1,6
7266,2,2
818,2,4
9157,2,2
8657,2,4
585,3,2
3877,1,3
6003,4,7
8947,3,5
899,2,6
4856,3,9
8782,1,9
2944,5,9
6549,2,6
4278,5,6
1723,4,3
7735,3,1
4137,2,2
5496,2,1
4533,1,3
2480,2,2
3146,4,3
5615,2,5
1415,3,7
7037,5,9
23,1,3
742,1,7
1000,1,4
5581,2,7
4561,3,4
9499,4,4
3248,3,6
4285,4,1
7657,1,5
1506,2,8
2291,2,3
2834,1,2
2670,2,6
8971,3,3
4723,2,9
272,5,3
3657,2,2
1463,2,9
2487,2,4
8628,1,6
2662,1,5
790,1,2
4976,1,7
11,2,6
7378,3,5
6860,2,1
8477,5,1
465,4,8
3539,4,9
9237,4,7
1614,1,1
7305,1,6
544,1,1
9829,4,7
3697,3,1
6992,2,4
9738,2,7
6023,1,1
8986,2,4
3547,3,7
274,2,6
9030,1,3
1902,2,6
1792,2,5
5287,4,1
4719,2,4
3474,5,1
817,3,4
4252,3,8
5080,2,9
4885,2,7
219,4,2
6655,1,9
7047,2,6
2217,1,8
9889,5,2
1333,5,4
5388,2,1
2877,2,3
7952,1,4
8090,1,8
6373,2,6
3983,5,8
6930,3,9
3040,5,6
8706,2,9
7655,2,3
6277,2,4
8795,3,3
3677,2,8
3117,3,1
3491,5,2
8090,4,6
5056,2,5
5382,2,4
1226,1,4
3093,4,6
6315,5,6
9865,2,2
5505,4,4
2194,2,6
8538,4,6
4475,2,6
4712,2,7
7274,2,3
671,1,6
9901,1,9
8846,1,2
4588,2,7
2244,1,9
3123,5,2
254,1,8
7309,2,7
6881,2,8
2804,5,3
3633,2,1
4744,3,6
2834,5,2
9942,2,1
1545,5,6
247,3,7
9843,1,9
2043,4,7
2333,3,2
718,5,6
7529,1,5
9757,5,3
1651,4,6
1074,2,2
5469,2,4
6110,5,3
1394,2,8
4388,4,6
6241,1,9
2712,2,6
4062,1,7
9445,3,1
8386,3,6
8311,5,9
6961,2,9
2618,1,9
1891,2,2
751,1,4
7371,4,4
4196,5,2
1234,2,5
2962,1,1
9417,5,5
3536,2,8
3137,1,3
3258,5,3
5503,2,7
8635,2,7
4910,3,8
4436,2,4
6622,3,5
6054,2,9
4708,4,4
5457,5,3
1719,1,5
5477,1,2
8146,2,8
1339,3,9
6229,2,1
5375,1,4
236,2,4
8260,5,2
9788,5,5
9836,5,2
6325,1,5
5258,1,3
9787,2,3
5740,2,3
6422,2,9
5485,3,6
8295,3,7
8956,3,5
934,1,1
8397,3,9
5341,1,3
6323,1,7
9120,1,6
5878,1,6
5413,2,4
3690,2,5
448,3,6
5399,1,8
6652,3,9
1110,2,4
4779,2,2
6,2,9
5112,2,8
2636,2,6
7016,4,8
7135,1,3
8659,2,3
8041,1,5
2255,1,3
8936,1,9
2765,1,9
2627,1,1
5311,2,7
7439,3,9
9122,4,4
3937,3,7
3435,1,5
2518,5,2
598,2,6
8374,3,2
327,2,5
8019,5,9
9534,1,2
2205,2,6
3089,4,8
7699,2,9
4980,2,8
1908,4,1
7810,1,6
6387,3,8
9277,3,2
8614,2,4
4095,1,9
4936,3,2
3488,1,4
7237,1,4
9205,1,2
791,1,6
7154,2,5
5784,3,6
3294,2,9
8012,2,4
3818,2,6
269,1,8
9886,2,2
6347,1,3
1315,4,9
9631,4,7
1605,5,3
632,1,5
7379,2,1
4462,2,8
754,1,5
4494,2,6
6748,1,2
6753,5,5
1743,5,9
4955,1,7
7283,3,3
1674,1,1
6446,2,9
2068,1,5
1449,1,8
8976,3,6
5369,2,7
9258,1,5
5411,2,9
3442,4,6
8126,3,4
6450,1,4
3085,5,7
8047,1,6
100,1,6
5990,3,3
3313,2,9
5850,2,9
2934,1,8
5813,1,7
4196,5,5
3583,5,2
6710,2,5
5288,2,2
9724,2,8
5020,4,8
7278,5,9
1002,2,6
4502,1,6
3649,3,6
8460,5,4
3535,2,8
6868,2,2
2361,1,2
4384,2,9
7373,2,3
786,3,7
3239,5,3
4954,2,9
5315,3,8
3391,1,9
9716,1,3
7998,1,6
948,2,9
8302,2,6
9864,3,8
1163,1,3
2155,3,1
4858,4,7
9447,2,9
4829,3,2
5451,1,4
2302,2,4
5519,5,6
6605,5,9
1710,2,2
3219,5,6
6419,3,5
1280,3,5
7938,5,8
7468,2,8
3147,1,2
9323,2,9
6473,2,4
9651,1,6
3963,2,5
7491,3,7
2482,3,1
8991,3,2
371,2,8
3433,1,3
1986,1,6
5373,5,9
3463,3,8
5749,2,8
2578,1,9
4906,3,3
3812,5,5
690,1,3
2054,3,5
1904,4,9
7908,2,6
7122,3,1
6331,2,5
7600,2,6
977,1,8
4838,4,5
1793,5,7
2200,2,5
3538,1,2
4152,2,1
7387,3,5
5484,5,6
8566,3,1
8196,2,4
6856,2,1
7184,2,9
4969,2,2
7619,2,2
9359,1,3
2231,1,5
7200,4,2
848,5,5
1353,2,5
7187,2,6
1249,2,9
8763,2,3
3827,2,6
3268,1,3
4654,3,2
8508,5,5
548,1,7
9940,1,6
5527,4,7
7229,5,8
3727,2,8
4854,1,4
5778,5,9
2788,1,5
3766,3,1
7508,1,2
8420,5,3
149,3,5
1565,2,8
1078,1,9
7921,1,9
9191,1,4
7752,2,5
1569,5,7
2492,4,6
7238,2,3
2028,4,3
6052,2,6
1630,2,4
9220,1,9
5337,1,5
2611,5,3
6090,1,4
553,5,2
8392,2,1
7506,1,1
3682,1,6
351,3,4
3808,5,4
5813,3,9
2598,2,5
7713,4,9
1036,1,1
1550,5,8
5700,3,5
6500,5,3
7218,1,9
4857,2,8
3236,1,9
938,5,5
9151,2,1
3538,5,6
2780,3,7
1966,4,7
9176,2,1
3842,2,8
4313,1,3
8068,1,6
4375,1,9
309,2,3
6453,2,6
3670,2,2
5208,3,1
3088,2,6
1141,1,9
5730,2,6
9539,5,1
3366,1,2
7068,2,8
8288,1,3
2776,1,6
1185,2,6
4621,4,1
2334,1,3
1141,2,4
2515,3,6
9026,3,4
4854,2,6
4638,2,6
5904,1,8
8279,3,1
2124,2,1
8066,4,4
5899,2,9
6466,2,3
9890,5,2
9150,3,2
4635,2,2
682,2,1
8367,3,7
4004,2,7
5585,4,4
4714,1,1
5284,4,2
2179,1,6
9075,3,2
8736,2,7
7189,1,8
1726,3,1
2848,1,4
7516,2,6
420,2,3
652,2,8
8735,5,9
4643,1,4
621,5,7
1664,2,8
2913,2,5
4485,1,3
8811,2,8
8361,3,2
3111,4,7
5973,2,2
7883,5,9
730,5,2
2810,4,6
7570,3,8
5500,2,9
2383,1,4
9989,1,5
5532,3,7
5014,1,9
4559,1,9
7002,1,4
6325,2,9
9370,1,5
5198,3,7
6670,1,9
8733,1,1
851,5,3
9137,5,9
3260,2,3
9227,5,3
8202,1,1
5354,5,7
2343,1,6
98,1,7
9164,2,7
5918,1,3
794,5,2
2612,2,8
9777,2,9
4426,2,5
4434,2,2
4495,3,5
1474,3,4
8315,4,6
7506,2,3
5435,1,8
5900,1,8
4556,2,1
4414,4,6
8888,4,5
7147,2,1
3111,2,4
8237,1,6
1215,2,7
4191,5,1
9197,2,4
5601,2,6
4244,2,9
2999,2,7
5243,2,3
7224,2,8
8459,1,7
1249,2,8
5240,1,2
9663,3,2
8475,2,6
5273,1,6
3745,2,7
374,1,8
5367,2,3
80,3,6
8782,2,6
6593,2,1
8824,2,7
7013,1,9
5070,3,3
4463,2,9
4298,2,1
7207,2,3
7891,4,9
974,2,5
5021,2,9
9465,3,7
3438,1,4
3362,5,8
6156,1,9
3796,5,1
5804,2,7
5694,1,2
7559,1,4
2573,1,8
9171,1,3
7697,1,4
759,2,3
3890,3,3
1162,4,7
6683,5,9
7056,1,7
5553,4,1
7876,1,1
2958,2,5
7327,2,7
6907,1,9
5982,5,4
3623,2,5
5779,1,3
946,1,9
4098,2,9
6472,2,8
5600,1,9
8727,2,9
202,3,7
4765,3,5
8258,2,1
8071,2,6
8992,5,6
6309,2,5
8458,1,2
5867,1,4
7240,1,4
2803,3,4
3055,3,4
8107,1,7
7325,2,7
8531,2,4
4986,3,8
221,1,2
3889,4,2
3874,1,9
7516,2,6
8898,5,4
633,5,2
7912,3,5
3608,1,7
2827,1,5
3770,1,7
5689,5,4
6931,5,9
3212,5,2
4819,2,9
9359,5,5
5451,1,7
4341,4,3
2805,4,4
8780,1,9
5815,3,7
7161,3,5
3876,2,2
4083,3,2
7994,2,3
5789,2,7
312,2,1
7496,2,7
534,5,3
8494,5,4
8092,2,5
7064,1,8
4270,2,9
7677,5,1
8463,1,4
5775,1,7
8805,4,3
3390,1,4
3082,2,6
6022,2,1
9193,2,2
8141,2,1
4837,5,1
4561,3,3
1000,5,8
7381,2,1
1003,3,2
2104,4,7
5269,5,7
1519,2,1
2869,2,1
7319,2,9
9580,1,4
13,2,2
635,1,3
7500,2,8
2385,2,7
542,3,9
1548,2,2
4050,2,5
2346,1,2
3776,3,1
6684,3,8
4579,1,7
4097,1,6
5954,1,2
6846,4,9
2265,2,1
2803,5,9
9536,3,5
5357,5,9
4656,2,4
6987,2,2
6736,5,7
1481,1,9
5143,2,8
6648,2,6
8951,4,7
2752,3,3
8498,2,1
7814,2,2
2404,4,3
7405,2,7
7241,3,2
8076,2,1
5972,2,9
7729,1,4
2224,3,6
1759,2,5
2164,1,8
4020,2,9
6675,5,6
2992,2,9
4602,5,1
5545,1,2
4892,5,8
2689,2,5
7221,2,5
3241,2,8
4870,5,5
7302,1,3
9115,2,1
7505,4,8
7360,2,4
733,3,1
4168,5,6
9025,1,5
1929,1,4
118,2,5
8770,2,5
9817,2,8
8726,2,1
3271,3,1
9676,2,6
4237,2,3
6877,1,5
1832,1,5
1576,5,7
7525,2,4
2314,4,9
2712,2,3
852,5,1
2145,2,4
1634,3,4
3523,1,6
1758,2,8
4768,1,9
1736,1,4
5141,2,1
1389,2,1
5309,1,6
7572,2,6
5448,2,7
5567,2,1
3304,3,2
7268,2,9
6319,2,3
7179,1,1
5994,1,9
9622,1,5
4403,1,3
7934,3,8
685,2,3
4614,2,2
121,2,7
4129,4,8
5560,2,7
3966,2,6
3392,2,9
2739,2,4
2486,5,6
7329,2,1
6714,1,5
1050,1,7
7230,2,3
8718,2,4
5213,2,1
7628,3,9
5169,3,9
4849,1,7
5460,3,9
4628,1,9
3983,2,9
6899,3,8
1975,3,2
9734,1,1
9465,1,5
8970,5,5
2077,2,5
1695,1,6
1023,4,7
2532,5,1
3235,2,9
9952,5,8
1291,1,1
8285,1,3
8527,1,5
8640,4,3
3667,3,6
567,1,2
3629,3,8
8071,5,3
2094,1,6
7325,1,4
3621,3,8
7566,4,5
3714,1,8
8112,2,5
3014,1,7
7270,2,6
7701,2,1
9345,2,4
5944,5,5
6760,2,6
9632,2,1
4734,2,6
1823,5,8
488,2,5
3892,2,5
8075,3,8
4189,3,4
7113,1,7
8998,2,6
9742,1,6
9201,5,2
8779,1,6
3875,3,1
9158,2,4
1303,2,4
9435,5,6
9175,4,6
8724,1,1
4480,2,9
7332,2,8
1832,5,1
9895,3,6
6708,1,2
1259,2,1
5894,5,5
5101,2,1
488,4,1
137,4,1
243,4,5
8606,2,7
2127,1,9
5028,1,5
2443,2,3
8527,5,5
2002,2,2
9354,1,5
5442,5,3
6633,4,1
8528,1,4
3542,1,3
1554,3,2
9057,2,2
6787,5,4
7976,5,1
7894,2,8
5466,3,4
4076,2,9
8529,1,1
4907,5,4
8095,2,3
4640,2,4
8942,1,7
76,2,9
3478,5,4
3108,1,4
8917,5,9
9063,2,1
1727,1,2
101,5,8
3932,1,4
7317,2,1
1120,2,2
8586,2,5
8652,2,5
4036,2,8
8429,3,7
9879,3,6
7129,1,7
8170,1,9
2984,3,5
1691,1,5
4582,3,9
3030,2,7
9429,2,1
3954,2,1
4021,5,2
2676,3,9
6043,2,8
6648,1,6
585,4,8
4804,1,1
8505,3,4
6711,1,6
1393,2,3
6126,1,1
9856,1,4
1830,1,5
4384,2,4
5479,2,4
3646,2,1
2761,2,4
8766,4,3
9806,5,4
2033,5,6
1498,2,6
8457,2,4
2109,2,2
9914,2,3
1366,1,8
7744,2,5
1527,2,5
2440,1,4
2224,1,6
6609,3,9
8666,3,6
5984,2,2
4226,2,7
2084,2,9
7619,4,1
6357,2,1
5872,2,9
2209,5,3
4333,4,6
3965,5,7
8783,1,4
7155,2,3
4638,4,6
6252,3,7
9533,1,9
4298,1,1
2837,4,5
3440,1,1
561,3,9
1141,2,3
2517,1,2
8537,1,5
921,4,3
2442,1,6
8538,1,5
5029,1,1
7914,1,1
9385,2,8
8163,1,5
2336,1,3
2719,1,3
8153,1,4
3471,2,7
1355,5,6
9447,2,7
9108,1,5
8568,1,6
5471,2,1
1929,1,7
7538,1,9
4578,3,9
8498,1,5
144,2,7
8248,2,7
4036,2,9
1433,2,9
1456,1,5
3188,5,3
784,2,4
5100,3,7
160,1,1
5338,5,6
9355,5,3
4997,5,6
7814,3,5
4782,5,2
5375,4,2
6711,3,3
5350,4,7
8413,2,1
5535,1,2
4674,1,6
9282,2,1
6693,3,2
1409,1,1
9088,3,7
3325,3,8
152,2,5
1062,1,4
975,5,4
224,2,1
2984,1,2
5522,3,9
8339,2,7
5142,3,4
57,3,4
6906,3,4
674,1,3
5485,1,2
3584,4,8
9085,2,6
2409,2,9
4582,1,1
5917,4,3
8530,5,5
6054,1,8
9495,3,5
5945,2,6
1004,1,5
228,2,6
4488,5,8
6316,5,7
1609,4,9
4058,2,6
6464,1,2
7849,4,8
6138,2,4
9916,1,4
1861,4,3
9947,2,2
8648,2,3
5969,5,8
2621,2,6
1373,3,6
4962,2,3
2765,1,3
1397,3,8
8738,2,4
3520,2,5
9439,2,1
8730,4,8
2357,3,6
3820,2,2
7025,1,3
2338,1,5
8636,2,7
6991,2,4
1807,2,9
7146,1,7
8357,2,7
6316,2,7
661,3,2
6112,5,1
5686,2,5
3301,5,2
9360,5,2
1915,5,8
7483,3,1
7194,1,8
4683,4,9
5493,2,3
8078,1,6
7877,4,8
1199,4,3
7654,2,7
2953,2,3
7630,1,5
6580,2,4
6266,2,8
4629,1,8
165,4,9
6188,5,7
2577,3,8
8816,5,1
879,1,1
9162,3,1
7151,1,7
5577,2,6
5546,2,5
1274,2,8
7831,1,4
8886,3,7
8598,2,5
544,1,9
4288,2,1
3741,4,5
2177,5,6
4335,4,9
9955,2,9
5275,1,1
5855,1,3
9363,3,4
6688,2,3
6315,1,4
9809,3,8
4072,5,2
1060,4,4
2668,5,7
4547,1,5
8206,1,9
6685,4,9
6701,4,4
9053,2,4
4106,2,8
8948,2,4
5700,2,4
4912,2,2
9822,4,3
9923,3,5
6664,1,9
6127,2,8
8859,2,9
5949,2,8
705,5,7
2964,4,4
5699,1,3
3384,5,9
5146,2,3
3431,2,2
1128,1,6
6401,2,5
8110,1,2
9959,4,6
6066,2,8
9134,3,5
3066,2,8
3878,2,9
3490,1,6
5848,1,7
4262,3,6
3538,2,8
5268,1,3
1756,2,4
8222,2,6
5206,5,7
4093,5,1
5678,5,6
5307,2,4
9992,2,1
4510,1,1
637,4,6
4575,2,2
8908,4,8
3411,3,9
2594,1,5
7937,1,3
3869,1,8
5393,1,9
8066,1,7
9892,1,9
8611,1,4
1603,2,4
1201,2,7
9887,5,1
1914,1,3
7727,1,3
4461,2,4
1871,5,8
6772,4,1
8072,1,8
2788,3,3
83,2,9
3190,4,8
6447,5,2
4169,2,1
777,2,6
2087,2,3
4853,5,5
1837,2,4
9884,1,3
8632,3,2
1253,2,7
1155,2,4
9634,3,3
5383,1,5
9087,2,3
9304,3,1
50,3,3
7357,2,2
8939,1,3
5043,5,3
765,3,7
2492,3,9
8294,2,5
544,2,7
4107,4,9
4462,2,6
8518,3,3
7325,3,5
9441,2,3
2443,2,5
401,1,4
190,3,5
965,2,6
4345,2,5
5962,3,8
7795,2,3
4343,2,4
6935,3,7
6486,1,9
8828,3,4
2530,2,9
9040,3,5
2498,1,8
7507,2,2
6385,3,8
1579,2,4
3487,1,9
2473,3,9
3410,2,3
4729,3,1
3426,1,4
6125,2,8
7498,5,5
1581,1,5
8948,5,7
8115,2,8
3941,4,2
8794,4,4
5357,1,1
3713,4,4
6758,2,7
9666,2,3
5452,2,1
7488,1,8
2253,4,6
4671,1,1
911,1,7
757,1,2
4730,2,5
13,5,4
8520,5,8
66,2,9
6958,1,5
598,2,7
377,2,8
4069,2,1
7998,1,4
8037,1,1
7846,1,3
488,1,3
9247,1,3
7497,3,7
6668,2,4
9823,2,6
4880,2,1
9902,2,7
7262,1,7
7585,5,9
6229,4,6
2045,2,1
9373,2,9
6365,1,9
9933,2,1
7932,3,8
9102,3,6
7718,5,9
1758,3,2
9750,1,1
8120,2,3
1883,2,6
1006,1,3
7326,2,9
5395,1,1
9720,2,6
7224,2,3
2869,1,4
9151,5,4
8643,1,9
5199,2,2
7384,3,3
1324,3,6
4554,3,3
4310,5,6
1731,1,7
9059,2,4
7303,2,8
3426,2,5
8309,5,9
544,3,3
7052,4,1
9774,4,7
9511,1,8
2488,2,4
4,3,4
7163,4,4
27,1,5
6602,4,4
8235,2,8
305,2,7
9196,5,4
8538,1,9
2138,4,2
8244,5,3
4271,4,8
5971,1,8
3420,5,7
9183,1,5
1922,5,2
3274,4,3
9227,2,2
1739,2,7
7243,4,9
1688,2,2
747,2,5
9647,2,1
994,2,9
8407,2,9
8924,2,5
7035,3,4
3081,1,8
8073,2,3
7518,5,8
977,1,4
3378,1,2
2809,2,7
3740,3,7
5373,3,2
4192,1,6
5996,2,6
6830,2,7
6582,1,3
6746,2,7
7710,5,3
4542,3,5
6432,3,8
443,3,1
8541,4,1
9432,5,9
7472,2,8
8552,2,2
7357,4,2
3794,2,8
6266,3,9
8201,4,2
5331,2,4
2502,2,2
6433,2,8
781,3,3
362,2,6
4870,3,8
2141,2,2
2647,5,6
7861,2,2
2351,2,4
9921,2,3
6475,2,8
9215,2,3
7796,1,1
205,1,4
1323,1,9
7829,3,7
1090,4,3
8660,3,5
1724,2,5
8282,3,6
1813,4,8
3646,2,5
1785,2,3
9725,2,6
7340,2,7
3473,3,9
7834,2,1
9829,2,6
9011,5,4
8880,2,8
4037,2,5
6704,2,1
935,2,2
4664,3,7
6030,1,6
5546,4,3
23,1,4
9076,2,5
3161,2,3
4037,3,6
8972,5,4
2816,1,9
113,1,9
5262,1,3
7534,3,2
2202,2,8
4173,1,8
5340,2,6
9634,2,1
7735,3,7
3312,5,4
1552,3,2
534,2,8
3926,5,2
8099,3,7
1068,2,1
1788,4,6
9787,5,4
759,4,6
681,1,4
2670,5,5
2791,3,1
6281,2,6
6746,1,5
1886,4,2
9193,4,6
5312,3,4
2321,3,3
2390,3,5
9971,2,9
4603,2,8
7633,5,1
9612,4,9
1400,5,7
8141,1,9
3876,2,7
6761,1,3
4084,2,8
4727,2,6
6341,1,2
3186,4,5
7544,2,4
9046,1,4
5964,3,8
1318,2,8
891,2,4
7675,3,3
3214,2,4
1571,2,8
3994,1,1
9004,2,8
3780,3,3
3183,4,8
9697,2,4
7853,3,6
6933,3,4
6104,2,8
7377,5,5
7253,2,1
5556,2,8
6429,4,4
7167,2,1
7180,3,8
465,3,4
1234,1,9
1240,1,6
1692,5,4
5928,1,3
625,3,1
1299,3,4
6596,2,2
5245,2,9
627,5,9
7995,5,7
138,2,2
756,2,5
151,1,5
2631,2,7
5488,1,9
69,2,1
4608,4,4
5259,4,3
3738,1,8
960,1,2
1304,2,8
720,1,4
3795,1,3
780,2,1
2259,2,4
6097,4,2
5152,2,5
8381,2,1
3034,2,6
8261,2,5
6509,2,3
5801,2,3
2509,3,6
7115,3,1
1676,3,1
1090,5,9
4848,2,3
2839,5,3
9643,1,6
8354,4,3
831,2,7
9755,2,2
2976,1,5
622,2,6
5672,3,1
4515,1,6
7999,1,8
1063,3,1
9021,2,5
6051,3,1
1138,1,8
5309,3,1
6335,2,9
7691,4,2
6486,5,3
4797,1,1
7916,5,1
4991,3,5
8787,2,1
2707,2,2
7436,5,8
1533,4,4
6397,2,2
2555,3,5
8172,2,3
1784,2,5
4074,2,4
2338,1,4
7928,3,3
1736,5,8
9814,2,8
1519,4,3
5820,2,4
3743,2,9
2455,3,4
349,1,1
6802,2,3
2878,3,8
3334,3,3
5710,3,8
7412,2,8
1889,5,9
4850,1,1
3224,4,2
2770,5,4
5362,5,3
6406,3,8
7750,5,9
5191,5,7
7775,2,6
8172,1,6
9451,2,7
7608,1,8
1896,1,4
2713,2,9
6848,4,4
3768,1,2
5281,1,3
8959,1,5
437,4,7
7495,5,8
9320,2,7
1168,1,5
4409,3,5
5425,1,9
3208,1,5
7033,3,8
7488,1,5
4251,5,2
1443,3,9
912,2,3
9121,1,3
9293,4,9
8928,1,6
8292,2,5
4075,1,9
9012,1,4
636,1,3
9663,1,7
4158,1,9
6128,4,1
6305,5,1
4204,2,4
2938,4,6
2153,1,8
1527,1,3
5033,1,1
367,2,6
2891,1,1
9080,2,3
7693,2,7
166,3,1
20,2,8
5285,1,7
1348,3,2
7765,2,2
9856,5,6
119,2,1
4971,2,5
2233,3,2
3527,2,2
7174,4,3
3665,2,1
3764,1,1
3975,5,3
3103,5,7
7596,5,2
6757,2,4
4992,4,2
1732,1,7
4205,1,8
1113,2,3
4100,5,8
9416,2,6
6408,2,6
8044,3,8
2167,5,2
6370,5,4
9292,5,4
8901,3,3
513,2,6
9716,3,3
3022,3,6
7652,2,6
1020,1,8
9683,5,6
1381,2,6
5555,2,7
4350,4,6
1943,4,6
6000,3,9
6844,4,3
7284,1,8
3062,2,6
1256,1,3
9393,5,6
6442,5,2
9964,4,1
8639,4,5
3579,2,3
2521,2,4
9180,1,6
5166,5,2
4294,1,3
9729,5,5
3016,4,2
5243,2,4
6766,2,3
2344,2,5
6086,5,8
3173,2,9
51,3,3
2081,2,8
1347,5,8
2474,3,8
1410,5,5
2836,5,4
5185,1,9
6130,2,3
3588,3,8
2953,4,9
3146,3,9
7439,4,1
6589,5,3
8137,5,3
3721,5,1
2942,2,4
2873,4,4
2173,5,3
3155,5,4
1547,3,2
795,2,3
1523,1,3
9093,2,8
5332,1,7
1775,1,8
493,1,3
8610,2,6
890,1,1
3362,2,7
7649,2,7
9340,2,8
5632,1,2
1536,4,9
1783,5,4
1438,2,4
4604,2,9
8587,2,9
2851,2,3
6764,2,6
462,2,2
9325,3,4
551,3,8
111,1,4
7624,1,6
5602,1,5
7831,1,5
7385,3,9
8549,1,2
2562,2,9
6266,2,4
7802,5,7
6421,2,9
3897,5,5
3851,3,9
6641,3,4
2909,1,9
3092,3,8
1658,5,7
1385,5,4
2790,2,9
100,1,2
3706,1,4
4804,3,3
7633,4,6
3358,5,2
2364,1,6
9031,2,5
725,1,1
2714,4,8
9011,2,2
5544,1,2
974,2,7
209,2,6
6560,2,9
5111,2,4
398,1,7
3028,2,8
255,2,5
9212,5,9
2606,1,4
3084,2,5
817,5,1
71,3,9
28,1,4
9689,2,1
8077,5,4
6780,1,4
5550,4,1
235,3,8
3774,4,5
5946,4,8
753,1,4
2992,2,3
7768,2,4
7305,2,9
325,2,1
2805,2,9
4471,2,6
9051,2,8
914,2,6
7459,3,9
3940,4,3
8688,4,4
3163,1,8
3320,2,7
9181,4,4
4835,2,5
8603,1,5
1969,2,8
6013,5,9
4954,1,4
2591,1,2
6531,2,5
5054,3,5
1577,2,3
5176,2,4
5801,2,2
40,3,2
6392,2,7
862,1,9
4562,1,4
6239,2,2
4988,2,6
8616,2,2
9203,1,6
4014,3,8
7464,1,2
9873,2,4
3637,2,1
7037,1,9
8680,3,3
8438,2,2
462,2,7
1655,2,8
742,1,4
9660,2,9
4603,5,4
7475,5,7
8813,3,5
3079,4,3
2007,1,1
1207,4,6
1120,5,2
466,4,1
6114,2,2
8896,2,1
4533,3,2
5310,3,3
3030,2,4
9572,1,4
4845,3,6
157,2,8
4779,2,7
2964,3,3
8904,4,3
4149,3,9
542,1,4
8789,2,5
3290,2,4
1478,2,6
2489,5,7
4857,3,5
224,2,4
6494,3,4
3898,5,9
6123,5,8
4461,1,2
4564,1,3
2527,5,8
7039,2,2
8859,2,5
9020,2,6
2650,2,7
7294,1,8
2869,2,8
5495,3,2
6573,2,8
1067,2,1
3059,5,2
6484,2,9
8214,3,8
6490,1,6
1404,1,5
8123,1,1
2648,4,7
5083,1,7
3588,3,3
7752,2,5
7597,1,1
8035,2,8
4263,4,8
8725,3,8
419,1,7
2942,2,1
9406,1,3
987,4,5
5174,2,9
5224,2,3
5574,3,9
4469,1,2
1377,1,9
2776,3,9
7091,1,6
5852,4,5
3779,1,2
5710,3,5
531,3,3
9730,2,4
7551,2,7
8350,3,4
8158,1,9
2982,1,2
8036,1,8
1881,1,4
2701,3,8
8578,5,7
1522,2,8
2853,2,6
5475,2,9
267,2,1
498,1,9
7928,3,2
7868,3,1
4087,2,5
4878,2,5
1382,4,8
8336,1,7
5365,2,9
857,3,6
5450,3,2
1049,2,5
5693,3,5
2172,1,4
9968,3,6
5037,5,5
1026,3,2
6050,2,8
5569,3,9
8172,5,2
5681,5,6
2737,2,7
4804,1,8
5851,5,8
3548,5,1
3777,1,3
4975,3,8
4345,3,3
7319,2,3
162,5,9
8627,5,5
7837,1,9
3802,2,4
779,1,8
545,1,3
6165,5,4
5530,4,2
1046,1,8
6340,1,8
1966,3,1
933,5,9
601,3,8
6529,2,1
7639,1,9
3800,3,7
622,2,4
4309,3,2
2655,2,2
6802,5,8
698,5,8
5009,4,9
919,2,2
9489,2,2
5800,2,7
9662,2,8
2222,3,5
9175,4,5
602,5,2
7864,1,5
1331,2,1
8154,2,5
684,1,4
444,2,5
9646,5,7
7982,1,9
3951,5,2
7029,3,2
9552,4,6
8698,1,1
6401,2,7
6001,5,2
4393,5,9
6849,2,5
1357,2,1
4460,2,3
4934,2,1
6438,1,5
4427,2,3
2941,2,7
2166,3,4
3524,2,2
8851,5,8
3108,1,3
205,2,1
3289,2,1
3026,5,5
8424,1,9
3495,2,8
3670,1,1
545,4,5
7124,2,9
4784,3,6
4649,3,4
5766,4,9
999,3,4
779,1,3
9326,1,8
2621,2,6
6101,4,7
2128,2,6
9240,5,8
6347,2,9
3248,1,8
2564,5,3
9717,5,3
3762,2,5
5312,3,5
7778,4,4
7943,2,6
3304,5,5
851,2,4
395,1,4
3552,5,1
3843,2,4
1818,2,7
8470,5,6
7147,4,4
6137,1,5
6994,3,2
3294,2,4
7152,4,4
2428,3,7
495,1,6
9738,5,9
6790,2,1
485,1,8
8773,2,6
3395,2,7
171,2,6
855,2,8
9158,1,5
6388,4,5
4630,2,5
9797,2,1
3784,4,2
9772,1,4
8921,2,1
409,5,1
5625,1,4
5553,3,8
3423,3,7
28,2,4
1145,1,5
4311,5,7
9759,2,4
7266,3,9
9525,2,3
3401,1,4
9028,1,6
7557,2,5
2640,2,3
6570,2,2
7039,1,3
406,5,3
8148,4,7
9748,1,5
5795,2,6
6666,2,4
647,2,4
1544,1,1
4156,3,3
2542,1,8
3173,5,7
4157,1,5
1598,2,2
9726,5,5
3875,1,5
6692,2,7
9426,1,7
7547,3,8
5085,1,8
4140,2,7
9188,2,5
3065,5,7
4620,3,8
7085,2,9
4643,2,2
5595,2,8
8318,2,8
218,2,9
8668,2,1
6144,5,3
6831,2,3
3109,2,8
1020,5,8
2629,2,4
449,1,9
6731,5,9
1757,2,5
622,5,3
9716,2,3
208,2,2
3881,5,7
942,3,7
4740,5,3
1556,2,6
5920,2,9
6721,3,8
5673,2,7
5794,1,6
1530,2,2
7712,3,4
3736,3,7
6841,3,6
9091,2,1
1183,2,6
7711,1,4
4226,5,8
5108,5,1
3243,1,9
4047,2,9
2343,2,7
2997,3,4
1239,2,5
8376,5,2
7381,1,6
2693,2,9
8961,1,9
3621,3,6
7872,2,2
4448,4,9
4925,1,5
9570,1,8
6844,3,6
4564,1,2
6655,2,2
5391,5,1
9748,1,8
6975,1,8
8208,2,7
5506,3,9
3504,2,7
1316,2,6
4799,5,5
118,1,1
3468,1,2
6506,2,6
8151,5,9
6986,2,3
9828,3,9
4895,2,9
6912,2,8
7176,5,4
5094,4,9
1241,2,2
6144,3,1
3729,2,2
2764,3,3
1680,3,5
6755,2,3
2595,1,9
3444,3,3
7259,2,3
793,5,5
3761,3,2
1206,4,3
4588,4,9
4435,4,8
89,1,7
7669,1,8
2735,2,1
4348,4,7
4905,1,2
4878,2,3
4945,1,8
1063,5,5
3693,5,2
3784,3,8
9095,2,9
9704,1,2
545,5,4
5683,4,6
5298,4,1
1247,1,8
6370,5,6
3138,2,5
4379,2,8
3721,4,7
3203,2,5
5113,2,7
4328,5,6
5899,3,1
8730,5,7
502,3,3
9322,4,3
4255,2,8
3870,2,4
7556,1,7
1559,4,2
704,5,6
9862,1,7
6928,2,1
3297,1,1
5248,4,4
8400,2,3
2457,4,8
2638,5,2
7137,2,7
5669,4,7
3700,2,9
1167,2,2
6219,5,3
3545,2,7
5030,3,9
1909,1,3
9131,2,5
4792,1,7
420,2,2
1135,4,7
6957,1,3
6606,3,5
399,4,2
5,1,7
5664,3,4
4781,2,9
3747,2,8
4008,3,1
20,3,4
701,1,1
109,2,5
1434,5,1
5910,2,4
5737,5,8
2019,1,8
9923,2,6
2542,1,5
8044,5,5
3197,1,3
3763,2,4
8745,1,7
9037,5,6
9520,1,8
5751,1,6
9756,4,9
9002,5,7
9711,1,4
4600,2,9
1131,1,8
8444,1,3
3117,3,7
6677,2,6
5033,2,7
7413,2,4
6861,5,4
7841,1,8
8034,1,6
8873,1,7
8502,4,3
7127,1,1
2601,1,7
8379,5,1
7846,2,7
9706,2,6
564,5,4
8027,3,2
6022,2,5
4749,2,2
8931,1,2
7093,3,8
3783,4,6
5300,2,1
4209,1,7
4319,1,9
3956,2,7
6108,2,1
3777,3,4
2415,2,1
5344,3,3
3916,5,7
3668,5,8
4154,5,4
3456,3,7
5701,1,2
6752,5,1
983,2,8
4488,5,5
3953,4,3
7117,2,7
7591,1,1
2835,5,4
8949,1,6
6000,4,6
3505,2,4
637,2,2
6929,5,7
6270,1,3
5087,2,2
2489,4,2
8241,3,8
2187,2,1
361,2,1
9543,1,5
135,5,6
2886,1,9
552,1,1
6749,2,2
4236,2,9
9052,2,3
9506,5,5
268,2,2
2109,5,2
9021,2,1
8137,2,2
5623,1,1
1763,2,2
7761,5,7
9669,1,8
287,5,7
8154,2,7
1642,4,6
466,1,4
6120,3,7
9139,5,7
7106,2,3
1640,2,4
7240,2,5
4640,2,8
8088,3,7
9859,1,7
5596,1,3
1060,2,6
2976,5,5
9513,5,1
8958,3,9
9411,3,2
4736,1,1
9934,1,4
4958,2,3
5897,5,6
3472,2,5
6344,2,9
2147,2,7
1297,2,9
6037,5,6
561,2,4
3404,1,6
9317,2,2
1622,3,9
1029,2,7
8446,5,2
5875,1,1
8296,2,1
3142,2,9
8649,2,1
9691,4,5
5452,2,1
9212,1,1
2596,3,9
9980,5,9
5888,2,8
3862,1,7
6760,1,2
8092,4,5
9427,1,3
6655,5,7
3899,3,6
6459,5,9
8538,2,5
8105,2,9
5314,2,2
5597,1,3
7695,5,6
4455,3,9
6926,1,5
6181,2,1
9629,3,2
1662,2,7
7953,1,3
6413,2,7
9688,5,3
2401,2,1
9573,2,5
296,5,2
4649,5,7
9151,1,9
9181,2,2
6542,1,9
6054,3,4
7732,5,5
1404,2,3
925,1,4
394,5,8
8099,2,6
4315,3,1
2908,3,7
5436,2,8
5014,2,4
235,1,7
4365,2,5
331,2,6
4495,1,6
2003,2,8
8999,1,3
8651,5,1
8353,2,4
3983,5,1
4370,2,6
2357,2,6
4881,2,6
8831,2,6
8169,2,9
7176,1,2
9778,2,4
1860,4,4
2849,2,8
2860,2,6
2041,1,3
9363,2,6
1791,1,6
4530,2,9
5543,3,3
4154,3,3
7788,2,1
9859,2,5
6242,2,1
408,2,5
3517,2,1
787,3,7
2665,5,7
188,2,5
6376,2,8
9384,1,2
9890,2,1
5588,3,8
6976,1,4
7158,2,7
5673,1,3
1572,1,6
7737,5,5
4168,1,9
5244,5,4
2782,1,9
1426,2,8
9860,3,1
6660,3,6
2768,2,2
5112,2,5
1656,3,1
8972,1,7
6887,2,6
3013,2,6
5868,1,7
6469,5,5
41,2,6
9968,5,3
2618,2,2
9406,5,3
6716,3,3
7368,3,5
886,2,3
7334,4,2
5813,2,7
5824,5,9
6174,3,7
7573,4,9
9151,5,1
3353,2,5
6576,3,9
5513,2,8
8909,4,7
6906,1,1
8784,1,8
2209,5,5
9994,2,7
2055,5,3
5134,2,9
4725,2,5
4483,5,1
3053,2,9
465,3,4
9691,1,2
5598,2,1
7756,2,2
8483,2,2
8123,2,5
1387,3,3
1590,2,3
2011,1,2
7936,1,4
5388,2,9
9734,5,3
3337,2,4
4582,2,4
1546,4,9
2809,5,3
3176,2,9
728,5,5
7615,5,9
7608,5,6
3658,3,1
3989,3,9
4819,5,2
1565,2,6
7534,5,5
7810,5,2
3489,2,5
3340,2,3
7468,2,3
6018,5,7
9346,3,1
4160,5,3
5148,1,9
4872,1,6
4201,3,4
3964,2,6
7012,2,1
2523,4,9
1134,3,2
8014,1,7
6612,3,3
719,3,6
268,3,6
2700,1,9
6122,5,8
5631,4,1
6005,2,3
572,3,7
312,2,7
6375,1,6
9540,1,1
8097,1,8
1481,1,2
715,2,9
1791,2,5
6903,2,2
8104,2,2
6906,2,5
6789,5,8
8751,1,4
5484,2,9
5933,5,8
9818,1,2
1553,2,9
2321,3,4
954,3,3
5122,5,3
2443,1,8
8302,1,1
9444,5,9
6981,1,1
499,2,6
6196,1,3
3812,5,3
56,2,6
2871,4,8
3795,1,1
329,1,7
782,4,2
9332,5,2
727,1,7
9609,2,9
1408,5,9
829,4,5
6237,2,3
4333,5,4
5657,5,8
7540,3,1
6817,2,1
8939,2,7
2375,1,7
5239,2,7
8202,2,8
4037,2,3
2582,4,1
3839,4,6
349,3,8
8240,2,2
1373,5,3
7805,2,6
7745,5,7
561,1,8
935,1,8
8325,2,8
1154,5,9
5848,2,2
5821,3,6
1734,3,3
5072,3,3
5089,2,4
6620,1,1
9312,3,5
1978,4,3
3290,3,1
4932,4,7
4666,1,2
1003,1,7
4698,2,5
5607,5,2
7927,5,5
9332,1,1
992,3,1
5004,5,3
8033,2,4
8215,1,8
7413,2,3
7943,1,5
2516,2,5
2624,2,2
9724,4,3
5073,4,3
4307,3,1
9935,1,6
4087,5,1
7092,4,8
5026,1,3
2163,2,2
3957,2,1
3529,2,3
6637,1,7
1093,3,7
9934,2,4
5267,2,4
9888,2,4
3240,4,8
6952,2,5
3780,2,8
855,2,6
3742,2,7
7901,1,9
1483,2,2
8554,5,5
9840,2,6
1389,2,4
9065,2,8
1391,4,3
5619,4,2
2778,2,9
2508,4,2
6791,2,8
4286,1,2
9612,4,3
7100,2,2
9858,1,6
801,2,9
5602,1,9
8177,1,5
5445,2,7
487,1,8
7640,4,1
8403,2,7
272,2,8
6460,5,7
9001,2,4
573,5,3
854,5,2
261,2,1
1432,3,1
6711,2,6
2033,1,7
5074,3,4
2096,4,8
817,1,1
2226,2,2
2288,4,3
3369,2,6
1056,1,4
160,4,8
2596,3,7
1453,4,2
1092,2,4
4856,1,9
8252,2,1
5130,4,9
7559,1,8
6908,1,8
1072,1,6
1013,2,2
7097,2,3
4291,1,9
4833,4,9
5829,2,9
768,5,1
9988,3,9
3082,2,5
7393,1,5
7169,2,9
3760,2,3
7120,2,2
2304,2,1
3027,5,4
7356,2,1
7985,4,7
5436,1,9
63,5,5
4908,3,8
7918,4,7
2967,2,5
167,1,8
6032,5,8
4019,5,9
1466,1,2
5301,1,2
3612,3,5
4952,2,1
6356,2,5
6953,5,9
2262,5,1
8757,2,5
1850,5,7
4295,2,7
8071,5,3
1591,4,1
5178,2,8
6133,2,5
6784,2,7
7861,4,6
6293,5,8
349,1,3
443,2,8
7028,2,2
5669,2,7
4643,1,4
6116,5,4
8189,4,5
3481,2,7
9839,3,8
9686,4,4
9820,1,7
9406,2,3
6257,4,4
5851,2,6
9679,2,6
3476,1,8
9730,2,3
2437,2,6
5882,1,6
8970,1,4
1377,2,3
665,1,1
8456,1,6
9142,4,1
2998,3,1
8706,5,6
7249,4,1
4799,3,2
1712,4,8
7612,1,6
5065,1,9
8574,2,9
1843,2,2
279,5,4
935,1,5
6069,1,8
1358,5,6
8481,3,3
5990,1,5
9043,5,4
8040,2,6
411,5,3
2604,2,4
7741,2,1
350,1,4
3019,2,7
6530,1,8
3560,5,8
2510,5,4
1454,2,6
7923,2,9
2317,2,4
1086,4,2
9785,2,6
8965,2,3
8927,2,9
7179,3,8
9876,3,2
4581,5,7
6136,5,1
5686,3,8
6551,2,8
7597,2,4
2653,3,6
9643,4,7
5877,1,2
2820,2,9
1943,2,5
9580,4,1
7974,4,7
4902,3,7
3154,1,8
3687,2,5
7419,2,9
8425,2,8
7519,5,9
9634,2,2
2649,2,4
4947,2,7
8191,2,2
9692,5,5
2278,2,4
3263,2,4
5840,2,3
6460,4,7
5203,1,8
4436,4,9
4961,5,5
5864,5,2
2443,2,8
6279,2,6
4107,1,6
3499,2,6
24,2,1
6136,2,4
9024,1,3
9903,4,8
8491,3,4
4182,2,1
2131,4,1
7183,3,3
8131,4,7
7651,3,3
5220,1,9
5272,3,4
1142,3,7
3804,5,3
7600,2,5
1019,1,8
8308,1,4
5847,3,3
1889,2,8
6849,2,6
455,5,5
1719,1,2
3039,2,8
2703,2,1
7483,1,5
815,2,9
9792,5,6
6611,2,5
6577,2,4
8449,5,6
5256,2,6
277,1,6
144,5,4
9291,1,2
54,3,9
7146,1,8
8253,5,8
3998,1,2
2448,1,6
3853,1,4
7204,1,9
8908,2,3
2687,1,9
6968,2,9
4382,2,1
4770,1,5
3506,4,5
603,3,6
1961,5,4
1065,1,3
3395,2,5
6438,2,5
5566,5,3
3223,2,9
4809,1,8
6443,2,8
2158,5,1
3199,2,6
2969,2,6
1651,2,9
3350,2,4
5389,2,8
2757,1,2
8447,4,2
1954,5,4
7733,1,5
1203,1,6
9247,5,3
8425,3,9
2095,1,6
2621,1,2
8449,2,9
5055,4,6
6850,2,6
5638,5,6
3853,5,6
7603,5,4
34,1,9
6873,5,3
5495,1,7
2249,1,9
3992,1,3
2519,5,9
4725,3,1
1956,1,2
6968,2,8
3051,1,1
4298,2,1
1131,5,4
315,4,8
3598,1,2
3719,2,6
63,3,4
1498,3,5
7359,1,9
252,2,8
1315,2,8
6060,2,6
7806,5,5
1014,1,5
7675,3,4
7420,4,7
7105,4,8
4693,2,3
956,4,2
1952,1,9
9950,2,6
2558,3,4
4390,1,6
4766,2,9
1150,1,6
3735,5,2
9574,2,2
2856,1,8
3770,5,1
1210,4,1
5408,1,2
9548,1,5
1021,5,7
565,3,2
5792,2,8
5057,1,6
2618,4,5
8385,1,4
8767,2,7
5154,1,9
692,1,1
6239,1,9
3648,2,1
5841,2,4
6221,2,8
79,5,1
6948,1,9
1512,5,8
1883,1,9
1404,1,7
9074,2,7
1229,2,2
1606,2,7
9160,4,7
8501,1,2
1086,2,6
4823,2,3
3059,2,5
5393,1,6
9338,1,6
2805,2,8
6342,2,1
7433,2,5
7589,5,2
104,1,5
6070,5,7
916,3,9
9075,2,9
925,4,2
9491,1,5
7962,5,6
7535,2,2
6601,5,6
9325,5,8
1358,3,7
1714,1,4
2166,4,3
8580,5,9
7048,3,9
890,4,7
8884,1,7
9095,3,3
7434,4,7
9597,2,1
7041,2,1
1287,2,5
596,4,3
3522,3,2
5001,5,5
4156,2,7
3144,2,2
7434,1,6
6977,5,2
2141,2,1
5671,4,3
2794,2,4
8456,1,1
2390,1,3
3598,2,8
6149,2,6
617,1,3
5231,4,7
2396,4,3
5745,1,6
5136,3,1
7535,1,4
7064,4,5
6085,1,9
5272,2,5
692,1,4
6138,5,9
4407,3,2
2571,2,4
7402,1,5
6440,1,2
9980,1,9
7813,3,8
6622,4,4
4830,1,5
9250,1,5
1532,3,6
6810,1,9
8127,1,2
6865,3,4
4490,4,6
5165,3,1
2479,5,5
8927,3,6
3936,2,5
7855,1,1
5504,5,8
4781,5,8
5499,2,2
8529,1,4
1597,2,3
4448,3,3
8747,3,2
1988,3,7
6761,2,2
1056,1,3
3399,2,1
7651,4,3
1719,2,7
9402,3,6
7017,5,2
779,2,2
5000,1,9
5449,3,2
423,2,3
2533,4,2
7200,2,6
8856,1,3
5379,1,2
1697,5,6
3435,4,2
6991,1,2
7670,3,6
7472,5,7
6309,5,9
6881,1,8
2518,2,5
2292,5,6
5539,2,9
6283,2,1
3725,2,2
8768,2,7
6282,1,5
1672,2,6
4123,2,3
7631,2,7
1171,3,4
8105,2,7
7969,2,7
7391,2,4
799,5,3
1544,1,1
8346,2,6
1679,2,9
888,1,4
9176,2,1
1509,1,9
3380,1,6
4999,2,1
5834,4,1
3310,1,8
6787,2,3
1668,1,8
4317,1,6
606,2,9
8808,2,2
282,1,8
8651,2,3
6862,5,1
4047,2,2
8045,3,5
7929,3,1
5760,2,4
3655,2,2
6211,2,4
8164,4,4
6617,3,9
7375,2,8
2933,1,1
2800,1,7
7474,2,4
7535,2,2
7016,2,4
6581,3,3
2015,2,8
1111,3,2
9816,3,9
8017,4,3
5204,1,8
5621,2,8
6629,4,7
6767,3,3
2283,2,6
2074,1,4
2679,2,2
4514,3,3
1381,4,8
4994,1,7
4963,2,3
7251,2,7
2689,2,5
4165,5,1
5237,1,6
7351,2,8
2560,2,9
9188,5,6
8380,2,4
3794,5,8
6582,3,8
7911,2,7
3653,2,3
969,1,1
3973,1,9
9811,1,8
9770,1,2
848,2,8
6340,5,3
6506,3,9
6735,4,2
3074,1,7
7313,1,5
7778,1,9
7319,2,5
9421,5,6
2160,1,9
5406,1,5
4510,4,8
5760,3,1
6690,1,2
4320,3,5
5287,3,6
8218,2,1
3353,2,6
6282,2,9
7657,2,1
4150,5,4
3909,4,2
3114,1,5
7550,4,8
2945,3,1
8551,2,4
9112,5,8
4735,3,6
7729,2,9
3541,2,6
7221,3,2
6124,2,7
5798,1,4
6840,5,3
7993,4,5
1762,3,1
1264,2,3
9772,2,1
1385,2,8
9774,5,8
5478,2,3
7639,1,4
9701,1,4
8416,2,8
8863,1,5
3320,5,8
179,2,1
3821,4,3
6860,1,7
5689,3,5
2155,1,1
4112,1,8
5000,4,6
495,2,3
1301,5,9
41,4,3
5668,3,4
4788,1,2
3011,4,1
7951,5,4
4007,2,6
4535,1,6
7261,3,8
1565,4,9
4131,3,1
6528,1,2
8508,1,7
3195,1,3
6813,1,1
3028,2,1
1073,2,3
1887,4,4
3172,2,9
1758,3,4
8943,1,4
1129,3,9
7198,2,7
3320,5,2
405,2,9
8343,2,8
9431,2,6
6581,1,6
1480,2,1
3657,1,5
9372,1,7
184,3,4
5936,4,1
2494,3,8
6713,3,5
3262,3,5
2888,2,3
3327,1,4
5183,1,4
1913,5,4
2201,5,3
5276,2,5
5826,1,9
2123,3,2
1897,5,8
6581,2,5
1157,2,1
7931,2,2
7383,3,9
9069,5,9
6551,5,4
787,4,2
2698,3,6
4367,3,3
5080,1,2
4969,2,5
3394,2,3
1692,2,7
2214,1,2
7577,2,5
1778,1,7
602,2,2
4331,1,1
3715,5,8
5494,5,5
8947,1,4
2378,3,2
986,2,1
8879,1,8
8561,5,3
8678,5,1
1812,2,7
6297,2,6
2872,2,4
9741,2,6
2282,2,1
7212,3,4
8888,1,7
9047,3,9
8013,5,5
9585,3,2
7939,1,2
4587,2,7
6017,2,3
6181,1,7
2504,4,4
6919,1,3
1534,1,2
4279,1,4
8902,2,7
2099,2,2
2471,2,1
8659,2,9
7732,5,7
8393,5,9
7542,1,2
4339,5,6
7648,4,1
7005,2,6
4240,2,1
5189,2,9
8437,2,5
678,4,3
2384,2,8
3781,1,6
1851,2,2
6450,3,1
6375,2,9
2301,1,1
709,4,1
2564,3,5
392,2,2
2351,2,8
8566,3,9
4802,3,6
4873,5,6
3962,2,2
6668,1,9
799,3,1
7185,3,1
5658,3,3
8430,1,8
6512,4,1
9337,1,6
6217,2,1
1691,3,5
2209,5,6
814,2,6
6774,5,9
1755,4,7
9488,2,9
5459,5,5
2842,2,2
5655,2,4
7885,3,4
8740,1,3
7466,2,3
6478,2,9
2453,5,6
3678,3,6
2032,4,2
7522,2,9
3897,1,6
5608,1,9
1476,2,1
493,4,9
7801,2,5
3217,4,7
1638,2,4
537,3,3
5195,2,7
9303,3,8
3248,3,7
5514,2,5
4726,5,1
4363,5,2
9905,1,1
2916,4,5
9651,2,6
778,1,8
4530,1,6
2922,1,2
3306,1,4
3453,1,1
7908,1,7
3403,3,1
2725,5,6
8089,1,2
5851,2,8
6565,2,6
7752,4,5
4335,2,8
7800,2,3
5057,2,5
84,2,2
2099,3,1
5618,3,7
7359,1,9
3392,5,3
2807,5,3
4201,5,9
690,5,9
912,1,1
4774,2,2
1078,2,4
8647,5,2
3585,2,4
1517,2,8
1129,1,7
8326,2,5
7710,1,6
3383,1,8
6927,3,4
567,3,8
9606,2,7
5693,5,2
2643,3,6
3229,2,5
1750,5,3
205,2,6
5496,1,4
5492,3,5
1851,1,7
5109,2,1
3830,3,3
7965,1,4
9897,2,3
2789,2,7
5758,5,5
1151,5,4
2992,1,8
2330,1,2
4907,4,2
6414,2,9
6331,2,4
1729,2,3
8983,5,1
3839,2,7
7280,5,7
8172,2,7
5903,3,8
7167,3,2
2561,5,7
3406,3,8
9825,3,3
4456,5,6
699,2,7
549,1,5
3439,2,4
8061,2,7
86,1,1
1034,3,2
1760,5,2
6725,4,4
5807,3,8
3648,1,2
8440,1,4
3209,1,1
7051,2,9
5991,4,7
4623,3,9
3237,2,4
5367,3,2
3305,4,9
727,2,7
8785,2,8
6343,2,2
8851,4,1
4806,2,2
7282,1,7
3853,1,2
5086,4,2
4652,1,6
4217,1,3
8552,2,9
6559,5,2
2422,4,4
9089,2,1
6269,2,7
3454,1,2
3779,1,9
3320,2,7
9460,2,5
7162,3,8
9229,1,4
9067,2,3
3851,5,9
3286,4,8
3041,4,1
2847,2,4
4098,5,1
5713,3,8
9074,1,3
4136,4,4
5063,5,2
1343,1,6
6720,3,4
8067,1,4
4418,3,6
3793,2,3
5527,2,9
4363,4,7
867,5,3
8240,2,7
2021,2,8
9703,2,8
4600,2,8
7914,4,7
7744,3,4
8389,1,4
813,3,5
4947,1,8
9981,3,6
9888,3,6
312,1,3
4626,2,9
9633,5,2
1306,1,2
249,5,8
1549,5,9
3828,1,1
4258,2,8
8722,1,3
9808,2,1
7506,4,4
8328,4,4
7033,5,2
1778,1,3
4927,3,2
8447,2,5
7448,2,2
5103,1,1
917,2,1
1068,2,1
7109,1,7
5781,5,5
343,2,1
2831,2,1
8518,5,9
2499,1,6
9946,5,6
8554,2,5
2461,2,6
4435,4,9
12,2,1
7769,2,4
8290,1,8
146,1,1
2026,4,2
2117,3,6
9305,4,3
8436,2,9
22,3,1
7337,2,3
9208,4,6
9090,2,4
990,1,1
2347,3,8
8824,5,2
6124,1,4
6405,2,8
3298,2,8
2142,5,9
6948,1,7
7634,4,1
7330,3,7
504,3,9
178,2,5
396,2,7
9387,3,1
2204,1,9
8202,4,2
888,2,2
3795,1,6
797,1,8
7737,1,6
8306,1,4
1633,3,6
4754,1,4
5976,2,6
5966,2,7
5139,2,8
7754,5,3
4706,3,7
4777,1,9
2007,2,4
9107,2,1
9039,5,5
5325,4,1
6033,2,1
2850,4,1
2731,1,6
880,4,5
8321,5,9
6835,3,2
9904,2,1
7974,3,4
8430,2,8
6298,1,6
1449,1,8
7472,1,4
9633,1,3
1104,2,1
9878,2,3
9311,1,9
2378,2,6
9601,2,4
2100,1,5
1745,3,8
5574,1,8
3584,3,9
8360,1,2
9132,2,5
6371,2,1
4861,5,2
5396,4,2
4983,5,9
407,4,4
880,2,2
9860,2,1
8746,1,8
6617,3,5
123,1,8
3359,1,5
2627,2,4
4566,5,2
2200,1,7
1795,1,4
4432,5,7
2549,5,3
2957,3,3
2319,4,3
6367,4,1
9175,3,1
2264,1,6
8208,3,1
6984,2,2
8612,2,5
5577,1,6
2330,3,5
9113,4,2
2775,2,1
4146,5,6
8458,2,4
1774,4,7
772,5,7
8895,2,6
2896,1,2
4488,5,9
3764,1,6
7465,2,6
3262,2,8
1328,3,3
8285,2,9
9314,1,8
9871,2,2
4722,1,4
8442,3,4
4545,4,7
6704,3,6
7055,2,5
4089,4,3
5860,4,1
5917,2,1
5599,3,8
7589,3,6
7319,2,4
2918,2,3
6285,3,1
6154,3,3
3389,2,9
70,2,9
3608,2,9
4236,4,3
3608,5,2
5260,2,7
555,3,7
5992,5,3
217,2,7
6929,2,6
3047,2,6
5730,3,7
1243,1,9
8169,1,1
7704,5,4
5373,5,9
8159,5,8
8703,4,5
7869,5,7
1374,2,4
6301,2,7
3295,3,2
1126,2,7
1864,4,8
5023,1,4
5128,4,6
8950,2,7
2055,1,4
6599,1,3
3985,1,3
4541,1,7
435,2,3
4509,2,4
3066,3,8
9443,4,3
1608,2,8
9491,5,8
6643,5,3
1956,5,5
9788,2,4
9586,5,9
4814,1,5
654,5,7
9867,1,6
3185,5,2
8941,2,9
4020,1,3
7859,1,9
4500,1,2
2315,2,7
8676,2,6
1968,1,5
5386,2,9
6789,2,4
8442,5,2
7663,5,2
804,1,5
8458,1,1
4475,5,4
2595,2,4
5776,3,7
5863,2,5
596,2,4
961,1,9
544,5,8
7527,5,7
7315,5,5
3584,1,9
2357,2,8
8129,1,8
9303,1,1
37,1,6
5298,2,6
6252,5,3
6062,1,2
5432,2,5
1240,5,5
980,2,2
4272,5,2
8879,2,1
2429,2,7
2705,1,4
8328,5,9
5571,2,2
4590,4,9
3898,2,1
6010,1,4
4902,3,7
2930,1,8
547,3,2
9679,2,7
1037,5,9
6427,5,3
7749,1,3
6703,1,7
9589,2,8
917,3,4
2906,3,7
4151,2,6
6834,1,2
6404,2,1
6894,4,6
2620,2,4
4098,5,3
3351,2,6
1853,4,3
9330,1,3
7062,2,4
4067,3,5
6490,1,8
3433,1,3
2989,3,7
7013,2,9
7292,3,1
7239,1,6
7988,4,1
271,5,8
232,1,7
9729,2,6
3512,3,2
71,4,1
3740,2,8
4697,1,9
9744,3,1
8843,3,4
3514,2,9
190,2,1
1448,1,9
6202,1,2
9109,2,4
2092,4,1
1740,3,1
1220,1,8
1596,4,7
3506,1,5
8377,2,5
3297,3,7
3086,2,3
8963,4,1
6950,4,5
8162,2,2
8164,5,8
9352,3,2
5437,4,2
9696,5,8
2999,1,5
4275,1,1
3904,2,1
2866,1,6
9808,1,8
1458,1,3
6395,1,2
2356,4,8
5458,2,5
23,1,8
5228,2,8
3564,2,4
9078,3,2
665,3,3
2403,2,4
2536,4,1
9021,1,6
3382,2,2
626,1,8
2373,2,8
7654,2,6
5329,1,7
1548,5,3
8633,5,7
7364,1,8
4389,3,6
2008,2,3
4639,1,1
3151,2,1
8808,2,4
7843,4,2
2825,1,4
8858,3,4
4148,1,6
6595,3,9
7370,3,7
6940,2,1
3356,4,3
770,5,6
3994,1,2
739,2,7
5356,5,1
1017,2,3
6744,5,6
5649,3,4
3629,3,7
5199,2,2
602,4,5
1502,1,4
131,2,8
4133,1,6
6048,4,6
7321,1,8
4369,1,7
7788,2,3
9118,1,4
7448,4,1
2175,2,8
1439,2,7
5117,5,2
5910,2,4
8938,2,3
8861,2,5
9527,1,9
3896,5,8
8036,4,4
1797,1,1
9629,4,5
7526,1,3
3371,5,7
9851,1,5
697,1,1
29,1,6
6151,2,6
8684,2,1
5113,2,4
1608,2,7
1766,1,2
5407,4,9
38,5,8
4212,2,2
1888,5,4
2435,3,8
5098,2,8
2209,3,6
5455,1,5
2138,2,1
4555,2,4
7909,2,5
2736,4,4
7498,2,2
7650,2,1
5667,4,3
2721,4,9
3615,4,9
5029,5,2
7113,2,2
9181,1,7
7182,1,6
5677,4,8
9807,4,6
2275,2,2
8066,5,6
4540,5,6
2001,3,5
332,2,3
2698,2,6
9363,5,8
5215,2,8
8845,2,6
2447,2,4
7536,1,4
1236,2,8
9344,3,8
6700,1,7
1679,4,3
5683,1,9
7718,3,2
8581,2,2
5363,2,5
6880,1,8
6471,3,7
4589,2,2
2985,3,3
3977,1,9
3125,3,9
3314,5,6
4525,3,4
1492,1,6
8089,1,8
6655,5,2
2554,3,7
280,1,6
5313,1,7
6639,2,2
5132,3,7
680,3,8
3995,1,6
9225,3,4
2080,1,8
9104,3,6
3027,1,4
5121,3,6
7677,4,6
9506,4,9
5508,3,9
6650,1,3
3536,1,1
7811,5,8
2963,3,4
8567,2,9
588,1,1
3940,3,9
1920,2,4
5275,1,5
5340,2,1
285,1,4
4527,1,3
7722,2,2
6429,3,6
8976,1,9
9670,1,8
3918,2,7
2337,4,7
7348,3,4
5091,3,4
3266,3,4
4238,5,7
2105,1,5
3427,5,8
6428,5,6
7991,3,1
9049,1,4
9705,2,5
6605,2,2
5818,1,4
2724,2,7
161,5,4
5454,2,8
2390,1,6
229,1,8
95,1,3
3345,2,6
6803,2,6
8331,2,5
7502,4,6
4747,1,2
3594,2,3
5644,4,8
9943,2,2
4411,2,1
8953,2,8
5443,3,1
6434,1,9
8064,3,5
821,1,8
7907,2,5
4612,1,9
8810,5,3
1629,4,7
3740,4,7
9164,3,7
4896,2,4
84,2,6
6838,5,6
7270,2,7
9403,5,3
3992,1,4
2676,4,6
1155,2,9
6802,5,2
9829,2,6
7322,2,6
7315,1,5
3513,1,7
9336,2,9
7902,2,1
9339,4,1
8463,1,3
242,2,7
8413,1,2
9858,2,9
847,5,2
6838,2,8
3093,2,2
7388,2,7
3403,1,2
5007,5,6
4114,3,3
6401,1,7
7534,2,8
4335,5,7
5327,1,1
6802,2,1
4733,3,2
5538,2,2
7300,4,9
7471,4,9
5392,2,7
1457,2,4
6338,4,6
8540,3,3
9840,2,1
1267,5,6
3185,4,5
5619,3,8
359,2,4
2298,5,1
3071,3,4
8992,2,5
3475,5,8
6334,1,3
2956,5,7
883,5,6
9396,1,3
5325,1,8
2358,2,4
1230,2,7
2100,5,3
7208,2,3
4840,2,6
2502,2,2
4423,2,6
6424,2,4
5408,5,2
1798,2,8
8948,4,9
8843,2,1
3735,2,6
2571,2,7
8000,3,5
945,2,1
3070,1,1
531,5,5
8584,3,9
2660,5,6
2841,2,4
4960,1,5
9196,1,2
4743,4,1
5840,1,3
6897,4,4
5674,3,1
4862,5,8
9878,1,4
5233,4,9
718,1,8
842,5,3
4736,1,8
4406,1,1
5029,5,1
1060,1,9
6684,2,1
3132,2,8
8168,5,3
5777,5,5
4451,1,5
2989,2,7
4084,2,1
7616,4,3
8761,2,6
8366,1,3
5319,3,9
7980,1,3
5838,2,4
8457,1,4
3711,2,5
7722,2,7
1655,1,7
5780,1,3
3279,2,5
3239,2,4
1886,2,6
8031,2,4
5578,2,4
8922,5,8
8071,1,7
9347,2,2
3425,5,3
4976,5,5
1967,1,5
9994,2,8
6118,1,3
2184,5,2
2401,2,6
9150,2,4
2639,2,2
1573,2,7
9648,1,6
1690,5,7
8841,2,4
6865,2,6
563,2,8
2801,5,5
2233,2,1
6282,3,6
3030,5,6
1488,2,8
2455,2,5
2381,3,1
271,2,6
8744,2,1
8687,3,9
2225,4,2
8663,1,6
2243,1,1
4502,1,2
3251,5,5
4075,2,3
9251,3,2
9593,2,6
4252,1,3
7566,1,8
9368,2,1
510,4,5
7226,1,9
4492,3,6
6852,2,8
3180,5,2
6060,1,6
5867,5,9
4432,1,8
7624,2,6
3179,2,8
8107,3,1
8098,5,3
8356,3,3
1800,4,6
6243,2,2
2476,2,6
3088,3,1
2020,5,8
7574,3,8
2496,3,3
9496,1,7
8086,1,9
756,1,8
5356,3,9
3798,1,6
1836,4,4
1952,5,7
1812,2,9
9190,5,3
5348,2,3
5462,2,1
5565,1,7
9800,1,2
418,1,9
6687,2,7
4861,2,9
7247,2,7
7389,1,3
9011,2,2
8466,2,1
9638,2,5
5896,1,5
1999,2,4
4946,1,2
2061,5,2
4623,2,3
7905,1,4
8923,1,8
8918,2,3
6335,5,6
7504,1,1
2009,5,9
9613,2,9
4911,2,2
1641,2,6
1454,5,8
2195,5,4
2808,2,8
3380,2,9
1769,5,5
8993,3,8
6635,3,9
4123,2,9
9549,2,9
9527,3,7
5292,2,6
2090,5,1
4861,2,1
1521,5,3
6019,1,5
4078,3,3
4736,2,5
6846,1,3
4315,2,9
2790,1,4
5524,4,2
8055,3,4
3016,1,9
3123,1,7
3716,4,7
5862,3,9
3421,1,1
4230,1,1
7002,1,4
1205,2,3
8279,5,8
7157,2,1
4530,1,6
245,2,3
4709,1,6
1113,2,9
3860,5,3
3846,2,8
799,1,5
9852,1,7
7500,2,8
6971,2,6
4754,4,1
6074,1,9
2336,2,4
1390,2,5
4852,1,1
7517,2,8
8462,1,1
4513,5,7
961,5,3
6649,3,2
8269,1,6
1218,2,4
7932,3,8
7732,2,1
2858,2,5
6786,1,8
8022,2,3
5495,4,9
3872,2,1
7571,1,9
4089,1,2
5328,2,8
7136,1,5
781,5,7
9252,1,4
4070,2,7
4679,2,7
8730,1,5
4682,2,9
1725,5,4
5544,2,3
5286,3,1
8825,1,3
3899,4,4
3678,5,6
5769,2,9
6642,2,3
7827,2,4
9157,1,3
1306,3,3
5307,3,6
9199,1,3
6601,2,4
9761,5,1
3106,2,9
1002,1,3
8714,1,6
2230,4,5
212,2,4
5295,2,4
6117,5,8
5589,2,7
9255,2,7
2283,1,2
2678,1,3
3516,2,6
3212,2,8
8720,3,3
8236,5,1
4833,1,4
8209,2,9
6848,5,3
739,3,7
2405,5,7
9663,1,8
4617,3,8
2144,3,2
9074,5,8
4514,5,5
4949,5,8
4283,3,6
1879,1,5
8453,4,6
2168,5,7
5389,5,8
9959,5,2
8675,1,9
7846,5,6
7729,3,5
7994,1,5
2345,2,5
4542,5,3
9705,5,4
3742,1,8
6952,1,5
7182,2,9
8569,2,7
3344,3,6
2607,5,7
7213,1,4
3900,2,3
9884,1,1
89,5,1
5533,5,4
6257,3,2
7598,1,8
2090,3,4
5052,3,5
2585,4,9
5685,4,8
8580,4,8
2508,2,8
8444,5,2
4671,4,3
3805,3,5
8833,2,5
1509,3,8
3019,5,4
6871,2,4
2743,1,2
5855,1,9
5683,1,9
5353,1,7
6609,1,3
6808,2,4
4006,1,7
3526,2,1
7645,3,3
7082,1,9
7163,2,7
991,3,7
9324,2,7
358,2,6
342,1,9
148,1,6
8502,1,3
4156,1,9
5109,5,9
9804,3,5
4939,3,2
6994,3,7
2390,3,7
7924,4,4
7824,5,4
1717,4,6
3488,1,7
3152,2,7
7502,1,3
4673,1,4
8070,1,2
325,2,7
6436,2,7
6570,2,8
1911,3,4
2726,5,7
2841,4,3
2785,3,4
17,2,2
9535,5,7
923,1,7
4535,2,4
5731,2,1
6114,3,5
5670,2,3
3863,1,5
8022,2,2
8119,2,4
9635,1,6
7885,2,7
3614,2,2
8621,4,8
9966,5,4
1271,2,9
5487,4,9
8124,2,2
9317,5,3
276,2,5
6925,5,9
3443,2,1
5646,2,3
6800,4,4
9439,5,1
7234,1,5
4824,2,8
1802,2,6
6728,2,4
5272,2,7
5816,4,2
5895,1,8
9179,2,9
2497,1,8
8409,3,4
1932,5,7
820,1,5
8965,3,3
1112,4,9
643,1,5
7510,1,7
8264,1,2
3007,5,5
9583,2,5
402,2,3
5373,1,1
5433,5,4
9050,2,7
7093,2,1
5072,1,6
8799,1,9
4326,4,7
3325,4,3
2247,2,5
3045,3,2
5100,2,5
4274,2,1
2865,2,6
2787,4,3
3897,3,7
3974,1,7
6405,1,1
9723,5,2
6389,1,4
8551,2,9
1557,1,6
2024,1,9
8676,2,6
1647,2,9
2432,1,7
4105,3,3
8194,2,1
3865,1,9
6672,2,1
5896,2,8
7566,1,1
8840,1,7
1135,4,5
9791,5,3
4398,2,5
6088,3,1
4074,2,7
767,4,2
8487,4,3
6365,4,3
5054,1,5
847,2,3
9327,3,5
8139,4,4
9541,2,7
543,2,2
2417,3,9
722,3,9
8406,5,4
1835,1,3
3112,2,2
5459,2,6
9902,2,6
8488,1,6
1264,3,4
6357,2,5
1302,3,5
5512,5,9
9327,3,8
1276,4,2
4150,5,7
826,2,4
8191,2,2
4085,2,3
1242,1,6
118,3,9
4929,3,6
2445,1,5
1044,4,8
3922,1,3
7064,1,2
7167,2,7
9326,1,1
9397,1,8
4857,5,4
1878,2,2
608,5,9
4453,2,1
685,2,4
858,2,2
5009,2,7
7968,1,3
7983,3,7
6416,4,5
5629,2,8
2262,2,4
1860,1,5
4770,5,2
2075,3,3
1837,3,8
6437,2,3
6788,5,5
5974,2,1
8167,1,1
1600,1,3
4647,4,1
6884,2,7
4831,1,1
3796,2,6
5858,3,5
1509,1,5
2681,1,9
5870,1,7
991,4,3
5262,1,4
9638,2,1
1615,1,5
4940,2,1
9208,2,3
3859,1,1
8965,4,7
7426,5,9
3217,2,6
7819,2,4
4719,2,2
8292,4,5
4125,1,5
7746,5,5
551,2,7
8963,2,9
7887,1,2
7730,1,9
3424,2,6
4728,2,5
2828,2,4
2451,3,7
6975,2,2
2741,5,9
4805,1,1
1366,2,9
4490,1,3
6277,2,6
4792,1,6
4977,1,9
7777,2,1
506,1,6
5365,1,9
9393,3,2
6353,2,6
8312,4,2
405,2,5
2152,2,4
9539,2,4
4041,5,5
6989,2,5
6940,2,6
2557,2,2
4551,2,3
2467,5,5
8294,2,4
8316,4,6
4316,4,8
85,3,5
5572,1,8
7854,5,4
7077,4,6
2915,3,4
2856,5,6
6744,2,2
6003,2,4
4634,1,6
4078,2,2
3817,2,7
3244,1,3
1016,1,7
4719,2,3
8662,2,7
1972,3,1
2405,5,2
7061,1,3
4836,2,3
9933,3,9
2447,2,6
3229,5,2
6936,3,3
6557,1,9
3419,1,4
762,2,4
3436,2,2
49,3,5
4692,3,9
6482,5,6
9764,3,8
3138,2,4
9115,1,8
5755,2,7
6151,5,7
6306,1,8
7870,3,6
6839,5,8
7263,5,1
8824,1,2
8788,5,5
3932,2,4
8682,2,8
3073,2,9
9522,1,2
5212,2,5
7568,3,3
4171,1,6
1633,4,7
6867,1,4
6105,1,9
8426,1,1
9226,2,1
6739,1,1
7911,1,5
2015,1,7
4878,1,2
2010,2,7
917,3,6
7967,5,2
4448,5,8
190,3,7
1715,3,7
7828,5,1
2594,2,8
254,2,4
1865,2,9
6721,1,2
4630,1,3
8784,3,3
4464,2,7
915,2,7
6369,2,2
5505,5,2
9834,2,7
4493,1,7
2514,1,8
5661,5,4
8856,2,6
6776,2,8
5312,3,7
52,2,2
9288,2,9
1393,2,5
8823,2,5
7122,1,9
7026,3,8
9210,2,8
7464,2,1
7403,1,2
7477,2,9
7344,5,4
8365,2,8
628,2,8
1106,1,9
918,5,1
9391,1,4
1429,2,6
1753,2,8
7477,4,8
6416,3,4
2352,5,9
7216,3,7
8780,1,9
6207,1,8
2790,1,9
1753,2,9
1293,1,5
1237,5,5
2755,2,1
5123,4,4
139,2,7
8271,2,6
9579,3,5
9902,2,8
5262,3,4
7019,2,1
1538,2,6
3883,5,6
1333,1,7
8605,2,1
8653,2,3
7949,2,8
349,3,3
5412,3,7
1008,3,8
2980,5,7
7813,2,5
7850,1,8
9490,5,9
464,2,3
988,5,5
8787,3,2
5861,2,3
8894,1,9
473,2,4
1701,2,1
3075,3,2
9101,1,8
7275,1,6
1443,2,2
7711,5,4
5987,3,3
9698,4,5
6802,1,2
3966,2,8
7820,2,1
1750,2,1
7256,4,1
396,1,1
6537,2,1
9431,2,4
9825,1,6
8188,4,4
2743,1,1
4720,1,6
7169,5,1
5750,2,1
5290,3,8
5160,3,5
3296,5,5
573,2,9
8123,3,5
3267,2,5
1166,2,6
9045,1,8
6572,5,2
4873,5,6
4171,1,8
9944,1,5
9094,3,2
6308,2,4
2952,3,5
1955,4,8
9427,2,9
2590,3,7
9457,1,5
5974,2,5
4479,3,7
8992,1,2
9991,1,8
9885,5,1
6939,1,8
1421,2,8
9182,2,9
3083,2,2
121,3,8
9265,2,1
2152,2,8
8910,4,6
7718,4,8
6404,2,5
3602,2,1
9923,2,2
9197,1,8
1001,5,7
9904,2,3
546,2,6
5817,5,9
3877,4,3
8706,2,9
2917,1,3
2063,5,5
3182,2,4
9343,5,3
1837,3,7
4503,2,7
2700,1,4
8720,2,3
72,4,6
819,1,4
6226,3,2
7058,2,6
6007,5,2
1746,5,6
3234,2,5
2173,1,5
5825,1,4
2143,3,4
9436,1,8
9294,1,7
4958,2,1
4583,1,2
8017,4,7
7294,1,6
8707,1,8
5238,5,3
949,4,2
750,5,8
8249,3,6
5709,2,7
8411,1,8
209,1,4
2943,1,5
7797,4,2
1576,1,9
7523,2,7
982,1,2
7110,4,4
1385,2,2
7948,5,3
8130,2,4
1268,2,7
1152,5,4
5304,1,3
3122,5,4
1157,2,8
5067,5,2
7551,1,6
228,1,3
817,2,5
26,2,4
2160,1,7
7246,1,4
2064,2,5
3493,2,2
4499,2,2
8531,5,4
7380,1,8
8570,5,6
6769,1,4
7459,2,6
3030,5,8
9856,2,5
2656,5,5
3244,1,2
534,2,2
7225,2,9
7433,2,2
6060,2,9
2579,2,7
4374,5,7
5724,2,5
3877,1,4
7415,5,6
8426,3,2
1162,4,9
9476,5,7
1668,4,7
6486,2,8
6945,1,7
9628,5,7
7373,5,4
5351,5,6
1344,4,5
6628,1,2
6591,1,2
1618,1,6
5733,3,3
1610,1,9
9064,2,2
1525,4,5
8066,2,1
5575,5,3
8925,2,1
1891,4,1
4411,1,1
2323,1,6
1480,1,2
2832,3,1
4473,5,8
4658,3,1
6764,2,1
5905,2,8
3832,1,6
964,5,2
5017,5,4
731,1,1
8455,2,6
3906,4,5
4002,2,4
6360,5,2
1786,3,8
9440,2,4
7815,1,4
3263,4,6
2516,4,3
1506,1,3
2348,4,4
9362,2,3
7193,3,2
6951,2,2
920,1,6
6152,2,1
7984,2,5
2139,5,7
4703,5,5
1231,2,5
7068,2,2
5111,1,2
3385,1,5
983,5,3
7422,2,9
7243,2,4
3127,2,3
8498,2,3
3771,3,1
3870,1,7
9355,2,1
6418,2,1
2202,3,3
3703,1,4
2231,3,5
4505,3,3
8813,2,5
4318,1,5
9372,2,3
7124,2,5
3887,2,5
2178,5,2
9312,1,1
9455,1,6
8775,2,4
8168,2,6
6634,2,5
9552,2,6
4190,5,6
8711,5,9
8966,3,8
1,4,4
2712,4,8
9773,2,7
2020,5,6
8940,3,5
4757,3,9
4197,2,5
2288,5,7
2967,2,9
8619,2,7
2529,1,7
7519,4,4
3075,2,3
8121,3,3
6516,4,2
7820,1,7
7540,4,2
5401,3,6
1570,1,7
1127,2,8
3072,2,5
7833,1,8
595,1,9
8580,4,3
9849,3,5
8869,1,1
2831,1,5
7326,2,4
1758,1,7
872,4,7
9933,2,9
5305,1,5
3501,1,4
1068,1,6
2290,1,7
9691,3,8
8198,3,7
9975,3,5
1784,4,5
7177,2,4
9085,3,7
2952,2,4
1471,2,8
2616,2,8
6455,5,1
2310,2,7
2831,2,7
3809,2,6
8864,2,4
1731,3,9
8242,2,4
4957,5,1
629,3,3
7952,2,9
3513,2,3
8039,3,6
4956,1,3
7026,5,8
8335,1,8
3230,5,5
4975,1,3
3447,1,1
9281,2,7
6838,1,2
3924,2,2
623,3,9
9655,5,1
2080,2,8
7224,5,6
8417,5,1
5164,2,1
7041,2,4
24,3,1
2300,5,4
9042,2,2
5319,2,9
9888,1,9
6832,2,7
7252,3,7
5587,2,4
8047,1,1
5826,2,8
8797,2,8
6677,2,2
6650,3,2
5595,2,6
1221,1,5
3960,3,9
7717,5,5
6219,3,7
8153,5,4
6384,5,7
237,2,8
697,4,9
6110,1,4
198,4,2
8516,2,9
792,2,9
9627,2,1
8466,5,4
8613,2,8
9635,1,1
9099,3,4
500,1,8
2707,1,8
4445,2,3
9245,2,1
9314,1,4
6471,2,9
7424,1,7
5253,2,9
732,2,4
883,2,9
2758,3,4
4707,3,6
9111,4,1
2466,3,9
3514,3,3
2187,1,1
9733,4,4
925,2,9
1361,1,4
5843,2,9
5577,2,5
4878,5,7
7936,1,1
6621,1,4
2816,3,8
8624,5,9
5797,4,1
4571,4,6
5682,2,2
2788,3,1
3002,1,3
9884,2,9
3505,2,5
1227,2,8
7731,5,6
9287,2,6
9494,3,9
6361,2,6
8134,2,7
8459,2,4
1110,3,2
5582,2,2
1970,1,3
5011,4,4
5985,2,7
325,5,3
5524,3,8
5758,5,6
534,1,6
1955,5,1
715,5,2
3357,1,3
1306,1,4
7144,3,2
9888,5,5
2236,2,7
1222,4,8
1376,3,4
5726,2,1
3735,2,1
3115,2,1
3649,3,2
5093,5,2
8195,2,3
3933,1,2
747,3,6
2369,1,5
9293,2,5
1751,2,8
4742,3,3
9097,2,7
6474,2,8
7797,4,3
8150,5,5
1804,3,1
9372,2,7
1348,4,6
4115,1,5
9745,2,7
9395,2,7
3760,3,6
203,2,8
7372,2,3
3209,2,6
7338,4,9
7888,2,4
3547,2,8
8499,1,5
2400,3,4
9761,1,2
8182,3,6
8267,3,9
3835,1,5
9321,5,4
4249,5,5
3114,1,5
4307,3,1
3035,2,9
1760,2,8
871,2,9
649,5,1
5821,1,4
3357,1,6
7950,1,1
9179,2,5
1512,5,1
2852,1,3
1861,1,8
941,4,2
1681,1,5
793,4,5
9767,1,5
109,1,9
8173,2,2
4852,5,3
6811,2,9
6336,3,2
1632,2,6
215,2,7
2944,5,5
9907,2,9
3773,2,8
403,5,6
7387,2,5
4868,1,8
4683,1,3
4990,5,9
1824,4,2
4101,2,2
2883,1,1
8638,4,3
6469,3,7
4691,2,4
126,2,9
576,2,1
4290,3,1
2144,1,3
7788,3,1
8732,2,1
8411,2,9
711,2,4
237,3,2
2812,1,1
4297,5,6
6841,4,3
3488,1,6
764,3,7
1087,2,9
1393,3,6
5423,1,2
9977,1,1
279,2,7
529,5,9
7358,1,8
4348,5,8
3883,1,3
9189,4,9
7473,2,4
3505,3,2
1131,2,6
9031,1,9
6211,2,2
8474,1,9
5045,2,9
5084,2,1
821,1,7
9066,2,1
8001,4,8
2964,2,2
148,1,5
533,2,3
3108,1,8
9635,2,9
6624,2,7
994,1,9
6629,3,6
1345,4,3
3869,3,2
3107,2,7
7282,1,5
6879,4,7
2342,2,2
2815,2,4
1902,2,5
1511,3,1
4438,5,9
7675,1,8
5187,1,9
4321,1,3
1559,2,6
3696,5,5
2727,2,8
8398,2,2
3914,2,4
1277,1,5
8521,4,8
216,3,4
2473,2,7
1543,3,5
8780,1,3
4807,3,3
2083,1,1
1313,2,2
2186,2,4
433,2,1
8386,1,9
8675,4,4
85,4,7
5527,3,6
6903,1,1
2171,1,6
7618,5,4
4192,3,5
5161,1,4
2286,1,6
5947,3,6
1657,1,2
6178,5,7
8761,2,9
7887,5,2
9324,1,2
4186,1,8
3862,2,7
5965,5,5
4256,4,2
7932,2,8
5108,2,1
6419,5,2
6193,3,5
8986,1,3
8631,2,7
9540,1,5
5557,5,3
3620,5,3
9903,3,7
9179,4,2
12,3,3
1826,3,4
3566,2,9
5073,3,8
5958,2,5
3685,1,6
6402,4,6
7009,2,5
7726,2,9
8621,5,1
5544,5,9
6831,2,3
3173,1,4
4083,3,1
426,3,3
3617,3,5
3214,1,8
6117,2,6
5066,3,5
4043,1,4
1093,5,9
9385,1,3
3499,5,3
9516,3,4
7296,5,1
7378,5,5
2667,4,9
5331,2,5
3843,5,7
8100,2,6
8890,4,3
173,2,9
2952,4,9
9847,1,6
1613,1,9
6840,3,9
9408,1,8
8106,1,7
4888,2,7
7078,3,8
5809,4,9
349,2,5
92,2,3
6790,3,9
5030,1,3
8031,1,5
5846,2,9
5965,4,5
8583,2,8
5694,1,7
9258,1,9
3447,2,5
1550,1,4
414,2,3
7714,2,4
9698,2,2
2026,2,5
3059,5,8
9120,1,2
125,3,8
7005,1,3
7260,3,5
5052,3,7
9208,3,6
6439,5,2
6134,1,6
2498,5,7
8258,5,4
4328,3,1
5029,2,7
9018,2,1
256,5,4
7472,1,6
4987,3,7
1706,5,7
2899,2,3
8408,1,3
4660,1,6
8179,3,1
5255,5,3
8731,2,6
8013,2,3
9777,2,5
8443,2,9
4334,5,8
4606,2,8
2584,2,4
4754,3,5
9440,5,2
2388,5,5
2114,2,4
4576,2,2
7365,3,2
1381,5,1
495,5,9
7704,1,6
7672,2,2
6914,4,8
6021,5,8
3676,1,8
146,1,2
7933,5,8
5303,3,9
9386,3,8
451,5,7
7572,5,1
3919,4,3
1551,5,3
2976,1,7
4165,1,8
6014,2,1
9948,2,2
95,3,8
6367,2,3
9930,2,8
7632,2,2
312,3,9
149,1,2
771,1,3
7163,1,3
1480,3,2
568,2,1
9453,1,6
439,2,1
8988,2,5
7455,2,1
1444,5,2
8181,1,3
6084,5,9
1689,2,9
8350,2,7
153,1,9
3067,2,8
2754,1,8
1098,1,1
4481,4,2
8163,2,8
3556,5,3
4998,2,9
1140,5,3
6124,2,4
6839,5,4
4179,2,6
4867,4,1
8563,2,9
85,4,3
7181,1,3
9487,2,5
7273,2,4
745,2,6
559,3,1
3026,5,1
8073,5,1
7488,1,3
1209,1,3
446,1,6
6312,5,4
1146,1,5
6332,1,4
8974,5,1
5887,5,4
724,1,4
4866,1,8
8069,1,7
9143,1,2
6342,1,1
9154,1,7
3259,1,7
7456,3,3
1537,2,8
944,1,5
4958,1,4
1845,4,2
1111,5,1
8104,1,7
6591,2,6
4559,5,4
5071,5,5
3478,1,3
222,3,7
5693,1,1
9203,2,6
2040,2,7
6477,2,3
2724,5,4
3625,3,4
9321,2,9
9255,1,1
1043,1,7
3139,3,2
5756,1,7
3606,2,3
8377,1,3
2590,1,1
6930,2,8
2445,1,2
2381,2,1
8093,2,8
9320,2,9
3815,4,2
3461,2,5
1984,1,6
1065,3,6
4536,2,9
2029,2,5
2940,1,1
396,2,6
8956,1,7
4723,5,2
2520,2,4
7538,2,7
834,1,3
9479,2,2
8551,1,3
2076,5,6
9137,5,9
1359,3,1
8497,4,7
1743,3,1
4326,2,9
7916,1,5
7146,2,9
5351,4,8
1663,2,6
2608,4,1
427,3,3
4765,3,4
6530,2,3
3986,2,2
4159,3,7
5063,2,1
7592,5,3
6805,2,8
729,1,7
2252,2,8
4234,5,6
3433,5,2
3416,2,4
7838,3,2
9754,2,5
1495,4,9
1910,5,1
5047,2,2
1643,4,7
5597,3,3
2530,2,1
1148,5,6
449,5,1
7816,2,9
9826,2,1
1874,3,9
8219,1,8
8121,5,8
8068,2,6
3211,1,4
9800,3,3
150,2,9
3743,2,8
4848,3,9
4045,2,6
3995,5,2
3048,2,2
2728,5,9
5090,1,9
2689,1,2
4423,2,8
4030,3,3
8300,2,1
4274,1,5
6099,4,2
7609,2,4
5468,4,3
7999,2,9
7476,4,4
8163,2,2
4969,3,5
9630,2,8
1839,3,2
7281,1,5
1815,2,5
2702,1,4
2595,2,2
3537,2,7
4723,3,5
4789,3,7
2756,4,6
5222,3,9
8303,5,8
9227,4,9
2160,3,2
7651,1,8
6766,5,3
4789,5,2
9184,3,1
1151,1,1
7289,1,3
6230,2,1
4192,5,3
2012,1,6
9353,2,9
4114,3,2
6200,2,2
1229,4,5
6172,2,5
5736,3,8
1924,1,9
2677,4,8
1714,1,8
2128,3,9
6655,2,8
5583,1,1
527,2,6
2574,2,3
6445,3,3
4244,1,9
518,1,7
8183,3,9
3646,2,1
2621,4,3
4273,2,3
8027,5,6
6166,2,5
7471,3,3
4475,4,4
2060,1,3
2730,2,4
3471,2,5
1206,1,7
9114,3,7
8862,2,1
5236,2,5
8177,2,7
7280,5,5
5641,2,7
5896,2,9
9756,1,8
1230,1,8
9953,2,5
3956,5,8
7545,2,7
2875,1,8
9769,2,3
1859,1,1
7510,2,2
1350,2,9
6585,2,2
1422,2,3
1511,4,7
5198,2,6
5298,2,4
1621,2,7
152,1,1
4967,1,4
7466,2,8
7653,2,8
9158,2,2
7148,1,8
9243,3,7
2274,1,5
411,4,4
9206,4,8
7311,1,7
3262,2,4
2520,1,6
6024,2,1
2309,1,3
9133,4,9
3279,1,1
2764,4,6
521,1,3
8769,5,3
7940,5,1
9925,2,5
3144,2,2
4916,2,7
498,3,6
1048,2,6
1394,3,4
6184,3,5
8956,1,5
1162,1,7
5849,2,4
9103,3,7
9317,1,8
4266,5,7
2949,3,6
2357,1,9
3231,3,4
3984,2,2
420,5,2
7178,4,6
1448,2,4
7587,5,2
717,1,7
7473,2,5
7363,2,3
3836,2,2
7195,1,6
542,1,7
3821,1,5
4148,1,7
2971,4,5
1052,1,4
2772,4,1
4639,2,3
6167,3,7
5036,1,8
