order_id,customer_id,seller_id,order_date
3899,152,5,2023-01-01
8262,48,3,2023-01-01
3668,16,2,2023-01-01
5669,483,7,2023-01-01
1653,753,6,2023-01-01
3898,315,2,2023-01-01
4383,358,2,2023-01-01
1881,26,1,2023-01-01
514,330,2,2023-01-01
9080,764,4,2023-01-02
3066,126,5,2023-01-02
8422,906,5,2023-01-02
3681,396,3,2023-01-02
9090,366,1,2023-01-02
9334,598,2,2023-01-02
5962,146,5,2023-01-02
1646,441,2,2023-01-02
6277,782,1,2023-01-02
1673,5,7,2023-01-02
686,506,4,2023-01-02
8370,654,6,2023-01-03
2248,117,7,2023-01-03
3133,120,3,2023-01-03
451,947,1,2023-01-03
9791,883,2,2023-01-03
2084,470,9,2023-01-03
8912,508,5,2023-01-03
5197,250,6,2023-01-03
4239,538,2,2023-01-04
2583,571,8,2023-01-04
5460,750,4,2023-01-04
2538,221,9,2023-01-04
8768,902,6,2023-01-04
9018,436,7,2023-01-04
4886,555,2,2023-01-04
397,799,9,2023-01-04
5721,239,2,2023-01-05
5675,796,7,2023-01-05
8317,160,1,2023-01-05
4832,475,7,2023-01-05
2177,318,9,2023-01-05
66,934,4,2023-01-06
7858,206,6,2023-01-06
6899,56,7,2023-01-06
7086,867,10,2023-01-06
9401,80,1,2023-01-06
772,586,2,2023-01-06
4081,227,10,2023-01-06
3564,803,7,2023-01-06
9285,808,2,2023-01-06
4083,36,10,2023-01-06
415,72,5,2023-01-07
6305,44,7,2023-01-07
5311,103,5,2023-01-07
5703,822,5,2023-01-07
3327,16,5,2023-01-07
2425,275,8,2023-01-07
7556,146,2,2023-01-07
8754,825,1,2023-01-07
9990,725,7,2023-01-08
2521,139,10,2023-01-08
3222,484,10,2023-01-08
8040,556,1,2023-01-08
6106,690,2,2023-01-08
9650,594,1,2023-01-08
2720,949,1,2023-01-08
4034,540,3,2023-01-08
8375,17,9,2023-01-08
6270,372,4,2023-01-08
8334,889,7,2023-01-08
1854,617,1,2023-01-08
2732,157,9,2023-01-09
6750,269,10,2023-01-09
17,287,1,2023-01-09
1177,122,2,2023-01-09
421,208,3,2023-01-09
9075,909,1,2023-01-09
8434,71,7,2023-01-09
2433,176,2,2023-01-10
9774,5,9,2023-01-10
9643,934,2,2023-01-10
5510,569,9,2023-01-11
5731,237,6,2023-01-11
6475,794,5,2023-01-11
6768,551,1,2023-01-11
9636,457,1,2023-01-11
4660,284,2,2023-01-11
2869,413,1,2023-01-11
4281,202,3,2023-01-11
7885,765,7,2023-01-12
8436,474,7,2023-01-12
4137,872,2,2023-01-12
7339,642,7,2023-01-12
9400,441,7,2023-01-12
985,382,2,2023-01-12
9565,748,2,2023-01-12
3755,283,3,2023-01-12
3578,370,7,2023-01-12
8254,223,1,2023-01-12
7117,251,9,2023-01-13
1121,993,7,2023-01-13
3807,69,7,2023-01-13
4153,855,7,2023-01-13
6282,721,10,2023-01-13
5237,584,7,2023-01-13
3431,324,6,2023-01-13
7131,792,7,2023-01-13
2821,829,8,2023-01-13
6091,537,7,2023-01-13
2660,849,1,2023-01-14
4257,91,7,2023-01-14
2718,297,8,2023-01-14
9069,995,2,2023-01-14
429,40,2,2023-01-14
818,833,9,2023-01-14
26,658,7,2023-01-14
2099,440,7,2023-01-15
7531,736,4,2023-01-15
5134,281,2,2023-01-15
2032,772,6,2023-01-15
4444,840,5,2023-01-15
1176,65,5,2023-01-15
7014,924,10,2023-01-16
5087,129,2,2023-01-16
6355,78,2,2023-01-16
8631,345,2,2023-01-16
6278,852,5,2023-01-16
8574,830,9,2023-01-16
5996,406,5,2023-01-16
5503,170,9,2023-01-16
792,1000,3,2023-01-17
7458,271,1,2023-01-17
6401,284,8,2023-01-17
8736,800,2,2023-01-17
5414,523,1,2023-01-17
6718,185,1,2023-01-17
6873,353,7,2023-01-17
8760,472,5,2023-01-18
7688,759,9,2023-01-18
9875,574,10,2023-01-18
1054,749,3,2023-01-18
5993,360,7,2023-01-18
2242,588,2,2023-01-18
5801,136,2,2023-01-19
8608,152,1,2023-01-19
1372,43,6,2023-01-19
7555,544,2,2023-01-19
2435,206,1,2023-01-20
7744,967,2,2023-01-20
4467,919,5,2023-01-20
8129,862,9,2023-01-20
4428,437,6,2023-01-20
3655,498,5,2023-01-20
2589,505,10,2023-01-20
5542,601,3,2023-01-20
1922,832,9,2023-01-20
9558,732,6,2023-01-20
234,203,7,2023-01-21
1055,112,2,2023-01-21
9116,661,10,2023-01-21
8767,11,2,2023-01-21
8804,418,4,2023-01-21
9327,286,5,2023-01-21
4220,276,2,2023-01-21
7981,461,5,2023-01-21
141,940,7,2023-01-21
1694,144,7,2023-01-21
6898,426,1,2023-01-21
767,809,9,2023-01-21
7026,293,10,2023-01-22
1742,482,10,2023-01-22
3653,302,7,2023-01-22
5539,284,9,2023-01-22
1142,692,3,2023-01-22
8806,684,1,2023-01-22
4775,806,8,2023-01-22
2955,789,1,2023-01-22
9193,922,3,2023-01-22
2241,923,2,2023-01-22
6317,915,8,2023-01-22
7653,257,2,2023-01-23
3162,593,10,2023-01-23
5010,219,9,2023-01-23
864,894,9,2023-01-23
9025,359,5,2023-01-23
4494,260,6,2023-01-23
1259,396,9,2023-01-23
9560,700,5,2023-01-23
155,464,5,2023-01-23
3321,487,2,2023-01-23
4654,218,7,2023-01-23
6736,778,8,2023-01-23
676,550,2,2023-01-23
358,373,1,2023-01-23
3368,287,2,2023-01-23
8659,502,9,2023-01-23
2844,128,1,2023-01-23
7729,835,8,2023-01-24
2543,449,1,2023-01-24
9593,422,9,2023-01-24
7075,436,1,2023-01-24
4247,745,7,2023-01-25
263,999,3,2023-01-25
3943,162,2,2023-01-25
7992,424,8,2023-01-25
841,17,5,2023-01-25
5551,520,1,2023-01-25
803,704,2,2023-01-25
8513,245,10,2023-01-25
6025,554,2,2023-01-25
4201,638,3,2023-01-25
3205,380,2,2023-01-26
5406,725,4,2023-01-26
7318,247,2,2023-01-26
6601,591,5,2023-01-26
3032,239,7,2023-01-26
7951,409,3,2023-01-26
5932,219,3,2023-01-26
484,885,10,2023-01-26
6116,574,9,2023-01-26
4018,291,6,2023-01-26
8112,651,9,2023-01-27
2284,413,7,2023-01-27
3896,454,2,2023-01-27
8435,281,5,2023-01-27
2179,531,2,2023-01-27
6989,480,7,2023-01-27
7437,689,2,2023-01-27
7170,967,2,2023-01-27
5493,583,3,2023-01-28
9665,14,5,2023-01-28
3963,207,1,2023-01-28
5533,836,4,2023-01-28
6997,353,9,2023-01-28
2542,221,2,2023-01-28
7748,234,3,2023-01-28
1464,744,9,2023-01-28
1597,192,2,2023-01-28
9505,54,4,2023-01-28
5855,135,2,2023-01-28
1565,545,2,2023-01-28
5772,61,8,2023-01-28
4766,393,8,2023-01-29
5940,994,9,2023-01-29
7485,312,1,2023-01-29
4704,845,9,2023-01-29
7461,78,5,2023-01-29
1300,625,7,2023-01-29
9196,741,6,2023-01-29
4898,493,6,2023-01-29
2460,158,7,2023-01-29
6435,262,9,2023-01-29
9339,190,1,2023-01-30
7620,844,2,2023-01-30
5559,38,5,2023-01-30
1007,416,9,2023-01-30
8268,613,7,2023-01-30
3497,886,5,2023-01-30
3524,454,7,2023-01-30
1817,697,1,2023-01-30
2237,568,1,2023-01-30
2465,570,8,2023-01-31
4402,47,10,2023-01-31
5554,917,7,2023-01-31
2680,469,1,2023-01-31
127,641,2,2023-01-31
6413,321,2,2023-01-31
2710,729,9,2023-01-31
6123,229,9,2023-01-31
6510,452,6,2023-01-31
7340,516,5,2023-01-31
8991,980,1,2023-01-31
7940,939,7,2023-01-31
9067,270,2,2023-02-01
633,419,9,2023-02-02
9809,569,8,2023-02-02
7684,490,9,2023-02-02
8256,5,2,2023-02-02
9569,114,1,2023-02-02
4953,533,2,2023-02-02
2269,961,8,2023-02-02
1686,581,7,2023-02-03
9006,974,5,2023-02-03
2786,227,9,2023-02-03
5649,732,9,2023-02-03
4178,371,7,2023-02-03
1768,314,1,2023-02-03
4510,822,5,2023-02-03
7852,888,2,2023-02-03
4049,400,5,2023-02-03
4717,321,7,2023-02-04
9849,149,7,2023-02-04
7923,361,8,2023-02-04
6957,609,7,2023-02-04
7795,445,3,2023-02-05
9325,195,1,2023-02-05
5476,762,2,2023-02-05
2751,623,2,2023-02-05
6322,895,1,2023-02-05
965,5,2,2023-02-05
9969,293,8,2023-02-06
424,495,9,2023-02-06
9800,588,3,2023-02-06
199,746,2,2023-02-06
4750,144,8,2023-02-06
1971,333,5,2023-02-06
2026,347,1,2023-02-07
248,401,7,2023-02-07
8571,776,2,2023-02-07
5294,480,10,2023-02-07
7123,172,7,2023-02-08
4857,842,2,2023-02-08
32,696,5,2023-02-08
3705,298,2,2023-02-08
7611,243,3,2023-02-08
1094,876,7,2023-02-08
4919,106,5,2023-02-08
4343,441,1,2023-02-08
3537,995,3,2023-02-09
8968,951,1,2023-02-09
9326,810,2,2023-02-09
9563,29,8,2023-02-09
8576,264,1,2023-02-10
3772,680,3,2023-02-10
7128,270,3,2023-02-10
8014,621,5,2023-02-10
8091,709,3,2023-02-10
5843,961,3,2023-02-10
8507,32,2,2023-02-10
986,48,8,2023-02-10
1412,690,3,2023-02-10
4798,974,2,2023-02-10
326,506,9,2023-02-10
1394,696,7,2023-02-11
8639,782,1,2023-02-11
9473,574,6,2023-02-11
3099,957,2,2023-02-11
9920,807,1,2023-02-11
9027,633,4,2023-02-11
4611,226,7,2023-02-11
4833,716,7,2023-02-12
7813,883,7,2023-02-12
1918,883,1,2023-02-12
5815,753,5,2023-02-12
9816,597,3,2023-02-12
9199,279,10,2023-02-12
7144,566,1,2023-02-12
3275,96,8,2023-02-13
9206,704,2,2023-02-13
2645,105,2,2023-02-13
619,369,9,2023-02-13
9279,472,5,2023-02-13
392,67,10,2023-02-13
7798,298,2,2023-02-13
7046,630,2,2023-02-13
8058,942,1,2023-02-13
7377,964,2,2023-02-13
3991,653,7,2023-02-14
5558,835,1,2023-02-14
7113,941,2,2023-02-14
3484,99,7,2023-02-14
6152,583,2,2023-02-14
7057,159,5,2023-02-14
4120,218,7,2023-02-14
7172,352,9,2023-02-14
7133,13,5,2023-02-14
3985,120,1,2023-02-15
3928,104,3,2023-02-15
3135,451,7,2023-02-15
532,343,9,2023-02-15
161,907,3,2023-02-15
1333,796,7,2023-02-15
2183,679,7,2023-02-15
3691,192,6,2023-02-15
2254,613,5,2023-02-15
5362,33,4,2023-02-16
9616,466,1,2023-02-16
9497,160,8,2023-02-16
7481,450,4,2023-02-16
2511,679,1,2023-02-16
2605,274,8,2023-02-16
6477,93,2,2023-02-16
8598,18,1,2023-02-16
1640,596,10,2023-02-16
583,170,2,2023-02-16
3483,610,3,2023-02-16
4823,346,2,2023-02-16
530,23,5,2023-02-17
8976,710,2,2023-02-17
4576,699,9,2023-02-17
1246,646,9,2023-02-17
3971,543,2,2023-02-17
9257,887,2,2023-02-17
3834,137,5,2023-02-18
9734,595,7,2023-02-19
4309,134,1,2023-02-19
9213,996,7,2023-02-19
6631,600,1,2023-02-19
4176,421,1,2023-02-19
1674,95,7,2023-02-20
7651,587,2,2023-02-20
1741,124,1,2023-02-20
5569,54,6,2023-02-20
2489,173,10,2023-02-21
8896,544,7,2023-02-21
6603,476,5,2023-02-21
3776,72,5,2023-02-21
9796,751,1,2023-02-21
7195,448,9,2023-02-21
377,92,1,2023-02-21
344,146,1,2023-02-21
3336,358,3,2023-02-22
6037,846,3,2023-02-22
9683,968,10,2023-02-22
8220,308,7,2023-02-22
6723,597,6,2023-02-22
4386,219,5,2023-02-22
1075,534,2,2023-02-23
7129,556,2,2023-02-23
6986,938,7,2023-02-23
9837,33,1,2023-02-23
2971,510,2,2023-02-23
4148,492,8,2023-02-23
1099,450,2,2023-02-23
3888,868,10,2023-02-23
3189,750,9,2023-02-23
6436,810,1,2023-02-23
7124,682,5,2023-02-24
6991,362,1,2023-02-24
973,948,5,2023-02-24
5874,832,7,2023-02-24
2753,515,1,2023-02-24
8163,702,7,2023-02-24
4999,130,4,2023-02-24
768,931,2,2023-02-24
3011,17,2,2023-02-24
9219,680,6,2023-02-25
265,206,2,2023-02-25
5038,262,1,2023-02-25
1761,336,9,2023-02-25
6865,248,2,2023-02-26
9744,454,5,2023-02-26
5264,808,7,2023-02-26
2020,942,6,2023-02-26
6038,464,7,2023-02-26
8526,236,2,2023-02-26
8224,352,8,2023-02-26
5086,63,5,2023-02-26
2074,582,2,2023-02-26
1641,211,7,2023-02-26
4243,83,3,2023-02-27
9863,389,5,2023-02-27
6341,44,6,2023-02-27
2057,346,1,2023-02-27
2299,924,1,2023-02-27
4950,642,2,2023-02-27
9104,663,3,2023-02-28
1504,805,4,2023-02-28
8180,317,1,2023-02-28
3366,81,9,2023-02-28
1066,833,8,2023-02-28
5092,881,1,2023-02-28
4315,210,3,2023-02-28
1685,208,7,2023-02-28
1679,563,2,2023-03-01
2162,306,5,2023-03-01
9182,96,9,2023-03-01
8215,112,10,2023-03-01
3001,142,1,2023-03-02
3151,375,6,2023-03-02
2880,318,7,2023-03-02
394,420,2,2023-03-02
7017,101,7,2023-03-02
4702,586,1,2023-03-02
707,780,1,2023-03-02
1149,625,2,2023-03-03
8664,964,2,2023-03-03
8477,662,3,2023-03-04
7141,661,1,2023-03-04
130,739,2,2023-03-04
2480,806,2,2023-03-04
1506,88,2,2023-03-04
1340,900,3,2023-03-04
5776,562,9,2023-03-04
6098,328,6,2023-03-05
8809,139,5,2023-03-05
6387,461,1,2023-03-05
7862,872,4,2023-03-05
709,380,1,2023-03-05
3049,444,1,2023-03-05
762,355,2,2023-03-05
6233,666,3,2023-03-05
3193,833,7,2023-03-06
7363,526,7,2023-03-06
1799,848,5,2023-03-06
3134,854,2,2023-03-06
592,553,5,2023-03-06
7909,809,9,2023-03-06
3261,77,5,2023-03-06
7228,434,6,2023-03-06
7877,502,2,2023-03-06
5177,318,9,2023-03-06
5508,661,7,2023-03-06
6008,829,2,2023-03-06
8130,295,2,2023-03-06
5360,495,2,2023-03-06
1061,915,6,2023-03-06
1546,454,4,2023-03-07
4459,99,6,2023-03-07
4724,97,5,2023-03-07
534,141,8,2023-03-07
1144,333,2,2023-03-07
5541,149,5,2023-03-07
4968,401,2,2023-03-07
5802,518,5,2023-03-07
9189,376,10,2023-03-08
831,686,2,2023-03-08
8869,402,10,2023-03-08
9322,269,8,2023-03-08
5427,664,1,2023-03-08
4406,384,1,2023-03-08
6592,343,2,2023-03-08
1947,117,1,2023-03-08
7466,969,2,2023-03-08
4493,933,2,2023-03-08
4773,891,2,2023-03-09
4847,250,3,2023-03-09
7971,265,3,2023-03-09
2121,37,7,2023-03-09
8335,915,5,2023-03-09
927,822,7,2023-03-09
5764,902,2,2023-03-10
1708,75,6,2023-03-10
1029,156,7,2023-03-10
6596,374,7,2023-03-10
6466,391,2,2023-03-10
4519,150,9,2023-03-10
8118,947,3,2023-03-10
3605,260,9,2023-03-10
7775,392,5,2023-03-10
7104,458,2,2023-03-10
4365,137,6,2023-03-10
9384,768,9,2023-03-10
5543,295,5,2023-03-11
3995,382,2,2023-03-11
1782,856,7,2023-03-11
2813,951,9,2023-03-11
2189,4,5,2023-03-12
5169,383,5,2023-03-12
9181,368,1,2023-03-12
5812,121,7,2023-03-12
2807,265,2,2023-03-12
6527,885,1,2023-03-12
4183,198,2,2023-03-12
697,635,7,2023-03-12
3169,662,2,2023-03-12
6561,215,3,2023-03-12
2513,996,7,2023-03-13
4606,81,2,2023-03-13
4152,236,1,2023-03-13
4812,725,2,2023-03-13
3698,513,10,2023-03-13
6532,139,5,2023-03-14
3380,1,9,2023-03-14
4843,433,9,2023-03-14
3891,744,10,2023-03-14
8260,747,5,2023-03-14
5522,760,5,2023-03-14
548,403,7,2023-03-15
4449,609,6,2023-03-15
9645,85,7,2023-03-15
7055,499,2,2023-03-15
5816,231,2,2023-03-15
7596,10,1,2023-03-16
1392,789,1,2023-03-16
7938,110,3,2023-03-16
2597,711,3,2023-03-16
5205,982,9,2023-03-16
5189,974,2,2023-03-16
5975,400,1,2023-03-16
7547,902,1,2023-03-16
7908,956,10,2023-03-16
571,630,7,2023-03-16
71,553,7,2023-03-17
4002,981,7,2023-03-17
7942,227,6,2023-03-17
2523,123,7,2023-03-17
2089,497,1,2023-03-17
5293,127,1,2023-03-17
9967,840,5,2023-03-18
1219,86,2,2023-03-18
5612,612,10,2023-03-18
1529,214,2,2023-03-18
9621,659,4,2023-03-18
3832,788,10,2023-03-18
5352,470,10,2023-03-18
7843,232,9,2023-03-18
7549,786,1,2023-03-19
6958,151,1,2023-03-19
3013,138,3,2023-03-19
6924,799,7,2023-03-19
8961,847,2,2023-03-19
7003,212,8,2023-03-20
8663,804,3,2023-03-20
1767,207,1,2023-03-20
4788,787,2,2023-03-20
2213,344,1,2023-03-20
5131,566,2,2023-03-20
3391,572,10,2023-03-20
9033,420,1,2023-03-20
7161,665,6,2023-03-21
2351,563,1,2023-03-21
898,978,3,2023-03-21
8771,465,5,2023-03-21
463,122,3,2023-03-21
43,671,2,2023-03-21
8078,23,3,2023-03-21
5212,434,3,2023-03-21
3500,369,9,2023-03-21
5037,959,4,2023-03-22
6700,799,1,2023-03-22
9825,44,8,2023-03-22
4830,258,5,2023-03-22
7348,721,2,2023-03-22
701,771,3,2023-03-22
8276,438,7,2023-03-23
3251,637,5,2023-03-23
4742,903,7,2023-03-23
1182,468,5,2023-03-23
3073,244,9,2023-03-23
3346,63,10,2023-03-24
1098,58,1,2023-03-24
2326,766,5,2023-03-24
7516,178,8,2023-03-24
6680,474,1,2023-03-24
1289,787,7,2023-03-24
7463,672,1,2023-03-25
8457,431,5,2023-03-25
241,928,1,2023-03-25
3329,181,6,2023-03-26
8681,602,6,2023-03-26
1261,630,1,2023-03-26
1317,870,1,2023-03-26
7193,364,3,2023-03-26
568,958,7,2023-03-26
4988,222,10,2023-03-26
6904,810,2,2023-03-26
2452,140,7,2023-03-26
7801,437,7,2023-03-26
3983,706,9,2023-03-26
3231,33,9,2023-03-26
7650,249,2,2023-03-27
7593,15,7,2023-03-27
3771,277,9,2023-03-27
7274,635,8,2023-03-27
4735,151,1,2023-03-27
6153,947,3,2023-03-27
8341,160,2,2023-03-28
343,399,7,2023-03-28
5141,164,9,2023-03-28
9732,333,7,2023-03-28
2946,352,3,2023-03-28
1563,954,8,2023-03-28
1435,451,10,2023-03-28
695,745,1,2023-03-29
8101,436,7,2023-03-29
2781,107,9,2023-03-29
8712,998,7,2023-03-29
9042,966,5,2023-03-29
441,428,1,2023-03-29
1842,915,8,2023-03-29
558,647,1,2023-03-30
883,132,4,2023-03-30
6250,853,7,2023-03-30
7911,743,7,2023-03-30
2270,263,7,2023-03-30
367,187,9,2023-03-30
8459,29,2,2023-03-31
2184,437,1,2023-03-31
3439,730,3,2023-03-31
8174,630,7,2023-03-31
866,447,9,2023-03-31
4276,586,9,2023-03-31
846,125,10,2023-04-01
2056,998,3,2023-04-01
7007,443,7,2023-04-01
2608,532,2,2023-04-01
2140,916,2,2023-04-01
3501,148,2,2023-04-01
8275,281,2,2023-04-01
301,213,1,2023-04-01
8592,253,8,2023-04-01
5230,553,6,2023-04-02
809,553,6,2023-04-02
7725,89,2,2023-04-02
5817,410,2,2023-04-02
937,211,7,2023-04-02
6382,258,3,2023-04-03
1762,901,2,2023-04-03
5743,77,4,2023-04-03
1001,199,7,2023-04-03
7088,129,1,2023-04-03
6024,802,3,2023-04-03
8236,53,6,2023-04-04
1266,555,4,2023-04-04
1598,701,10,2023-04-04
993,282,9,2023-04-04
2493,89,7,2023-04-04
3687,565,1,2023-04-04
3802,154,1,2023-04-04
1628,924,7,2023-04-04
6574,725,1,2023-04-04
2156,922,5,2023-04-05
5803,424,3,2023-04-05
5322,280,3,2023-04-05
3108,722,2,2023-04-05
3482,211,2,2023-04-05
8143,11,1,2023-04-05
9330,988,9,2023-04-05
1780,673,2,2023-04-05
1588,716,4,2023-04-06
7196,660,9,2023-04-06
9715,560,2,2023-04-06
6045,239,9,2023-04-06
8400,578,6,2023-04-07
7316,641,1,2023-04-07
86,431,7,2023-04-07
7629,369,2,2023-04-07
3044,10,9,2023-04-07
8835,565,4,2023-04-07
3632,189,3,2023-04-07
9405,311,2,2023-04-08
3794,487,9,2023-04-08
5629,659,5,2023-04-08
2739,29,5,2023-04-08
151,674,8,2023-04-08
6682,390,2,2023-04-09
6406,477,7,2023-04-09
6396,869,3,2023-04-09
8509,728,3,2023-04-09
3897,852,2,2023-04-09
6525,431,10,2023-04-09
9718,197,2,2023-04-09
8209,720,2,2023-04-09
7827,537,5,2023-04-10
5966,379,10,2023-04-10
5913,105,1,2023-04-10
5015,238,7,2023-04-10
476,597,9,2023-04-10
99,824,7,2023-04-10
6553,544,2,2023-04-10
9369,403,2,2023-04-10
817,709,1,2023-04-10
8657,455,3,2023-04-10
3916,75,7,2023-04-11
3086,245,2,2023-04-11
4881,831,5,2023-04-11
5597,400,3,2023-04-11
6805,739,1,2023-04-11
6514,393,2,2023-04-11
5657,22,3,2023-04-12
3464,712,9,2023-04-12
7812,345,2,2023-04-12
8849,405,5,2023-04-12
4024,207,10,2023-04-13
8148,477,2,2023-04-13
510,107,7,2023-04-13
6882,674,7,2023-04-13
9801,233,3,2023-04-13
6216,778,6,2023-04-13
5402,997,6,2023-04-13
2529,486,2,2023-04-14
7109,690,1,2023-04-14
7292,364,1,2023-04-14
9072,758,5,2023-04-14
7369,302,8,2023-04-15
2137,755,8,2023-04-15
9764,322,7,2023-04-15
1401,292,5,2023-04-15
1993,99,1,2023-04-15
2994,920,6,2023-04-15
4910,932,7,2023-04-15
9588,391,7,2023-04-15
4739,348,1,2023-04-15
7392,134,1,2023-04-16
3873,533,6,2023-04-16
337,710,7,2023-04-16
8731,460,2,2023-04-16
5012,677,5,2023-04-16
9359,743,1,2023-04-16
5472,570,7,2023-04-16
8152,547,2,2023-04-17
4194,716,4,2023-04-17
7608,512,7,2023-04-17
1873,792,9,2023-04-17
2106,93,7,2023-04-17
4515,626,9,2023-04-18
4457,648,8,2023-04-18
6906,116,9,2023-04-18
157,842,3,2023-04-18
391,840,2,2023-04-18
7039,94,7,2023-04-18
8301,356,7,2023-04-18
6667,501,5,2023-04-18
2234,478,7,2023-04-18
2173,144,9,2023-04-18
5287,565,1,2023-04-19
364,896,3,2023-04-19
5666,231,2,2023-04-19
9916,978,4,2023-04-19
4267,232,8,2023-04-19
7056,191,3,2023-04-19
4370,722,2,2023-04-19
3570,848,2,2023-04-19
2019,989,1,2023-04-19
3348,595,9,2023-04-20
9795,939,10,2023-04-20
1194,290,6,2023-04-20
8887,100,7,2023-04-20
6967,543,2,2023-04-20
9931,555,2,2023-04-20
601,700,7,2023-04-20
8645,263,3,2023-04-20
622,474,3,2023-04-20
1734,326,3,2023-04-21
2353,545,2,2023-04-21
1391,590,8,2023-04-21
505,398,2,2023-04-21
6385,805,10,2023-04-22
5730,40,9,2023-04-22
4896,629,10,2023-04-22
9651,32,8,2023-04-22
9292,203,5,2023-04-22
1362,528,4,2023-04-23
211,307,8,2023-04-23
9751,953,10,2023-04-23
7845,563,1,2023-04-23
1432,573,6,2023-04-23
6172,5,5,2023-04-23
8773,888,7,2023-04-23
3718,844,10,2023-04-23
2609,497,7,2023-04-23
7449,996,1,2023-04-23
2552,807,7,2023-04-24
9201,408,2,2023-04-24
4348,545,2,2023-04-24
9818,446,7,2023-04-24
4664,349,5,2023-04-24
4007,180,9,2023-04-24
8042,216,7,2023-04-24
909,890,8,2023-04-24
5216,850,6,2023-04-24
4310,159,7,2023-04-25
395,698,9,2023-04-25
7901,876,7,2023-04-25
1792,875,1,2023-04-25
2522,310,1,2023-04-25
8870,931,2,2023-04-25
4109,227,2,2023-04-25
2917,787,9,2023-04-25
9880,374,6,2023-04-26
5603,153,1,2023-04-26
8557,728,5,2023-04-26
1389,253,7,2023-04-26
8009,343,7,2023-04-26
4658,465,2,2023-04-26
5647,768,9,2023-04-27
448,325,6,2023-04-27
152,724,5,2023-04-27
9249,422,9,2023-04-28
712,6,6,2023-04-28
7099,804,2,2023-04-28
2063,982,7,2023-04-28
9232,638,7,2023-04-28
939,205,1,2023-04-28
5111,997,8,2023-04-28
1275,832,5,2023-04-28
7568,488,2,2023-04-28
5924,787,2,2023-04-28
8372,361,10,2023-04-28
7494,492,7,2023-04-29
3207,426,3,2023-04-29
4101,771,7,2023-04-29
8309,173,4,2023-04-29
1089,459,7,2023-04-29
4733,553,2,2023-04-29
1923,573,1,2023-04-29
6133,972,7,2023-04-30
3675,432,7,2023-04-30
7995,382,3,2023-04-30
9632,738,2,2023-04-30
6539,458,7,2023-04-30
8408,741,5,2023-04-30
5335,343,1,2023-04-30
9664,273,2,2023-04-30
7373,324,5,2023-04-30
9767,443,1,2023-05-01
2613,52,5,2023-05-01
2783,137,6,2023-05-01
9084,805,5,2023-05-01
9838,898,7,2023-05-01
8696,427,5,2023-05-01
9957,590,1,2023-05-01
9762,529,7,2023-05-01
6049,945,5,2023-05-01
4358,651,5,2023-05-01
3601,422,1,2023-05-02
752,552,1,2023-05-02
398,984,1,2023-05-02
683,319,7,2023-05-02
6580,624,5,2023-05-03
7083,516,5,2023-05-03
8839,348,5,2023-05-03
8892,471,5,2023-05-03
8636,50,2,2023-05-03
9458,553,3,2023-05-03
160,331,9,2023-05-04
6597,302,5,2023-05-04
3303,768,2,2023-05-04
7586,906,1,2023-05-04
816,668,1,2023-05-04
3320,648,7,2023-05-05
2599,788,9,2023-05-05
3474,171,1,2023-05-05
705,793,7,2023-05-05
6183,189,7,2023-05-05
3409,697,9,2023-05-05
7636,689,1,2023-05-06
378,106,6,2023-05-06
3325,625,1,2023-05-06
2147,708,8,2023-05-06
4253,321,2,2023-05-06
101,967,1,2023-05-06
600,262,2,2023-05-06
4344,357,5,2023-05-06
2978,913,3,2023-05-07
4418,49,2,2023-05-07
6145,950,3,2023-05-07
1777,683,10,2023-05-07
844,405,1,2023-05-07
4809,115,5,2023-05-07
2852,487,5,2023-05-07
1977,639,3,2023-05-07
2805,522,2,2023-05-07
5780,544,7,2023-05-08
5546,51,1,2023-05-08
7085,971,8,2023-05-08
1748,292,2,2023-05-08
5290,243,5,2023-05-08
2108,589,7,2023-05-09
9046,877,10,2023-05-09
8266,175,4,2023-05-09
5176,468,9,2023-05-09
3822,536,4,2023-05-10
1963,517,8,2023-05-10
2713,20,2,2023-05-10
7864,340,3,2023-05-10
9573,440,9,2023-05-10
1835,688,2,2023-05-10
621,368,2,2023-05-10
6630,771,3,2023-05-10
327,574,5,2023-05-10
4387,858,2,2023-05-10
891,529,5,2023-05-11
9190,738,7,2023-05-11
9425,797,3,2023-05-11
1213,10,5,2023-05-11
3479,486,7,2023-05-11
3957,614,10,2023-05-11
6151,620,8,2023-05-12
5214,609,7,2023-05-12
7402,384,2,2023-05-12
7526,541,7,2023-05-12
8758,48,6,2023-05-12
7870,767,2,2023-05-12
3627,281,7,2023-05-13
873,882,10,2023-05-13
264,556,7,2023-05-14
3988,41,10,2023-05-14
9229,671,1,2023-05-14
8336,300,5,2023-05-15
4959,262,4,2023-05-15
7977,716,7,2023-05-15
6610,66,6,2023-05-15
3666,489,7,2023-05-15
2174,913,4,2023-05-16
1,449,9,2023-05-16
4196,582,2,2023-05-16
1459,774,7,2023-05-16
9380,192,3,2023-05-16
5374,777,9,2023-05-16
5416,421,3,2023-05-16
1663,157,2,2023-05-16
6515,161,1,2023-05-17
6938,901,7,2023-05-17
3782,818,9,2023-05-17
3370,111,3,2023-05-18
5898,674,7,2023-05-18
348,425,1,2023-05-18
5606,565,6,2023-05-18
5445,453,2,2023-05-18
8908,869,7,2023-05-18
197,728,10,2023-05-18
7243,79,4,2023-05-18
5609,455,5,2023-05-19
7988,874,3,2023-05-19
5742,842,10,2023-05-19
6796,337,3,2023-05-19
4138,526,7,2023-05-19
554,478,2,2023-05-19
1347,906,1,2023-05-19
5515,496,2,2023-05-19
3781,994,7,2023-05-19
8442,733,1,2023-05-20
6471,569,2,2023-05-20
7459,820,10,2023-05-20
6513,833,2,2023-05-20
4448,330,8,2023-05-20
470,597,9,2023-05-21
3844,706,1,2023-05-21
7504,982,1,2023-05-21
4060,748,5,2023-05-21
6298,591,2,2023-05-22
6932,350,3,2023-05-22
5861,882,1,2023-05-22
5375,495,2,2023-05-22
8253,346,7,2023-05-22
183,683,1,2023-05-22
9798,525,9,2023-05-22
5085,288,5,2023-05-22
2697,608,1,2023-05-22
8369,320,3,2023-05-22
9888,526,8,2023-05-22
9984,137,4,2023-05-22
2449,110,7,2023-05-23
2432,534,2,2023-05-23
2390,309,4,2023-05-23
6214,317,10,2023-05-23
1107,590,1,2023-05-23
9865,268,5,2023-05-23
5059,294,5,2023-05-24
393,914,3,2023-05-24
6593,52,1,2023-05-24
3230,729,2,2023-05-24
6815,213,9,2023-05-25
1983,224,2,2023-05-25
6124,327,2,2023-05-25
280,651,2,2023-05-25
5398,911,7,2023-05-25
9710,763,7,2023-05-25
4928,993,7,2023-05-25
1572,842,7,2023-05-25
6230,617,9,2023-05-25
2408,694,6,2023-05-25
411,889,9,2023-05-25
8531,109,2,2023-05-25
96,694,2,2023-05-26
7427,167,2,2023-05-26
1992,230,10,2023-05-26
6740,261,3,2023-05-26
6586,545,3,2023-05-27
1984,462,7,2023-05-27
7006,623,9,2023-05-27
3887,267,3,2023-05-27
8207,527,3,2023-05-27
1919,621,4,2023-05-28
8914,269,1,2023-05-28
5144,907,7,2023-05-28
4899,160,2,2023-05-28
9670,918,9,2023-05-29
7803,858,6,2023-05-29
6246,225,2,2023-05-30
3078,432,8,2023-05-30
8464,590,7,2023-05-30
7533,532,7,2023-05-31
6392,927,2,2023-05-31
7780,648,9,2023-06-01
7668,511,6,2023-06-01
8103,288,7,2023-06-01
3165,346,2,2023-06-01
3489,183,2,2023-06-01
5779,633,2,2023-06-01
5594,1000,1,2023-06-01
330,295,2,2023-06-01
4265,4,2,2023-06-01
9138,109,5,2023-06-01
7830,643,9,2023-06-02
4411,515,9,2023-06-02
3285,863,4,2023-06-02
1540,963,1,2023-06-02
4192,578,9,2023-06-02
3385,892,9,2023-06-02
1836,444,2,2023-06-03
998,4,2,2023-06-03
6274,480,3,2023-06-03
6263,151,1,2023-06-03
1795,970,3,2023-06-03
569,609,8,2023-06-03
5893,95,2,2023-06-03
963,860,8,2023-06-03
7976,820,7,2023-06-03
4051,63,7,2023-06-03
8985,887,3,2023-06-04
3863,842,7,2023-06-04
880,620,2,2023-06-04
1889,594,1,2023-06-04
7356,404,3,2023-06-04
4831,545,2,2023-06-05
3265,301,2,2023-06-05
8153,796,2,2023-06-05
8004,666,9,2023-06-05
5089,353,5,2023-06-05
2666,731,1,2023-06-05
9245,690,6,2023-06-05
9081,92,2,2023-06-05
5446,462,2,2023-06-05
5509,123,3,2023-06-05
2692,313,6,2023-06-06
8401,110,6,2023-06-06
3298,631,7,2023-06-07
9749,766,1,2023-06-07
6182,256,2,2023-06-07
9351,642,1,2023-06-07
4251,266,7,2023-06-07
5706,739,10,2023-06-07
8249,135,3,2023-06-07
7111,575,7,2023-06-07
5456,463,4,2023-06-08
2132,211,3,2023-06-08
2708,421,5,2023-06-08
1727,693,10,2023-06-08
1040,931,6,2023-06-09
9364,75,1,2023-06-09
4179,600,4,2023-06-09
3280,569,9,2023-06-09
931,298,7,2023-06-09
4333,199,2,2023-06-09
6793,178,2,2023-06-09
341,952,1,2023-06-09
6640,482,7,2023-06-09
5989,605,7,2023-06-10
6015,375,1,2023-06-10
1291,622,6,2023-06-10
5027,124,7,2023-06-10
6884,436,7,2023-06-10
6403,862,7,2023-06-10
8915,809,2,2023-06-10
7380,257,6,2023-06-10
7630,642,3,2023-06-11
7946,401,5,2023-06-11
6655,523,9,2023-06-11
4118,868,2,2023-06-11
8248,538,8,2023-06-11
3931,458,2,2023-06-11
7624,595,9,2023-06-11
4208,627,2,2023-06-12
4629,455,8,2023-06-12
8177,648,6,2023-06-12
4058,264,2,2023-06-12
3906,665,7,2023-06-13
8271,245,3,2023-06-13
3208,465,1,2023-06-13
6502,497,7,2023-06-13
2161,412,1,2023-06-14
2080,266,7,2023-06-14
1860,64,7,2023-06-14
167,211,10,2023-06-14
2885,728,8,2023-06-14
4859,730,7,2023-06-14
845,466,3,2023-06-14
6692,180,1,2023-06-15
1057,874,4,2023-06-16
2916,930,3,2023-06-16
6766,972,9,2023-06-16
914,605,4,2023-06-16
2054,539,7,2023-06-16
4481,79,9,2023-06-17
9610,181,2,2023-06-17
5919,263,3,2023-06-17
6658,436,1,2023-06-17
3914,814,3,2023-06-17
932,598,7,2023-06-18
3598,320,1,2023-06-18
1234,957,2,2023-06-18
6970,406,4,2023-06-19
8381,288,9,2023-06-19
2987,874,2,2023-06-19
765,945,1,2023-06-19
5660,926,2,2023-06-19
7164,851,9,2023-06-19
5334,510,2,2023-06-19
7721,553,9,2023-06-20
1024,934,2,2023-06-20
5117,323,1,2023-06-20
4390,629,5,2023-06-20
8584,720,9,2023-06-20
9647,29,7,2023-06-20
6005,63,8,2023-06-20
5370,296,7,2023-06-21
8186,994,3,2023-06-21
2503,73,5,2023-06-21
3922,530,2,2023-06-22
3179,361,2,2023-06-22
182,891,2,2023-06-22
8544,688,5,2023-06-23
3901,471,10,2023-06-23
5278,71,7,2023-06-23
2588,126,2,2023-06-23
5688,932,1,2023-06-23
7722,550,1,2023-06-23
2755,384,2,2023-06-23
8346,147,1,2023-06-23
798,186,2,2023-06-23
2630,515,5,2023-06-23
8552,182,5,2023-06-23
5418,910,7,2023-06-24
2477,693,7,2023-06-24
2703,3,7,2023-06-24
8945,490,8,2023-06-24
225,424,6,2023-06-24
7716,550,5,2023-06-24
9889,457,7,2023-06-24
8868,201,7,2023-06-25
6251,209,9,2023-06-25
7234,495,4,2023-06-25
256,793,3,2023-06-25
7808,269,5,2023-06-25
3539,507,3,2023-06-26
3161,405,1,2023-06-26
517,464,3,2023-06-26
7768,167,7,2023-06-27
9653,662,8,2023-06-27
4504,876,6,2023-06-27
9855,341,8,2023-06-28
6778,926,6,2023-06-28
3727,913,3,2023-06-28
6184,158,3,2023-06-28
5552,317,10,2023-06-28
2195,103,4,2023-06-29
5623,10,7,2023-06-29
5540,545,7,2023-06-29
806,976,1,2023-06-29
1422,20,9,2023-06-29
2575,567,9,2023-06-30
8378,806,2,2023-06-30
2961,378,3,2023-06-30
5526,647,6,2023-06-30
4003,279,4,2023-06-30
6457,789,2,2023-06-30
7070,610,2,2023-06-30
708,498,5,2023-07-01
1146,679,1,2023-07-01
323,432,5,2023-07-02
6753,254,2,2023-07-02
9703,303,1,2023-07-02
9970,429,2,2023-07-02
2380,681,4,2023-07-03
1650,788,3,2023-07-04
2485,879,8,2023-07-04
6529,15,3,2023-07-04
1671,333,2,2023-07-04
8765,270,5,2023-07-04
1256,618,5,2023-07-05
851,792,2,2023-07-06
3124,757,2,2023-07-06
3440,973,2,2023-07-06
2101,160,1,2023-07-07
9163,719,1,2023-07-07
821,436,7,2023-07-07
1090,743,4,2023-07-07
9725,254,7,2023-07-07
2505,47,2,2023-07-07
5943,816,6,2023-07-08
933,473,5,2023-07-08
6323,242,7,2023-07-08
3637,163,7,2023-07-08
5505,989,4,2023-07-08
8786,444,5,2023-07-09
3800,713,7,2023-07-09
1374,975,7,2023-07-09
6813,604,3,2023-07-09
5163,812,9,2023-07-09
4599,300,4,2023-07-10
416,558,6,2023-07-10
1060,415,9,2023-07-10
7610,123,2,2023-07-11
6129,676,3,2023-07-11
1728,452,10,2023-07-12
3950,528,7,2023-07-12
7305,835,7,2023-07-12
3990,699,8,2023-07-12
6232,870,2,2023-07-12
3773,874,1,2023-07-13
4232,485,7,2023-07-14
8371,969,2,2023-07-14
5496,669,7,2023-07-14
1515,969,1,2023-07-14
1440,298,9,2023-07-15
6652,803,2,2023-07-15
858,385,5,2023-07-15
9612,796,4,2023-07-15
7302,670,9,2023-07-15
3114,821,2,2023-07-15
5181,885,4,2023-07-15
9051,852,5,2023-07-15
2562,202,2,2023-07-16
4949,517,3,2023-07-16
2988,13,3,2023-07-16
7429,406,3,2023-07-16
8613,363,8,2023-07-17
7960,337,3,2023-07-18
9031,162,1,2023-07-18
631,409,1,2023-07-18
5407,840,1,2023-07-18
2922,651,8,2023-07-18
4369,958,7,2023-07-19
4132,655,2,2023-07-19
2641,91,7,2023-07-19
7818,865,1,2023-07-19
5155,847,10,2023-07-19
1462,646,2,2023-07-19
2803,538,2,2023-07-20
1500,398,7,2023-07-20
3926,180,2,2023-07-20
8383,637,3,2023-07-20
8344,333,9,2023-07-20
2736,850,4,2023-07-21
4286,603,8,2023-07-21
2882,824,9,2023-07-21
48,843,7,2023-07-22
6137,416,2,2023-07-22
9886,789,1,2023-07-22
1222,744,9,2023-07-22
3211,873,7,2023-07-22
9639,754,7,2023-07-23
1243,580,7,2023-07-23
4736,634,7,2023-07-23
9352,581,7,2023-07-23
9572,17,3,2023-07-23
2548,857,6,2023-07-24
8304,718,9,2023-07-24
3038,910,2,2023-07-25
4571,810,2,2023-07-25
3870,218,1,2023-07-26
7754,177,8,2023-07-26
2247,200,2,2023-07-26
8660,800,9,2023-07-27
7759,591,3,2023-07-27
5976,38,3,2023-07-27
1783,836,2,2023-07-28
3517,253,3,2023-07-29
1205,439,5,2023-07-29
163,66,9,2023-07-29
2797,986,6,2023-07-29
1885,665,1,2023-07-30
7784,8,5,2023-07-30
8386,278,7,2023-07-30
1746,350,2,2023-07-30
7362,621,2,2023-07-30
4322,611,9,2023-07-31
6567,90,9,2023-07-31
145,707,1,2023-07-31
6644,496,3,2023-07-31
3905,965,4,2023-08-01
773,695,9,2023-08-01
9589,492,2,2023-08-01
1567,236,3,2023-08-01
573,139,9,2023-08-02
6659,238,1,2023-08-02
2779,634,1,2023-08-03
955,470,9,2023-08-04
3107,285,2,2023-08-04
2549,396,7,2023-08-04
7727,464,9,2023-08-05
7378,351,7,2023-08-05
2794,253,7,2023-08-05
1468,742,1,2023-08-05
1112,583,2,2023-08-05
4438,395,7,2023-08-06
8022,118,9,2023-08-06
3956,796,9,2023-08-06
3739,95,1,2023-08-06
8586,265,7,2023-08-07
275,919,5,2023-08-07
8599,298,10,2023-08-07
1420,677,7,2023-08-08
5320,63,1,2023-08-08
9233,465,5,2023-08-08
2767,71,1,2023-08-08
8000,926,2,2023-08-09
4159,196,7,2023-08-09
3900,267,2,2023-08-09
1803,232,5,2023-08-09
9133,62,2,2023-08-09
3332,171,7,2023-08-09
2584,464,8,2023-08-09
9372,570,9,2023-08-10
7626,136,1,2023-08-10
4039,3,1,2023-08-10
1208,931,7,2023-08-10
7873,88,1,2023-08-10
547,91,10,2023-08-10
1819,878,8,2023-08-10
4328,247,3,2023-08-10
8347,791,4,2023-08-11
3907,753,4,2023-08-11
3974,959,7,2023-08-11
6479,422,2,2023-08-11
3186,223,1,2023-08-11
8952,361,5,2023-08-11
464,586,7,2023-08-11
3475,281,1,2023-08-12
1169,617,2,2023-08-12
961,789,2,2023-08-13
1229,877,10,2023-08-13
5828,36,4,2023-08-13
42,938,10,2023-08-13
1386,17,5,2023-08-14
3374,942,10,2023-08-14
8197,931,1,2023-08-14
5436,329,7,2023-08-14
5942,771,1,2023-08-15
2901,92,2,2023-08-15
8777,403,8,2023-08-15
8667,805,9,2023-08-15
4584,360,5,2023-08-15
2297,19,7,2023-08-16
3532,502,1,2023-08-16
1415,783,1,2023-08-16
1476,443,3,2023-08-16
5193,719,1,2023-08-16
1356,98,10,2023-08-17
4686,578,9,2023-08-18
7089,951,7,2023-08-18
9502,71,2,2023-08-18
6207,331,3,2023-08-18
6378,494,5,2023-08-18
4592,453,3,2023-08-18
7506,250,2,2023-08-18
4260,773,2,2023-08-19
856,323,9,2023-08-19
2640,287,5,2023-08-19
7822,159,1,2023-08-19
6130,902,7,2023-08-19
3360,959,8,2023-08-19
3522,247,8,2023-08-19
5916,512,2,2023-08-20
2637,85,2,2023-08-20
5286,454,7,2023-08-21
5343,903,5,2023-08-22
6028,949,3,2023-08-22
8970,698,9,2023-08-22
6538,322,2,2023-08-23
4653,168,7,2023-08-23
7781,765,5,2023-08-23
3992,997,2,2023-08-23
9559,422,3,2023-08-23
5385,842,7,2023-08-23
8308,321,5,2023-08-24
9276,940,2,2023-08-24
9778,221,1,2023-08-24
7312,658,7,2023-08-24
8948,166,2,2023-08-24
5700,517,3,2023-08-25
1535,463,7,2023-08-25
6437,367,9,2023-08-25
6742,41,3,2023-08-25
8611,434,2,2023-08-25
2738,502,5,2023-08-26
2927,394,1,2023-08-26
8676,573,9,2023-08-26
6226,67,9,2023-08-26
4167,692,2,2023-08-27
4764,769,2,2023-08-28
2891,355,5,2023-08-28
7248,354,8,2023-08-28
190,647,8,2023-08-28
2318,501,9,2023-08-28
3657,532,1,2023-08-29
5339,231,7,2023-08-29
5650,546,2,2023-08-29
4331,828,1,2023-08-31
645,301,5,2023-08-31
2655,373,2,2023-08-31
8382,862,1,2023-09-01
2892,838,8,2023-09-01
1526,765,1,2023-09-01
4869,24,8,2023-09-01
3545,926,2,2023-09-01
5665,784,10,2023-09-01
4230,611,2,2023-09-01
2378,121,7,2023-09-01
9254,986,3,2023-09-01
6245,334,6,2023-09-01
3217,814,2,2023-09-01
5664,137,4,2023-09-01
3877,448,5,2023-09-01
5643,608,7,2023-09-01
7558,535,2,2023-09-02
4744,252,9,2023-09-02
2202,992,2,2023-09-02
6831,840,7,2023-09-02
7167,789,2,2023-09-02
1625,750,7,2023-09-02
2944,77,6,2023-09-02
2938,669,8,2023-09-02
9864,783,3,2023-09-02
5291,115,7,2023-09-02
1220,998,2,2023-09-03
7354,375,7,2023-09-03
5646,641,7,2023-09-03
2392,831,1,2023-09-03
8478,693,7,2023-09-03
8199,745,2,2023-09-03
5049,451,2,2023-09-03
721,770,3,2023-09-03
6686,56,7,2023-09-03
9058,896,8,2023-09-03
6158,849,1,2023-09-04
7068,579,5,2023-09-04
615,193,8,2023-09-04
8959,836,10,2023-09-04
874,885,9,2023-09-04
7374,448,4,2023-09-04
3138,269,6,2023-09-04
6358,315,8,2023-09-04
214,808,3,2023-09-04
7540,730,2,2023-09-04
7708,319,1,2023-09-04
4679,854,1,2023-09-04
3682,354,9,2023-09-04
8520,290,9,2023-09-05
7991,831,1,2023-09-05
6271,65,10,2023-09-05
570,283,7,2023-09-05
6299,244,5,2023-09-05
3868,355,4,2023-09-05
9442,214,5,2023-09-05
2103,66,1,2023-09-05
3778,659,1,2023-09-06
1557,176,7,2023-09-06
1258,342,7,2023-09-06
7949,202,6,2023-09-06
1274,46,7,2023-09-06
8443,363,1,2023-09-06
9333,678,7,2023-09-06
7329,661,5,2023-09-07
7881,441,2,2023-09-07
3365,552,4,2023-09-07
7646,458,6,2023-09-07
5434,963,1,2023-09-07
3127,879,3,2023-09-07
7994,982,10,2023-09-07
3313,812,3,2023-09-07
3027,86,8,2023-09-07
279,393,2,2023-09-07
9993,904,1,2023-09-07
2907,179,5,2023-09-07
6560,376,1,2023-09-07
6729,252,3,2023-09-07
312,293,8,2023-09-07
4516,605,2,2023-09-07
8415,28,7,2023-09-08
6222,299,2,2023-09-08
5347,408,5,2023-09-08
9953,247,1,2023-09-08
9068,564,7,2023-09-08
5842,711,9,2023-09-08
1925,883,9,2023-09-09
286,779,2,2023-09-09
4904,500,10,2023-09-09
3862,629,3,2023-09-09
2406,527,7,2023-09-09
2571,888,1,2023-09-09
3341,374,6,2023-09-09
769,515,4,2023-09-10
2602,525,2,2023-09-10
9117,828,1,2023-09-10
5823,248,4,2023-09-10
5194,452,1,2023-09-11
7034,538,5,2023-09-11
4092,478,3,2023-09-11
5832,58,10,2023-09-11
8691,420,2,2023-09-11
8955,110,1,2023-09-11
8617,418,2,2023-09-11
5952,367,1,2023-09-11
5164,130,1,2023-09-11
9628,518,2,2023-09-11
8902,822,2,2023-09-11
4858,387,7,2023-09-12
5097,688,2,2023-09-12
4190,680,2,2023-09-12
4210,811,9,2023-09-12
6921,167,10,2023-09-12
6790,285,6,2023-09-12
6307,980,9,2023-09-12
8694,360,1,2023-09-13
5677,580,9,2023-09-13
4624,551,7,2023-09-13
7226,208,8,2023-09-13
2587,688,5,2023-09-13
1230,234,7,2023-09-13
2398,501,7,2023-09-13
7792,106,7,2023-09-13
3387,31,10,2023-09-13
5034,944,5,2023-09-14
8923,221,2,2023-09-14
4287,531,2,2023-09-14
9794,105,5,2023-09-14
1569,260,7,2023-09-14
4394,455,1,2023-09-14
8747,174,8,2023-09-14
9687,475,1,2023-09-14
6036,286,3,2023-09-14
2782,682,1,2023-09-15
7789,648,5,2023-09-15
4722,535,1,2023-09-15
9399,246,7,2023-09-15
7194,543,2,2023-09-15
3015,375,1,2023-09-15
6434,251,7,2023-09-15
3855,331,9,2023-09-15
2912,100,2,2023-09-15
2748,252,2,2023-09-15
2481,169,9,2023-09-16
1378,27,9,2023-09-16
5713,979,7,2023-09-16
9908,619,5,2023-09-16
8134,952,4,2023-09-16
7004,228,7,2023-09-16
9859,459,8,2023-09-16
4697,506,5,2023-09-16
2893,36,1,2023-09-17
1521,217,10,2023-09-17
553,84,1,2023-09-17
4453,80,5,2023-09-17
1028,506,7,2023-09-17
6148,658,2,2023-09-17
4760,517,2,2023-09-17
3266,634,9,2023-09-17
6693,967,7,2023-09-17
7658,497,1,2023-09-17
4410,434,2,2023-09-17
3215,653,9,2023-09-17
5302,882,7,2023-09-17
9564,705,9,2023-09-17
5167,998,2,2023-09-18
4694,677,7,2023-09-18
9906,823,2,2023-09-18
4046,419,9,2023-09-18
6003,145,2,2023-09-18
1251,117,2,2023-09-18
2590,616,9,2023-09-18
1672,344,7,2023-09-18
8843,722,7,2023-09-18
3267,183,2,2023-09-18
8820,211,7,2023-09-18
7886,802,10,2023-09-18
3841,8,9,2023-09-18
7224,370,7,2023-09-18
5030,418,3,2023-09-18
3902,669,5,2023-09-19
6294,619,10,2023-09-19
7871,425,5,2023-09-19
5241,613,10,2023-09-19
5587,344,1,2023-09-19
5091,8,4,2023-09-19
8230,618,1,2023-09-19
2281,905,7,2023-09-20
580,147,5,2023-09-20
8688,484,1,2023-09-20
6556,157,5,2023-09-20
6012,415,7,2023-09-20
7657,449,2,2023-09-20
8980,405,3,2023-09-20
8723,747,2,2023-09-20
8543,379,5,2023-09-20
577,504,7,2023-09-20
7213,703,2,2023-09-20
5937,479,1,2023-09-20
1496,768,2,2023-09-21
3137,386,7,2023-09-21
744,215,1,2023-09-21
2768,506,4,2023-09-21
8313,281,5,2023-09-21
5670,680,5,2023-09-21
8439,27,7,2023-09-22
7140,561,8,2023-09-22
9899,499,1,2023-09-22
869,973,2,2023-09-22
5728,495,3,2023-09-22
2870,828,1,2023-09-23
2527,112,7,2023-09-23
6647,733,2,2023-09-23
2484,133,3,2023-09-23
657,846,3,2023-09-23
9999,835,5,2023-09-23
2025,771,8,2023-09-23
6952,615,8,2023-09-23
6985,147,7,2023-09-23
4643,430,3,2023-09-23
9026,653,3,2023-09-23
147,675,2,2023-09-23
6419,567,1,2023-09-24
9290,425,4,2023-09-24
8219,153,6,2023-09-24
7331,944,7,2023-09-24
5408,115,5,2023-09-24
4311,565,9,2023-09-24
3590,59,4,2023-09-24
5444,545,9,2023-09-24
8338,328,9,2023-09-24
308,560,2,2023-09-24
7535,787,4,2023-09-24
4802,836,9,2023-09-25
3612,179,7,2023-09-25
4280,527,1,2023-09-25
6795,510,5,2023-09-25
9091,992,1,2023-09-25
1755,399,10,2023-09-25
2091,414,9,2023-09-25
6717,558,7,2023-09-25
1905,448,7,2023-09-25
9786,639,7,2023-09-25
8084,461,6,2023-09-25
7379,293,9,2023-09-26
4368,465,9,2023-09-26
3485,751,3,2023-09-26
4913,432,6,2023-09-26
338,821,7,2023-09-26
8766,422,2,2023-09-26
2287,845,1,2023-09-27
503,804,4,2023-09-27
4772,998,10,2023-09-27
634,751,7,2023-09-27
2336,735,9,2023-09-27
4080,568,6,2023-09-28
4795,921,1,2023-09-28
6673,597,3,2023-09-28
8979,558,3,2023-09-28
6616,365,2,2023-09-28
4572,98,5,2023-09-28
4186,808,9,2023-09-28
254,256,8,2023-09-28
5466,29,7,2023-09-28
5961,812,1,2023-09-29
8537,1000,9,2023-09-29
2263,390,10,2023-09-29
7282,321,5,2023-09-29
271,670,4,2023-09-29
2947,184,3,2023-09-29
6500,66,5,2023-09-29
8205,423,7,2023-09-29
1840,635,3,2023-09-29
2850,896,5,2023-09-29
2812,274,7,2023-09-29
4672,190,7,2023-09-29
9151,831,9,2023-09-29
8973,962,7,2023-09-30
6013,167,1,2023-09-30
8306,253,7,2023-09-30
7148,800,3,2023-09-30
1648,566,2,2023-09-30
724,225,9,2023-09-30
3141,497,5,2023-09-30
1953,724,4,2023-09-30
7553,704,9,2023-09-30
8904,509,7,2023-10-01
524,565,2,2023-10-01
1184,443,2,2023-10-01
4825,314,4,2023-10-01
4799,440,2,2023-10-01
3575,617,3,2023-10-01
8350,483,5,2023-10-01
1164,337,1,2023-10-01
8610,601,5,2023-10-02
2535,407,1,2023-10-02
9618,789,7,2023-10-02
7978,676,2,2023-10-02
9509,822,4,2023-10-02
8722,774,1,2023-10-02
4403,620,7,2023-10-03
2817,914,3,2023-10-03
2727,224,5,2023-10-03
3670,862,8,2023-10-03
1353,634,9,2023-10-03
3871,66,9,2023-10-03
5282,697,2,2023-10-03
703,650,8,2023-10-03
3152,792,1,2023-10-03
8368,463,9,2023-10-04
1821,616,9,2023-10-04
8426,696,3,2023-10-04
4957,394,10,2023-10-04
1655,608,2,2023-10-04
2155,308,1,2023-10-04
9733,739,8,2023-10-04
2594,543,5,2023-10-04
670,546,1,2023-10-05
8115,509,7,2023-10-05
4407,262,3,2023-10-05
8885,408,1,2023-10-05
9695,72,5,2023-10-05
3538,320,5,2023-10-06
7743,538,3,2023-10-06
8860,773,2,2023-10-06
8653,28,2,2023-10-06
7107,339,5,2023-10-06
5250,481,9,2023-10-06
5735,44,2,2023-10-06
7441,578,8,2023-10-06
8960,931,2,2023-10-06
5710,297,6,2023-10-07
889,359,2,2023-10-07
2371,927,6,2023-10-07
8692,76,8,2023-10-07
9877,531,5,2023-10-08
4696,109,8,2023-10-08
3591,942,4,2023-10-08
9534,989,3,2023-10-08
1458,543,5,2023-10-08
863,349,1,2023-10-08
4084,319,3,2023-10-08
385,96,1,2023-10-08
1280,104,10,2023-10-09
8453,372,1,2023-10-09
9638,980,1,2023-10-09
4929,672,2,2023-10-09
6672,922,10,2023-10-09
8188,945,2,2023-10-09
7478,934,8,2023-10-09
5248,368,7,2023-10-10
9960,988,2,2023-10-10
8127,634,2,2023-10-10
8137,291,2,2023-10-10
6114,115,2,2023-10-10
7747,217,1,2023-10-10
1045,649,7,2023-10-10
15,305,1,2023-10-10
2397,403,8,2023-10-11
5848,810,7,2023-10-11
1865,158,4,2023-10-11
9045,772,2,2023-10-11
3839,308,5,2023-10-11
7364,206,2,2023-10-11
7480,562,7,2023-10-11
5604,969,1,2023-10-11
8490,988,2,2023-10-11
6006,708,7,2023-10-11
4468,744,2,2023-10-11
8036,764,5,2023-10-12
5922,58,3,2023-10-12
6738,273,5,2023-10-12
7438,856,2,2023-10-12
9440,548,3,2023-10-12
563,682,5,2023-10-13
8169,923,8,2023-10-13
9961,766,2,2023-10-13
3330,658,9,2023-10-13
1530,509,8,2023-10-13
6564,410,2,2023-10-13
195,686,1,2023-10-13
5157,774,7,2023-10-14
3836,1000,9,2023-10-14
110,371,6,2023-10-14
4271,230,7,2023-10-14
4364,345,2,2023-10-15
8099,113,2,2023-10-15
4962,133,2,2023-10-15
1888,16,6,2023-10-15
9052,898,7,2023-10-15
2663,692,8,2023-10-15
3613,27,2,2023-10-15
2479,153,3,2023-10-16
3257,882,1,2023-10-16
1874,419,5,2023-10-16
4217,769,1,2023-10-16
2059,349,7,2023-10-16
682,436,2,2023-10-16
440,858,1,2023-10-16
1233,475,3,2023-10-16
2369,656,5,2023-10-16
3843,226,10,2023-10-16
6079,721,1,2023-10-17
7042,449,10,2023-10-17
4346,461,5,2023-10-17
3256,486,2,2023-10-17
9810,905,7,2023-10-17
7225,313,1,2023-10-17
4326,738,9,2023-10-17
4497,315,7,2023-10-17
7738,201,10,2023-10-18
9897,810,2,2023-10-18
7343,15,10,2023-10-18
5283,146,5,2023-10-18
6067,719,1,2023-10-18
6582,112,2,2023-10-18
2855,447,8,2023-10-18
407,10,1,2023-10-18
7794,79,4,2023-10-18
8355,805,2,2023-10-18
3376,529,8,2023-10-19
1293,868,9,2023-10-19
1809,773,10,2023-10-19
8106,492,7,2023-10-19
1062,139,2,2023-10-19
6484,919,2,2023-10-20
8545,195,7,2023-10-20
8783,899,5,2023-10-20
8246,132,7,2023-10-20
1363,152,2,2023-10-20
9688,257,4,2023-10-20
6534,39,2,2023-10-20
4655,148,7,2023-10-20
4130,654,6,2023-10-21
6141,144,2,2023-10-21
2556,88,7,2023-10-21
9241,707,7,2023-10-21
5269,554,2,2023-10-21
627,910,2,2023-10-22
437,384,7,2023-10-22
8515,275,8,2023-10-22
5058,855,1,2023-10-22
3521,118,2,2023-10-22
761,651,2,2023-10-22
7251,975,4,2023-10-22
7311,434,9,2023-10-22
8716,511,8,2023-10-23
5601,340,2,2023-10-24
7898,631,5,2023-10-24
7954,290,3,2023-10-24
8988,768,1,2023-10-24
4993,318,6,2023-10-24
3323,431,4,2023-10-24
6720,975,6,2023-10-24
3589,192,8,2023-10-25
1359,161,9,2023-10-25
3881,58,2,2023-10-25
1514,745,7,2023-10-26
6462,554,9,2023-10-26
5615,12,10,2023-10-26
3238,560,1,2023-10-26
6280,772,2,2023-10-26
5261,991,7,2023-10-26
8454,404,5,2023-10-26
7061,750,2,2023-10-26
717,702,7,2023-10-27
2047,945,2,2023-10-27
7497,882,6,2023-10-27
8274,973,2,2023-10-27
7887,910,5,2023-10-27
783,882,3,2023-10-27
3936,694,2,2023-10-27
5573,416,1,2023-10-27
9513,548,6,2023-10-27
3460,430,2,2023-10-27
5422,200,2,2023-10-27
9606,485,5,2023-10-27
1928,497,2,2023-10-27
596,718,2,2023-10-27
8727,675,9,2023-10-28
6348,828,3,2023-10-28
349,208,9,2023-10-28
7589,266,7,2023-10-28
7918,131,9,2023-10-28
5661,468,2,2023-10-28
694,988,6,2023-10-28
3978,947,1,2023-10-28
4618,414,6,2023-10-29
5104,270,9,2023-10-29
1079,674,3,2023-10-29
5825,112,3,2023-10-29
1833,334,9,2023-10-29
1136,96,7,2023-10-29
2052,100,3,2023-10-29
8062,250,2,2023-10-30
7783,506,5,2023-10-30
6788,658,9,2023-10-30
7505,589,3,2023-10-30
3139,77,2,2023-10-31
781,644,1,2023-10-31
2424,239,4,2023-10-31
6391,29,5,2023-10-31
4840,710,7,2023-10-31
4240,560,9,2023-10-31
3664,482,8,2023-10-31
5333,329,2,2023-10-31
7257,19,2,2023-10-31
4768,421,1,2023-10-31
4085,601,1,2023-10-31
4518,915,2,2023-11-01
314,64,2,2023-11-01
617,532,6,2023-11-01
3617,185,3,2023-11-01
8705,856,9,2023-11-02
3741,99,3,2023-11-02
2721,239,9,2023-11-02
1299,608,9,2023-11-02
947,169,7,2023-11-02
538,208,9,2023-11-02
8523,883,2,2023-11-02
496,211,1,2023-11-02
5473,917,7,2023-11-02
1116,813,9,2023-11-03
2580,327,4,2023-11-03
9659,211,2,2023-11-03
9624,146,2,2023-11-03
1751,224,1,2023-11-03
2507,884,6,2023-11-03
1128,520,10,2023-11-03
710,323,5,2023-11-03
5616,30,2,2023-11-03
4431,258,9,2023-11-04
2631,734,6,2023-11-04
6660,248,7,2023-11-04
4927,530,1,2023-11-04
9258,946,7,2023-11-04
7965,425,1,2023-11-04
7564,296,2,2023-11-05
8967,290,7,2023-11-05
2578,898,1,2023-11-05
7726,53,3,2023-11-05
8010,467,8,2023-11-05
6606,994,1,2023-11-05
7689,177,7,2023-11-06
7562,729,7,2023-11-06
8858,870,1,2023-11-06
5523,559,7,2023-11-07
4835,219,1,2023-11-07
435,886,1,2023-11-07
6651,314,1,2023-11-07
1038,841,2,2023-11-07
9082,539,7,2023-11-08
2923,832,7,2023-11-08
5072,791,7,2023-11-08
1255,382,1,2023-11-08
5090,519,2,2023-11-08
1292,123,2,2023-11-08
6204,703,9,2023-11-08
3079,842,4,2023-11-09
6917,845,5,2023-11-09
9107,313,10,2023-11-09
6948,986,6,2023-11-09
4826,899,6,2023-11-09
653,389,5,2023-11-09
4181,958,5,2023-11-09
3993,658,2,2023-11-09
3634,280,4,2023-11-09
8178,273,2,2023-11-09
6315,248,3,2023-11-10
8038,816,2,2023-11-10
9070,152,3,2023-11-10
2918,73,5,2023-11-10
7146,201,9,2023-11-10
6656,969,6,2023-11-10
8958,275,3,2023-11-10
363,916,1,2023-11-11
4016,473,7,2023-11-11
5355,699,2,2023-11-11
7252,608,1,2023-11-11
3806,902,10,2023-11-11
5191,145,1,2023-11-11
7945,757,3,2023-11-11
4530,331,4,2023-11-12
3829,768,9,2023-11-12
2027,632,5,2023-11-12
9377,424,2,2023-11-12
3235,212,4,2023-11-13
202,668,9,2023-11-13
3077,225,2,2023-11-13
7697,600,2,2023-11-13
3879,681,6,2023-11-13
4112,983,2,2023-11-14
8832,299,10,2023-11-14
4938,41,2,2023-11-14
4285,302,1,2023-11-14
6770,531,1,2023-11-14
2296,272,3,2023-11-14
9895,375,4,2023-11-14
277,245,2,2023-11-14
8938,114,2,2023-11-14
1460,131,10,2023-11-15
6155,827,2,2023-11-15
9106,254,7,2023-11-15
6026,173,5,2023-11-15
2557,78,2,2023-11-15
8380,767,2,2023-11-15
3656,518,6,2023-11-15
3717,149,10,2023-11-15
6599,126,1,2023-11-15
3819,178,9,2023-11-15
5073,316,9,2023-11-15
4076,19,9,2023-11-15
4603,364,9,2023-11-15
238,402,5,2023-11-16
4523,369,9,2023-11-16
5886,294,1,2023-11-17
5148,197,1,2023-11-17
9354,17,9,2023-11-17
5814,500,2,2023-11-17
9060,261,1,2023-11-18
5964,540,2,2023-11-18
8031,640,1,2023-11-18
542,164,2,2023-11-18
4997,109,2,2023-11-18
2614,391,4,2023-11-18
1752,621,10,2023-11-18
8320,444,2,2023-11-19
5391,230,9,2023-11-19
6678,511,8,2023-11-19
4732,798,7,2023-11-19
6877,36,6,2023-11-20
1204,343,6,2023-11-20
3647,561,3,2023-11-20
2068,401,2,2023-11-20
1895,10,7,2023-11-20
4317,176,9,2023-11-20
9203,54,6,2023-11-20
7913,158,8,2023-11-20
5790,820,1,2023-11-21
9948,965,9,2023-11-21
711,443,3,2023-11-21
5778,605,6,2023-11-21
7202,746,7,2023-11-21
7076,145,5,2023-11-22
6712,935,3,2023-11-22
562,436,2,2023-11-22
2905,474,2,2023-11-22
4093,574,7,2023-11-22
1814,628,5,2023-11-22
5196,577,9,2023-11-23
9507,628,4,2023-11-23
89,909,1,2023-11-23
4300,614,7,2023-11-23
8404,143,1,2023-11-23
4577,9,7,2023-11-24
6827,488,3,2023-11-24
6082,384,5,2023-11-24
2095,467,2,2023-11-24
2506,65,3,2023-11-24
9323,855,5,2023-11-24
9945,727,10,2023-11-24
9963,177,1,2023-11-25
2843,775,10,2023-11-25
4526,509,2,2023-11-25
2928,260,3,2023-11-25
446,799,5,2023-11-25
318,824,7,2023-11-25
6722,340,1,2023-11-26
7932,408,8,2023-11-26
624,432,10,2023-11-26
1547,613,5,2023-11-26
6241,912,5,2023-11-26
3043,193,1,2023-11-26
8397,458,1,2023-11-26
8581,817,8,2023-11-26
1890,699,1,2023-11-27
3982,351,1,2023-11-27
3703,83,3,2023-11-27
8936,112,1,2023-11-27
2902,499,3,2023-11-27
3508,42,2,2023-11-27
1999,124,5,2023-11-27
7015,640,1,2023-11-28
6910,564,3,2023-11-28
722,287,5,2023-11-28
1403,654,5,2023-11-28
1975,723,3,2023-11-29
3022,971,3,2023-11-29
6591,34,9,2023-11-29
3673,205,4,2023-11-29
8484,535,3,2023-11-29
2478,338,4,2023-11-29
4496,414,3,2023-11-30
2170,43,2,2023-11-30
9078,909,9,2023-11-30
1702,29,9,2023-11-30
3277,720,4,2023-11-30
2142,876,9,2023-11-30
5568,968,9,2023-12-01
7707,276,5,2023-12-01
5520,428,10,2023-12-01
2722,603,9,2023-12-01
5031,409,1,2023-12-01
2770,249,2,2023-12-01
6163,539,4,2023-12-01
4297,729,8,2023-12-01
7190,60,1,2023-12-02
4763,106,6,2023-12-02
7101,59,2,2023-12-02
8591,150,4,2023-12-02
1209,701,7,2023-12-02
1217,714,3,2023-12-02
2320,275,9,2023-12-02
2385,302,1,2023-12-02
3315,583,8,2023-12-02
6412,514,7,2023-12-02
1644,236,10,2023-12-02
143,231,7,2023-12-03
2670,630,9,2023-12-03
2262,115,7,2023-12-03
8905,659,7,2023-12-03
702,763,9,2023-12-03
9259,593,3,2023-12-03
9979,405,2,2023-12-03
7301,361,8,2023-12-03
3036,283,10,2023-12-03
1469,214,2,2023-12-03
7950,77,8,2023-12-03
3981,872,7,2023-12-03
2394,402,2,2023-12-04
2228,278,3,2023-12-04
7245,921,1,2023-12-04
7375,376,1,2023-12-04
4753,753,3,2023-12-04
978,714,9,2023-12-04
3240,176,7,2023-12-04
6238,576,8,2023-12-04
9113,134,2,2023-12-04
5752,388,8,2023-12-04
3596,544,2,2023-12-04
2342,677,3,2023-12-05
603,548,3,2023-12-05
2118,625,1,2023-12-05
706,631,1,2023-12-05
5007,593,1,2023-12-05
3442,123,1,2023-12-05
2421,989,6,2023-12-05
1507,306,1,2023-12-05
9165,411,9,2023-12-05
3436,986,2,2023-12-05
9966,38,1,2023-12-06
1039,848,5,2023-12-06
8775,4,7,2023-12-06
6689,727,1,2023-12-06
3048,567,1,2023-12-06
1834,815,4,2023-12-06
649,362,1,2023-12-06
3190,393,7,2023-12-06
3967,818,2,2023-12-06
4275,594,2,2023-12-07
6350,909,6,2023-12-07
2839,866,9,2023-12-07
7185,609,9,2023-12-07
2130,160,5,2023-12-07
9102,559,3,2023-12-07
9001,357,5,2023-12-07
8616,983,3,2023-12-07
4933,336,5,2023-12-07
5969,996,3,2023-12-08
242,194,7,2023-12-08
9097,980,2,2023-12-08
8043,242,2,2023-12-08
4675,208,2,2023-12-08
5489,906,3,2023-12-08
9747,303,1,2023-12-09
4543,478,5,2023-12-09
4595,623,5,2023-12-09
5593,80,1,2023-12-09
8075,954,2,2023-12-09
6377,549,1,2023-12-09
3624,878,3,2023-12-10
3047,321,7,2023-12-10
6825,41,10,2023-12-10
9483,555,2,2023-12-10
9286,232,10,2023-12-10
3661,57,2,2023-12-10
8562,181,8,2023-12-10
64,645,3,2023-12-10
4684,395,9,2023-12-10
4478,931,7,2023-12-11
2992,624,9,2023-12-11
5076,330,3,2023-12-11
7715,525,1,2023-12-11
1155,52,1,2023-12-11
8551,63,5,2023-12-11
6414,931,3,2023-12-12
4507,948,1,2023-12-12
1760,348,1,2023-12-12
8041,775,5,2023-12-12
4837,38,4,2023-12-12
6907,761,1,2023-12-13
8056,137,2,2023-12-13
2985,469,2,2023-12-13
3305,302,3,2023-12-13
1994,581,3,2023-12-13
2150,656,9,2023-12-13
9666,593,3,2023-12-13
1295,903,10,2023-12-13
1522,92,5,2023-12-14
5232,828,1,2023-12-14
5382,35,1,2023-12-14
6731,313,7,2023-12-14
6777,382,2,2023-12-14
1908,643,1,2023-12-14
2329,169,2,2023-12-14
9853,387,10,2023-12-15
8647,86,3,2023-12-15
3371,646,7,2023-12-15
9587,903,7,2023-12-15
8751,230,2,2023-12-15
8227,386,9,2023-12-15
6004,683,1,2023-12-15
305,335,1,2023-12-15
9520,738,7,2023-12-15
8255,167,10,2023-12-15
4001,343,1,2023-12-15
7179,680,2,2023-12-15
551,346,5,2023-12-16
5170,261,10,2023-12-16
9074,21,6,2023-12-16
9214,298,9,2023-12-16
565,958,3,2023-12-16
1308,254,2,2023-12-16
3082,582,7,2023-12-16
5105,416,2,2023-12-16
1252,658,1,2023-12-16
5482,649,5,2023-12-16
4211,92,5,2023-12-16
3865,738,6,2023-12-17
1822,871,2,2023-12-17
2558,942,2,2023-12-17
1152,991,7,2023-12-17
8157,63,3,2023-12-17
4360,677,2,2023-12-17
1493,462,7,2023-12-17
2806,13,3,2023-12-17
3846,56,7,2023-12-17
1538,49,6,2023-12-17
6962,333,10,2023-12-17
2290,287,2,2023-12-17
449,785,1,2023-12-17
8264,376,5,2023-12-17
4160,986,1,2023-12-18
1552,32,5,2023-12-18
5632,898,1,2023-12-18
7866,542,3,2023-12-18
4284,179,7,2023-12-18
5831,500,9,2023-12-18
4442,459,10,2023-12-18
9041,64,7,2023-12-18
9779,292,2,2023-12-18
3648,617,7,2023-12-18
5765,663,2,2023-12-18
8935,689,1,2023-12-19
6032,283,1,2023-12-19
7271,413,8,2023-12-19
3283,608,4,2023-12-19
9769,31,7,2023-12-19
1294,524,2,2023-12-19
9186,844,3,2023-12-19
2929,849,3,2023-12-19
8357,65,5,2023-12-19
6699,215,7,2023-12-19
9702,691,7,2023-12-19
1408,396,5,2023-12-19
2508,691,5,2023-12-19
6863,806,8,2023-12-19
4381,642,7,2023-12-19
3631,225,5,2023-12-20
3787,668,4,2023-12-20
9278,789,2,2023-12-20
972,649,7,2023-12-20
6486,853,1,2023-12-20
7757,179,5,2023-12-20
6136,116,10,2023-12-21
835,84,1,2023-12-21
4908,778,1,2023-12-21
8624,812,2,2023-12-21
4412,549,1,2023-12-21
6821,750,9,2023-12-21
7641,243,6,2023-12-21
5298,411,4,2023-12-21
75,754,5,2023-12-21
1892,825,5,2023-12-21
2730,524,5,2023-12-22
469,627,1,2023-12-22
6573,541,3,2023-12-22
5757,616,9,2023-12-22
1290,111,3,2023-12-22
2889,96,7,2023-12-22
2205,512,1,2023-12-22
8590,805,5,2023-12-22
5340,821,1,2023-12-22
5247,122,2,2023-12-22
8154,808,9,2023-12-22
5371,974,5,2023-12-23
7926,30,7,2023-12-23
5809,543,1,2023-12-23
1284,718,2,2023-12-23
7423,404,8,2023-12-23
112,687,6,2023-12-23
540,725,1,2023-12-23
4646,278,1,2023-12-24
7028,432,7,2023-12-24
8487,364,8,2023-12-24
7487,393,2,2023-12-24
6646,52,2,2023-12-24
2443,791,2,2023-12-24
4864,434,5,2023-12-24
3252,797,7,2023-12-24
8187,496,8,2023-12-24
1423,593,2,2023-12-24
9215,933,7,2023-12-24
342,57,1,2023-12-25
9314,427,9,2023-12-25
9383,811,3,2023-12-25
1528,593,5,2023-12-25
4458,853,4,2023-12-25
102,823,5,2023-12-25
4316,973,1,2023-12-25
929,705,5,2023-12-25
4897,279,10,2023-12-25
8830,896,2,2023-12-25
9667,229,2,2023-12-25
120,978,5,2023-12-25
2553,704,2,2023-12-25
4836,566,10,2023-12-26
6354,947,2,2023-12-26
6215,519,2,2023-12-26
9382,882,2,2023-12-26
4124,318,7,2023-12-26
9160,514,5,2023-12-26
6785,768,9,2023-12-26
6730,219,2,2023-12-26
5068,599,5,2023-12-26
4460,333,2,2023-12-26
332,634,1,2023-12-26
4150,596,7,2023-12-26
7278,711,2,2023-12-27
6588,246,8,2023-12-27
7189,497,5,2023-12-27
2331,930,4,2023-12-27
6836,543,2,2023-12-27
6035,654,8,2023-12-27
2773,126,7,2023-12-27
9307,626,9,2023-12-27
8951,7,2,2023-12-27
9071,165,2,2023-12-27
8739,228,9,2023-12-27
7256,983,2,2023-12-27
1302,458,2,2023-12-27
11,373,5,2023-12-27
4012,95,9,2023-12-27
3817,843,6,2023-12-27
9924,81,7,2023-12-27
9785,632,8,2023-12-28
9854,927,4,2023-12-28
5585,15,3,2023-12-28
4102,288,1,2023-12-28
5702,880,7,2023-12-28
7746,163,3,2023-12-28
5390,847,9,2023-12-28
9012,721,2,2023-12-28
1823,140,5,2023-12-28
613,238,5,2023-12-28
3294,940,7,2023-12-28
2348,121,2,2023-12-28
8977,478,8,2023-12-29
5259,385,7,2023-12-29
7714,636,7,2023-12-29
2981,174,6,2023-12-29
8385,192,2,2023-12-29
6422,638,4,2023-12-29
4551,677,7,2023-12-29
5318,266,3,2023-12-29
8686,59,1,2023-12-29
2231,264,2,2023-12-29
3120,361,1,2023-12-29
408,197,7,2023-12-29
9648,727,1,2023-12-29
4961,26,2,2023-12-29
1086,54,8,2023-12-29
3264,569,2,2023-12-30
3894,261,2,2023-12-30
2838,935,2,2023-12-30
5336,799,1,2023-12-30
6125,773,2,2023-12-30
5109,502,7,2023-12-30
3317,393,1,2023-12-30
1556,253,2,2023-12-31
3706,407,8,2023-12-31
1003,501,10,2023-12-31
6394,890,1,2023-12-31
3213,994,1,2024-01-01
1109,952,7,2024-01-01
5662,202,7,2024-01-01
954,916,8,2024-01-01
6984,513,5,2024-01-01
6404,440,2,2024-01-01
5307,623,2,2024-01-01
8483,87,9,2024-01-01
2750,165,8,2024-01-01
7514,695,5,2024-01-01
2633,946,2,2024-01-01
862,156,8,2024-01-01
5869,955,7,2024-01-01
1491,145,2,2024-01-01
749,930,9,2024-01-02
9518,536,1,2024-01-02
6875,15,5,2024-01-02
9230,133,3,2024-01-02
2219,43,1,2024-01-02
6966,783,9,2024-01-02
2482,380,9,2024-01-02
8778,860,7,2024-01-03
5631,73,7,2024-01-03
9459,632,5,2024-01-03
2246,313,2,2024-01-03
6326,214,8,2024-01-03
991,542,10,2024-01-03
6679,296,6,2024-01-03
5162,694,3,2024-01-03
228,335,1,2024-01-03
5753,392,4,2024-01-03
6009,663,1,2024-01-03
3063,252,4,2024-01-04
8491,766,1,2024-01-04
7432,216,9,2024-01-04
9654,748,2,2024-01-04
7218,80,7,2024-01-05
7765,152,2,2024-01-05
3058,758,2,2024-01-05
7283,154,1,2024-01-05
9231,155,5,2024-01-05
7637,382,4,2024-01-05
4087,839,2,2024-01-05
9466,114,4,2024-01-05
8711,966,8,2024-01-05
2752,567,8,2024-01-05
1933,506,5,2024-01-06
5838,81,2,2024-01-06
1902,189,1,2024-01-06
7093,561,1,2024-01-06
8795,588,1,2024-01-06
1776,392,1,2024-01-06
5417,892,1,2024-01-06
3804,868,8,2024-01-06
7574,170,1,2024-01-06
3572,881,4,2024-01-07
2593,691,4,2024-01-07
9441,909,5,2024-01-07
6765,358,3,2024-01-07
4944,842,7,2024-01-07
5705,421,7,2024-01-07
4461,48,3,2024-01-07
2741,272,7,2024-01-07
3378,637,5,2024-01-07
3690,117,10,2024-01-07
2541,188,3,2024-01-07
7802,576,1,2024-01-08
8201,910,8,2024-01-08
6512,620,1,2024-01-08
6291,292,1,2024-01-08
3533,940,5,2024-01-09
3273,791,1,2024-01-09
7151,19,2,2024-01-09
5273,658,6,2024-01-09
8743,410,9,2024-01-09
511,708,8,2024-01-09
4292,777,9,2024-01-09
8314,342,3,2024-01-09
9436,886,9,2024-01-09
4350,682,3,2024-01-09
7924,506,6,2024-01-09
6838,502,8,2024-01-09
6694,455,2,2024-01-09
720,113,7,2024-01-09
9024,569,7,2024-01-09
6470,214,7,2024-01-10
4249,610,7,2024-01-10
6888,489,1,2024-01-10
1314,829,3,2024-01-10
456,873,3,2024-01-10
6913,65,9,2024-01-10
7825,84,7,2024-01-10
6380,173,8,2024-01-10
2667,68,5,2024-01-10
8471,43,5,2024-01-10
3085,964,7,2024-01-10
9707,986,7,2024-01-10
5766,731,10,2024-01-10
7360,409,5,2024-01-10
1373,638,7,2024-01-10
8881,202,4,2024-01-10
3290,731,2,2024-01-10
5872,639,2,2024-01-11
5173,222,5,2024-01-11
3452,984,1,2024-01-11
2093,340,8,2024-01-11
4976,752,7,2024-01-11
9545,568,10,2024-01-11
1980,758,7,2024-01-11
1951,421,8,2024-01-11
8449,377,7,2024-01-11
6802,864,7,2024-01-12
6492,766,2,2024-01-12
7022,522,9,2024-01-12
3175,755,7,2024-01-12
4631,349,2,2024-01-12
3723,566,5,2024-01-12
566,250,4,2024-01-12
3236,95,3,2024-01-12
5895,487,1,2024-01-12
7430,820,8,2024-01-12
3271,247,3,2024-01-12
3736,127,7,2024-01-13
5707,818,7,2024-01-13
3250,431,2,2024-01-13
5672,198,3,2024-01-13
8713,313,10,2024-01-13
9922,43,2,2024-01-13
3276,157,7,2024-01-13
6077,109,7,2024-01-13
8326,887,4,2024-01-13
7520,304,9,2024-01-13
5903,97,1,2024-01-13
2707,490,3,2024-01-14
779,257,1,2024-01-14
3796,390,2,2024-01-14
8427,270,7,2024-01-14
6809,97,7,2024-01-14
1634,409,7,2024-01-14
7390,729,7,2024-01-14
1639,235,5,2024-01-14
4063,146,8,2024-01-14
8047,688,3,2024-01-14
859,119,2,2024-01-14
6664,498,2,2024-01-14
7041,932,5,2024-01-14
1675,994,5,2024-01-15
8738,671,4,2024-01-15
4400,27,1,2024-01-15
5055,111,2,2024-01-15
2029,106,2,2024-01-16
586,846,1,2024-01-16
4936,178,9,2024-01-16
1212,606,3,2024-01-16
6276,397,2,2024-01-16
8729,924,6,2024-01-17
8352,47,6,2024-01-17
9844,202,2,2024-01-17
5796,518,9,2024-01-17
1573,55,8,2024-01-17
1876,484,8,2024-01-17
2266,86,9,2024-01-18
4485,218,6,2024-01-18
4246,972,2,2024-01-18
6832,899,7,2024-01-18
2592,66,3,2024-01-18
2321,13,4,2024-01-18
7418,727,3,2024-01-18
2463,157,9,2024-01-18
259,12,6,2024-01-18
8572,100,8,2024-01-18
5035,304,1,2024-01-19
1688,193,10,2024-01-19
4547,118,5,2024-01-19
4225,276,1,2024-01-19
3194,581,2,2024-01-19
8511,432,7,2024-01-19
8272,202,9,2024-01-19
7850,396,7,2024-01-19
8281,744,2,2024-01-19
68,291,5,2024-01-20
227,915,9,2024-01-20
2055,629,5,2024-01-20
4955,814,8,2024-01-20
9839,945,7,2024-01-20
930,390,1,2024-01-20
3516,379,6,2024-01-20
2298,849,7,2024-01-20
5891,445,2,2024-01-21
1427,222,7,2024-01-21
8210,386,8,2024-01-21
6988,394,3,2024-01-21
1273,41,5,2024-01-21
4259,247,7,2024-01-21
9956,555,5,2024-01-21
4142,816,10,2024-01-21
6609,694,1,2024-01-21
5358,565,8,2024-01-21
6094,82,9,2024-01-21
4471,295,2,2024-01-21
8655,857,2,2024-01-22
5589,881,7,2024-01-22
5511,587,9,2024-01-22
9498,106,1,2024-01-22
2204,249,5,2024-01-22
9065,2,7,2024-01-22
5582,715,10,2024-01-22
2350,213,1,2024-01-22
6053,83,3,2024-01-22
3536,810,5,2024-01-22
9370,234,9,2024-01-22
4341,271,9,2024-01-23
1818,762,2,2024-01-23
1904,374,5,2024-01-23
2389,658,7,2024-01-23
9337,781,9,2024-01-23
9719,736,2,2024-01-23
5346,921,1,2024-01-23
4434,623,3,2024-01-23
6696,791,7,2024-01-23
5395,264,2,2024-01-23
6885,112,7,2024-01-23
3382,59,9,2024-01-24
196,674,3,2024-01-24
610,975,7,2024-01-24
103,459,10,2024-01-24
9353,337,2,2024-01-25
4838,322,7,2024-01-25
422,594,1,2024-01-25
1082,312,1,2024-01-25
2612,557,1,2024-01-25
6671,637,10,2024-01-25
2865,986,3,2024-01-25
2053,76,6,2024-01-25
9185,129,1,2024-01-25
4155,85,3,2024-01-25
6275,649,7,2024-01-26
7627,666,7,2024-01-26
4564,501,7,2024-01-26
5437,842,3,2024-01-26
6743,497,1,2024-01-26
8619,150,7,2024-01-26
9095,70,7,2024-01-27
9814,314,9,2024-01-27
4234,705,7,2024-01-27
5667,773,1,2024-01-27
1605,805,10,2024-01-27
7168,690,7,2024-01-27
4219,853,8,2024-01-27
1516,560,4,2024-01-27
287,734,2,2024-01-27
3369,441,10,2024-01-27
9010,703,2,2024-01-27
1004,601,10,2024-01-27
9397,619,3,2024-01-28
5656,331,4,2024-01-28
843,705,2,2024-01-28
4,701,7,2024-01-28
1676,952,1,2024-01-28
9371,193,7,2024-01-29
7539,425,2,2024-01-29
8465,540,4,2024-01-29
4992,518,1,2024-01-29
9705,126,10,2024-01-29
2352,630,7,2024-01-29
1018,692,2,2024-01-29
1645,974,9,2024-01-29
9641,553,5,2024-01-29
9989,919,3,2024-01-29
3009,558,2,2024-01-29
2077,228,5,2024-01-29
8745,386,3,2024-01-30
1195,624,2,2024-01-30
2818,954,1,2024-01-30
6684,881,7,2024-01-30
1277,286,7,2024-01-30
1967,200,9,2024-01-30
4105,516,6,2024-01-30
9900,107,1,2024-01-30
9663,187,3,2024-01-30
7720,94,7,2024-01-30
4608,537,10,2024-01-31
249,158,5,2024-02-01
3954,860,7,2024-02-01
5581,281,4,2024-02-01
516,22,1,2024-02-01
521,71,9,2024-02-01
1346,26,2,2024-02-01
9303,983,2,2024-02-01
713,452,2,2024-02-02
6676,475,7,2024-02-02
3304,190,7,2024-02-02
1589,240,7,2024-02-02
5096,562,7,2024-02-02
7009,772,6,2024-02-02
9746,957,6,2024-02-02
2504,103,2,2024-02-02
9114,146,6,2024-02-02
9788,315,9,2024-02-03
9054,400,8,2024-02-04
3403,250,7,2024-02-04
8054,531,2,2024-02-04
7737,64,2,2024-02-04
2596,232,7,2024-02-04
2469,169,7,2024-02-04
57,752,7,2024-02-04
2344,140,1,2024-02-04
7388,154,7,2024-02-05
1954,639,5,2024-02-05
442,560,8,2024-02-05
1594,706,9,2024-02-05
5026,615,9,2024-02-05
2444,663,7,2024-02-05
9582,6,1,2024-02-05
5356,595,9,2024-02-05
1495,928,1,2024-02-06
9217,492,5,2024-02-06
5900,419,9,2024-02-06
108,655,2,2024-02-06
9379,146,1,2024-02-06
7155,604,4,2024-02-06
3979,353,1,2024-02-06
7285,366,2,2024-02-06
356,385,3,2024-02-06
6823,955,7,2024-02-07
8840,6,1,2024-02-07
4231,954,2,2024-02-07
60,84,5,2024-02-08
7524,700,2,2024-02-08
3693,884,8,2024-02-08
8016,168,9,2024-02-08
6061,842,5,2024-02-08
7701,371,9,2024-02-09
2185,925,1,2024-02-09
5800,832,7,2024-02-09
1175,411,2,2024-02-09
647,203,1,2024-02-09
3322,846,7,2024-02-09
6306,988,2,2024-02-09
1637,267,2,2024-02-09
8621,989,6,2024-02-10
8321,315,3,2024-02-10
9881,940,2,2024-02-10
3422,291,2,2024-02-10
7957,369,9,2024-02-10
4821,905,2,2024-02-10
5070,577,2,2024-02-10
2629,967,6,2024-02-10
4202,799,4,2024-02-10
2980,275,9,2024-02-10
7138,351,7,2024-02-11
6801,765,5,2024-02-11
8780,670,3,2024-02-11
3768,659,3,2024-02-11
4062,349,6,2024-02-11
1023,45,2,2024-02-11
4466,441,9,2024-02-12
3105,403,7,2024-02-12
8085,902,3,2024-02-12
922,813,10,2024-02-12
8125,711,2,2024-02-12
1179,746,5,2024-02-12
3465,307,2,2024-02-12
4056,763,7,2024-02-12
2467,963,5,2024-02-12
7337,647,2,2024-02-12
7467,132,2,2024-02-13
5556,22,9,2024-02-13
2897,436,8,2024-02-13
3263,663,6,2024-02-13
9878,77,1,2024-02-13
5953,690,1,2024-02-13
7984,914,4,2024-02-13
7357,349,3,2024-02-13
8117,633,6,2024-02-13
6388,184,7,2024-02-13
247,331,10,2024-02-14
9521,635,7,2024-02-14
8900,842,9,2024-02-14
9266,685,2,2024-02-14
6463,474,9,2024-02-14
4353,760,9,2024-02-14
9469,987,6,2024-02-14
579,729,5,2024-02-15
8879,206,1,2024-02-15
9614,25,6,2024-02-15
7967,579,1,2024-02-15
1153,450,3,2024-02-15
2092,89,2,2024-02-15
8499,510,9,2024-02-15
5950,277,2,2024-02-16
5607,202,7,2024-02-16
979,331,2,2024-02-16
4306,458,2,2024-02-16
7431,947,2,2024-02-17
5878,232,3,2024-02-17
9682,571,7,2024-02-17
7205,224,6,2024-02-17
3093,129,8,2024-02-17
7619,318,8,2024-02-17
3242,56,5,2024-02-18
5933,229,7,2024-02-18
870,819,10,2024-02-18
7890,844,6,2024-02-19
6761,239,2,2024-02-19
7865,467,9,2024-02-19
6872,321,5,2024-02-19
384,215,1,2024-02-19
8689,931,8,2024-02-19
9115,126,7,2024-02-19
7091,123,10,2024-02-19
5956,766,7,2024-02-20
1712,322,9,2024-02-20
8750,642,1,2024-02-20
2688,940,8,2024-02-20
8941,274,2,2024-02-20
6760,989,7,2024-02-21
2565,477,2,2024-02-21
6055,787,7,2024-02-21
6798,222,6,2024-02-21
5127,218,7,2024-02-21
4006,30,3,2024-02-22
7718,250,9,2024-02-22
9110,143,2,2024-02-22
5696,262,7,2024-02-22
329,64,5,2024-02-22
1114,688,7,2024-02-22
6817,673,8,2024-02-22
7621,319,2,2024-02-22
9947,506,1,2024-02-22
3410,132,2,2024-02-22
1087,669,4,2024-02-22
5955,496,1,2024-02-23
7103,227,2,2024-02-23
9450,558,7,2024-02-24
8474,597,4,2024-02-24
9871,888,4,2024-02-24
4119,544,2,2024-02-24
7065,586,7,2024-02-25
8721,25,5,2024-02-25
3428,779,10,2024-02-25
4188,105,1,2024-02-26
8769,999,2,2024-02-26
3895,312,8,2024-02-26
8910,940,2,2024-02-26
8826,166,1,2024-02-26
4028,930,7,2024-02-26
1027,515,4,2024-02-26
6356,496,5,2024-02-26
4661,437,4,2024-02-27
3604,976,1,2024-02-27
7510,638,2,2024-02-27
4942,999,7,2024-02-27
9898,151,2,2024-02-27
5213,898,5,2024-02-27
3116,910,7,2024-02-27
4158,51,6,2024-02-27
3338,883,3,2024-02-28
9246,869,3,2024-02-28
6265,992,3,2024-02-28
2143,704,4,2024-02-28
4978,894,3,2024-02-29
9752,707,7,2024-02-29
5775,312,1,2024-02-29
3820,272,1,2024-02-29
4787,761,2,2024-02-29
7912,550,5,2024-02-29
1882,342,7,2024-02-29
5415,286,2,2024-02-29
1794,177,2,2024-03-01
7126,350,2,2024-03-01
9477,481,7,2024-03-01
9652,343,5,2024-03-01
7513,225,9,2024-03-01
6139,747,2,2024-03-01
2222,124,1,2024-03-02
2005,262,4,2024-03-02
7493,25,7,2024-03-02
4937,660,2,2024-03-02
3471,330,2,2024-03-03
340,259,6,2024-03-03
7541,22,5,2024-03-03
212,396,5,2024-03-03
7837,239,2,2024-03-03
8737,608,5,2024-03-03
9737,592,10,2024-03-03
5361,419,9,2024-03-03
7414,442,2,2024-03-04
3498,139,2,2024-03-04
1108,629,7,2024-03-04
245,376,1,2024-03-05
231,171,3,2024-03-05
8846,945,7,2024-03-05
4376,754,1,2024-03-05
4983,113,1,2024-03-05
8019,320,2,2024-03-05
3750,470,2,2024-03-05
2076,488,1,2024-03-06
9235,328,7,2024-03-06
3853,430,2,2024-03-06
7499,82,1,2024-03-06
8872,140,2,2024-03-06
1402,213,6,2024-03-06
3408,871,7,2024-03-06
1371,94,3,2024-03-06
7635,691,3,2024-03-06
8109,698,2,2024-03-06
9541,285,10,2024-03-06
9717,233,6,2024-03-07
215,35,7,2024-03-07
4645,135,1,2024-03-07
8654,73,1,2024-03-07
805,467,3,2024-03-08
6296,210,4,2024-03-08
2908,84,3,2024-03-08
9942,449,7,2024-03-08
4399,259,10,2024-03-08
7214,463,2,2024-03-08
5741,367,10,2024-03-08
5314,551,2,2024-03-08
3282,371,3,2024-03-09
9660,299,1,2024-03-09
5006,384,8,2024-03-09
6489,177,1,2024-03-09
9208,676,5,2024-03-09
4895,469,9,2024-03-09
5036,307,3,2024-03-10
289,62,10,2024-03-10
4854,815,2,2024-03-10
7333,14,2,2024-03-10
8079,165,1,2024-03-10
3790,759,2,2024-03-10
3144,68,5,2024-03-10
6048,191,3,2024-03-10
6279,603,1,2024-03-10
4445,157,7,2024-03-10
5841,903,5,2024-03-10
2110,643,5,2024-03-10
8088,501,2,2024-03-10
6370,673,10,2024-03-11
4803,104,2,2024-03-11
94,476,3,2024-03-11
5910,389,1,2024-03-11
4170,779,8,2024-03-11
9955,167,2,2024-03-12
4915,141,5,2024-03-12
5182,810,1,2024-03-12
5153,510,9,2024-03-12
3248,981,3,2024-03-13
5168,888,5,2024-03-13
466,627,5,2024-03-13
4818,978,1,2024-03-13
3254,779,6,2024-03-13
2212,132,9,2024-03-13
7587,937,3,2024-03-13
2952,538,9,2024-03-13
8501,983,5,2024-03-14
3216,834,5,2024-03-14
1886,289,9,2024-03-14
6909,791,7,2024-03-14
9986,154,1,2024-03-14
6206,439,2,2024-03-14
3448,396,5,2024-03-14
1281,782,9,2024-03-14
4669,852,6,2024-03-14
2355,273,2,2024-03-14
2308,148,3,2024-03-15
6261,434,2,2024-03-15
2404,959,4,2024-03-15
8300,472,7,2024-03-16
8709,24,7,2024-03-16
4538,406,3,2024-03-16
2416,54,2,2024-03-16
8366,784,4,2024-03-16
4114,275,7,2024-03-16
5852,506,7,2024-03-16
3356,128,3,2024-03-16
6469,832,1,2024-03-16
5289,398,7,2024-03-16
7395,206,5,2024-03-16
6302,245,7,2024-03-17
6047,332,6,2024-03-17
3126,400,2,2024-03-17
9907,153,2,2024-03-17
7828,766,3,2024-03-17
3830,956,3,2024-03-18
8420,859,2,2024-03-18
5936,76,6,2024-03-18
1654,348,1,2024-03-18
2154,83,2,2024-03-19
8432,643,4,2024-03-19
7154,689,2,2024-03-19
8695,507,2,2024-03-19
3852,44,9,2024-03-19
9161,256,7,2024-03-19
8816,703,7,2024-03-20
8007,938,9,2024-03-20
4670,24,7,2024-03-20
7477,153,3,2024-03-20
1667,277,2,2024-03-20
6520,777,7,2024-03-20
6649,754,3,2024-03-20
9481,310,1,2024-03-20
7322,915,10,2024-03-20
6799,561,7,2024-03-20
5056,114,6,2024-03-20
9032,786,9,2024-03-21
4296,718,3,2024-03-21
9686,644,5,2024-03-21
6702,286,7,2024-03-21
2158,296,2,2024-03-22
9313,922,2,2024-03-22
3026,954,9,2024-03-22
5711,385,8,2024-03-22
5726,779,1,2024-03-22
269,225,8,2024-03-22
3568,534,7,2024-03-23
2512,588,2,2024-03-23
8217,293,3,2024-03-23
2777,391,9,2024-03-24
6775,259,7,2024-03-24
4355,240,5,2024-03-24
3973,173,2,2024-03-24
2610,814,9,2024-03-24
2149,284,7,2024-03-24
1754,270,2,2024-03-25
4340,670,3,2024-03-25
8353,874,1,2024-03-25
5811,18,1,2024-03-25
4966,917,7,2024-03-25
7711,179,8,2024-03-26
533,514,2,2024-03-26
1431,424,7,2024-03-26
6511,941,5,2024-03-26
3042,973,1,2024-03-26
4751,414,7,2024-03-26
736,70,2,2024-03-27
1713,442,2,2024-03-27
8200,921,7,2024-03-27
6405,352,3,2024-03-27
8116,437,7,2024-03-27
9656,464,10,2024-03-27
9713,447,5,2024-03-27
9820,466,10,2024-03-28
4025,444,5,2024-03-28
4721,679,2,2024-03-28
1017,546,7,2024-03-28
8580,273,7,2024-03-28
8166,443,5,2024-03-29
9566,989,8,2024-03-29
3547,203,7,2024-03-29
5734,227,5,2024-03-29
7095,421,1,2024-03-29
5572,865,9,2024-03-29
6056,856,7,2024-03-29
14,348,5,2024-03-29
9188,665,2,2024-03-29
1596,25,7,2024-03-29
625,963,2,2024-03-30
6090,601,7,2024-03-30
6454,80,2,2024-03-30
1931,362,7,2024-03-31
6186,182,4,2024-03-31
8025,799,2,2024-03-31
2367,490,5,2024-03-31
9211,789,3,2024-03-31
2662,464,7,2024-03-31
1903,546,7,2024-03-31
2245,715,4,2024-03-31
123,786,2,2024-04-01
3780,371,2,2024-04-01
8311,119,2,2024-04-01
2715,827,1,2024-04-01
4632,610,3,2024-04-01
775,421,3,2024-04-01
2979,669,6,2024-04-01
1358,22,2,2024-04-01
4673,386,5,2024-04-01
6205,257,6,2024-04-02
8288,602,2,2024-04-02
692,112,3,2024-04-02
3746,327,7,2024-04-02
2462,346,5,2024-04-03
3003,722,3,2024-04-03
9236,582,8,2024-04-03
4384,12,7,2024-04-03
810,10,6,2024-04-03
6249,671,7,2024-04-03
1339,870,9,2024-04-03
8698,275,3,2024-04-04
1581,835,7,2024-04-04
3528,7,6,2024-04-04
9954,888,2,2024-04-04
9595,729,2,2024-04-04
6648,828,9,2024-04-04
7567,921,1,2024-04-04
7560,808,2,2024-04-05
8319,516,1,2024-04-05
9141,485,5,2024-04-05
7404,523,1,2024-04-05
6972,93,1,2024-04-05
3506,735,2,2024-04-05
9356,963,9,2024-04-05
8074,140,2,2024-04-05
6544,46,5,2024-04-05
2471,123,2,2024-04-05
2058,414,1,2024-04-05
8458,159,3,2024-04-05
2659,54,2,2024-04-05
5694,929,5,2024-04-06
9347,618,10,2024-04-06
273,30,6,2024-04-06
9499,178,2,2024-04-06
7660,781,2,2024-04-06
194,983,7,2024-04-06
6745,833,6,2024-04-06
8170,218,7,2024-04-06
742,201,1,2024-04-06
9050,147,6,2024-04-06
9101,729,6,2024-04-06
8409,436,7,2024-04-06
7844,912,7,2024-04-07
6400,323,2,2024-04-07
8563,955,2,2024-04-07
4455,583,6,2024-04-07
4683,823,2,2024-04-07
389,472,3,2024-04-07
218,853,9,2024-04-07
5258,896,7,2024-04-07
4615,646,5,2024-04-07
3166,671,6,2024-04-07
2969,597,2,2024-04-07
9977,697,6,2024-04-07
2519,80,7,2024-04-07
1909,236,1,2024-04-08
5045,570,2,2024-04-08
6626,9,4,2024-04-08
969,401,5,2024-04-08
3451,727,7,2024-04-08
4755,606,9,2024-04-08
6020,255,9,2024-04-08
2330,868,10,2024-04-09
8489,107,3,2024-04-09
9771,590,2,2024-04-09
650,109,2,2024-04-10
7470,13,2,2024-04-10
135,489,7,2024-04-10
179,412,2,2024-04-10
3858,854,6,2024-04-10
5315,532,3,2024-04-10
8996,24,2,2024-04-10
887,12,9,2024-04-11
4711,6,1,2024-04-11
6741,210,1,2024-04-11
3659,369,3,2024-04-11
7774,577,3,2024-04-11
5185,19,2,2024-04-11
8168,270,9,2024-04-11
2041,338,5,2024-04-11
1502,170,7,2024-04-12
7232,996,7,2024-04-12
6992,227,10,2024-04-12
6600,710,2,2024-04-12
1433,173,1,2024-04-12
8857,766,7,2024-04-12
2399,214,1,2024-04-12
4405,327,2,2024-04-12
5276,733,4,2024-04-12
7842,901,7,2024-04-12
7303,380,1,2024-04-12
9848,265,2,2024-04-12
8774,77,7,2024-04-13
2702,497,2,2024-04-13
5785,97,1,2024-04-13
1026,348,7,2024-04-14
1321,864,7,2024-04-14
4827,37,9,2024-04-14
8939,314,7,2024-04-14
7897,170,1,2024-04-14
5894,633,3,2024-04-14
1218,592,3,2024-04-14
9312,174,3,2024-04-14
9836,687,9,2024-04-15
678,728,4,2024-04-15
8087,240,5,2024-04-15
8944,525,9,2024-04-15
3331,129,5,2024-04-15
6800,690,5,2024-04-15
4205,170,3,2024-04-15
5954,71,5,2024-04-16
6325,563,2,2024-04-16
9205,88,4,2024-04-16
2881,470,4,2024-04-16
3711,746,6,2024-04-16
3157,733,5,2024-04-16
5674,238,2,2024-04-17
372,92,9,2024-04-17
6240,397,2,2024-04-17
4136,699,10,2024-04-17
373,941,8,2024-04-17
3496,678,2,2024-04-17
3592,718,1,2024-04-17
3214,641,7,2024-04-18
4770,744,8,2024-04-18
1306,349,7,2024-04-18
5454,372,2,2024-04-18
6725,79,2,2024-04-19
8588,623,9,2024-04-19
1081,502,2,2024-04-19
9029,601,8,2024-04-19
6313,874,9,2024-04-19
1680,858,1,2024-04-20
7987,670,4,2024-04-20
4583,358,7,2024-04-20
6050,678,2,2024-04-20
9476,892,6,2024-04-20
3023,283,1,2024-04-20
9004,80,9,2024-04-20
5931,452,8,2024-04-20
943,190,7,2024-04-21
1445,446,2,2024-04-21
6542,45,6,2024-04-21
1147,789,2,2024-04-21
9124,150,7,2024-04-21
7,721,7,2024-04-21
8216,193,2,2024-04-21
630,265,8,2024-04-22
1875,559,9,2024-04-22
4748,789,10,2024-04-22
7240,361,2,2024-04-22
2780,743,7,2024-04-22
4761,728,4,2024-04-22
2649,290,7,2024-04-22
3689,309,8,2024-04-23
2240,281,10,2024-04-23
4574,553,3,2024-04-23
9940,602,4,2024-04-23
6318,81,5,2024-04-23
6459,20,2,2024-04-23
6879,339,4,2024-04-23
7029,959,10,2024-04-24
1618,530,9,2024-04-24
7691,324,2,2024-04-24
3232,178,9,2024-04-24
380,572,3,2024-04-24
7010,907,2,2024-04-24
3039,450,9,2024-04-24
2311,129,10,2024-04-24
886,32,5,2024-04-24
1721,408,2,2024-04-24
4540,297,5,2024-04-25
4156,841,2,2024-04-25
3088,165,3,2024-04-25
6349,887,1,2024-04-25
4189,253,3,2024-04-25
8587,969,1,2024-04-25
2963,651,8,2024-04-25
3919,341,8,2024-04-25
2997,126,7,2024-04-25
5979,583,1,2024-04-25
828,804,7,2024-04-26
5438,966,5,2024-04-26
3481,362,9,2024-04-26
8497,579,1,2024-04-26
2572,677,1,2024-04-26
5692,785,6,2024-04-26
3070,655,9,2024-04-26
3455,558,7,2024-04-27
9173,145,2,2024-04-27
7872,827,3,2024-04-27
2998,212,5,2024-04-27
7679,573,6,2024-04-27
2414,224,7,2024-04-27
4200,806,9,2024-04-27
8429,506,8,2024-04-27
3367,721,1,2024-04-28
3857,331,7,2024-04-28
6485,460,7,2024-04-28
1191,774,1,2024-04-28
1774,628,9,2024-04-28
1304,737,2,2024-04-28
5634,654,10,2024-04-29
6131,638,1,2024-04-29
1796,400,1,2024-04-29
2771,161,6,2024-04-29
4175,561,6,2024-04-29
9811,114,5,2024-04-29
5359,794,9,2024-04-29
50,731,7,2024-04-29
7778,910,4,2024-04-30
2002,569,2,2024-04-30
2003,306,2,2024-04-30
8559,330,2,2024-04-30
1235,377,6,2024-04-30
894,589,5,2024-05-01
504,872,2,2024-05-01
1240,284,4,2024-05-02
3584,185,10,2024-05-02
6340,2,7,2024-05-02
7687,553,2,2024-05-02
728,76,2,2024-05-02
7928,143,2,2024-05-02
9305,125,3,2024-05-02
2004,957,7,2024-05-02
8549,74,4,2024-05-02
7096,905,10,2024-05-03
3763,128,10,2024-05-03
9014,393,7,2024-05-03
888,601,9,2024-05-04
6491,800,2,2024-05-04
4182,421,2,2024-05-04
3808,881,7,2024-05-04
9250,88,8,2024-05-04
174,608,3,2024-05-04
7084,215,1,2024-05-04
6135,176,7,2024-05-04
698,109,1,2024-05-05
1385,576,2,2024-05-05
8607,272,2,2024-05-05
6362,989,2,2024-05-05
6266,387,2,2024-05-05
7632,494,1,2024-05-05
1936,315,10,2024-05-05
5789,774,7,2024-05-05
6126,440,10,2024-05-05
9701,684,9,2024-05-05
2001,323,7,2024-05-06
4816,555,9,2024-05-06
5687,964,3,2024-05-06
770,780,6,2024-05-06
5897,7,5,2024-05-06
1100,733,2,2024-05-06
1210,223,1,2024-05-06
1399,843,7,2024-05-07
1305,721,5,2024-05-07
6254,833,7,2024-05-07
2375,824,2,2024-05-07
4332,131,9,2024-05-07
1387,462,2,2024-05-07
9000,629,2,2024-05-07
8930,768,4,2024-05-07
2498,445,1,2024-05-07
6850,5,6,2024-05-08
9017,635,1,2024-05-08
7381,472,3,2024-05-08
591,605,4,2024-05-08
5622,777,10,2024-05-08
1123,300,8,2024-05-08
4143,401,8,2024-05-08
2920,146,5,2024-05-08
9007,238,9,2024-05-08
7173,903,3,2024-05-09
3119,579,7,2024-05-09
4474,400,1,2024-05-09
890,862,2,2024-05-09
9451,730,5,2024-05-10
2402,66,7,2024-05-10
6691,561,3,2024-05-10
7663,706,7,2024-05-10
3699,769,9,2024-05-10
5151,159,2,2024-05-10
8794,612,10,2024-05-10
1716,668,5,2024-05-10
165,15,7,2024-05-11
8298,859,6,2024-05-11
8421,451,2,2024-05-11
51,106,7,2024-05-11
5576,214,3,2024-05-11
486,813,5,2024-05-11
1807,859,10,2024-05-11
5984,875,4,2024-05-11
8444,398,2,2024-05-11
9267,450,2,2024-05-11
3301,423,5,2024-05-12
2560,136,9,2024-05-12
9883,997,5,2024-05-12
737,545,4,2024-05-12
2970,478,5,2024-05-12
4947,658,7,2024-05-12
7986,742,2,2024-05-13
3084,941,8,2024-05-13
506,355,5,2024-05-13
901,144,7,2024-05-13
3856,589,1,2024-05-13
2259,160,2,2024-05-13
8412,137,10,2024-05-13
2362,503,3,2024-05-13
480,594,1,2024-05-13
6044,74,2,2024-05-13
7609,805,1,2024-05-13
7604,757,5,2024-05-14
4414,75,4,2024-05-14
6360,295,3,2024-05-14
6343,342,2,2024-05-14
2197,76,1,2024-05-14
9184,734,2,2024-05-14
3738,512,7,2024-05-14
4320,125,9,2024-05-14
4633,873,1,2024-05-14
4020,912,10,2024-05-14
8006,909,5,2024-05-14
6704,254,2,2024-05-15
7296,338,1,2024-05-15
3848,555,5,2024-05-15
8403,573,5,2024-05-15
3635,512,1,2024-05-15
6399,82,9,2024-05-15
6218,883,7,2024-05-15
3573,409,5,2024-05-15
9422,765,1,2024-05-15
9130,531,2,2024-05-15
6057,535,10,2024-05-15
6304,416,9,2024-05-16
4585,11,6,2024-05-16
2264,352,5,2024-05-16
6663,70,9,2024-05-16
9086,647,5,2024-05-16
658,483,2,2024-05-16
7544,862,5,2024-05-16
5137,267,5,2024-05-16
3765,901,3,2024-05-16
9997,996,7,2024-05-17
9166,707,2,2024-05-17
7939,270,3,2024-05-17
5797,318,8,2024-05-17
436,229,9,2024-05-17
5516,530,7,2024-05-17
8342,751,3,2024-05-17
9985,385,9,2024-05-17
1828,2,9,2024-05-17
4652,371,7,2024-05-17
9709,836,7,2024-05-17
854,759,9,2024-05-18
7788,64,1,2024-05-18
1576,626,2,2024-05-18
3159,346,10,2024-05-18
4502,592,2,2024-05-19
6342,640,8,2024-05-19
7036,569,1,2024-05-19
960,382,1,2024-05-19
3034,500,1,2024-05-20
7772,576,6,2024-05-20
6073,120,9,2024-05-20
680,762,5,2024-05-20
6219,432,1,2024-05-20
1816,320,9,2024-05-20
4873,553,1,2024-05-20
4017,26,7,2024-05-21
4396,185,3,2024-05-21
3172,734,1,2024-05-21
9685,743,1,2024-05-21
598,591,4,2024-05-21
7297,611,2,2024-05-21
5904,604,7,2024-05-22
3494,592,4,2024-05-22
7021,45,2,2024-05-22
4845,589,7,2024-05-22
5118,772,7,2024-05-22
1532,597,6,2024-05-22
1942,339,10,2024-05-22
2926,769,7,2024-05-23
65,21,5,2024-05-23
8048,985,6,2024-05-23
9831,738,2,2024-05-23
9530,31,7,2024-05-23
7903,313,10,2024-05-23
82,423,8,2024-05-23
3183,298,2,2024-05-23
5807,818,2,2024-05-23
3633,438,7,2024-05-23
2100,692,9,2024-05-24
2018,74,3,2024-05-24
3434,346,6,2024-05-24
9066,113,1,2024-05-24
6794,782,7,2024-05-24
7777,987,2,2024-05-25
41,436,10,2024-05-25
6034,902,5,2024-05-25
7235,918,8,2024-05-25
2339,570,2,2024-05-25
5502,447,6,2024-05-26
4532,780,1,2024-05-26
608,279,1,2024-05-26
2466,96,5,2024-05-26
7080,788,2,2024-05-26
8351,788,1,2024-05-26
1756,356,5,2024-05-26
2125,784,1,2024-05-27
1474,926,3,2024-05-27
9123,718,10,2024-05-27
8972,676,2,2024-05-27
9409,353,5,2024-05-27
1689,168,9,2024-05-27
8082,462,3,2024-05-27
7100,960,2,2024-05-28
9584,207,10,2024-05-28
6709,921,7,2024-05-28
6747,275,7,2024-05-28
7166,10,2,2024-05-28
793,698,2,2024-05-28
7760,582,5,2024-05-28
6283,501,5,2024-05-28
6384,388,3,2024-05-28
1769,116,4,2024-05-29
7027,414,8,2024-05-29
3295,98,3,2024-05-30
7964,405,2,2024-05-30
5067,423,2,2024-05-30
823,556,9,2024-05-30
6848,772,7,2024-05-30
1271,152,7,2024-05-30
2033,150,2,2024-05-30
9426,640,3,2024-05-30
2723,455,6,2024-05-30
4580,96,1,2024-05-31
7171,874,7,2024-05-31
3885,478,6,2024-05-31
2115,78,1,2024-05-31
3918,107,2,2024-05-31
2935,322,7,2024-05-31
8265,742,3,2024-05-31
8419,143,5,2024-05-31
4022,313,5,2024-06-01
4912,734,7,2024-06-01
876,356,3,2024-06-01
4126,796,10,2024-06-01
2910,942,7,2024-06-01
7884,284,3,2024-06-01
9471,17,9,2024-06-01
5794,513,9,2024-06-02
8472,700,9,2024-06-02
8725,453,3,2024-06-02
124,898,9,2024-06-03
2502,625,1,2024-06-03
2083,512,3,2024-06-03
6418,675,9,2024-06-03
1398,285,7,2024-06-03
3799,63,1,2024-06-03
4861,461,9,2024-06-03
3607,38,2,2024-06-03
9784,234,3,2024-06-03
2569,717,7,2024-06-04
6812,108,3,2024-06-04
4541,388,5,2024-06-04
671,349,8,2024-06-04
7222,366,2,2024-06-04
5459,115,5,2024-06-04
9775,101,10,2024-06-04
2904,336,2,2024-06-05
3168,964,3,2024-06-05
1080,96,7,2024-06-05
531,164,7,2024-06-05
5876,784,4,2024-06-05
62,920,8,2024-06-05
4180,285,5,2024-06-06
1995,656,3,2024-06-06
2634,459,10,2024-06-06
1310,110,2,2024-06-06
7910,460,7,2024-06-06
9538,711,1,2024-06-06
2953,162,10,2024-06-06
3774,22,1,2024-06-06
2581,930,6,2024-06-07
1726,754,9,2024-06-07
6060,833,2,2024-06-07
6716,133,6,2024-06-07
9132,737,2,2024-06-07
9155,879,5,2024-06-07
6092,630,10,2024-06-07
9011,475,7,2024-06-08
6331,366,7,2024-06-08
4956,87,1,2024-06-08
8218,508,5,2024-06-09
9308,947,2,2024-06-09
5724,230,2,2024-06-09
307,272,9,2024-06-09
5512,164,1,2024-06-09
7045,277,5,2024-06-09
5500,721,7,2024-06-09
7733,232,3,2024-06-09
1812,548,9,2024-06-09
2370,173,5,2024-06-09
490,393,5,2024-06-10
9629,785,3,2024-06-10
5859,862,6,2024-06-10
6641,760,6,2024-06-10
5305,255,1,2024-06-10
455,4,1,2024-06-10
3614,236,9,2024-06-10
4371,961,7,2024-06-10
8508,268,8,2024-06-10
8864,598,7,2024-06-11
1996,396,3,2024-06-11
3362,175,7,2024-06-11
6627,968,3,2024-06-11
3060,219,5,2024-06-11
6427,888,2,2024-06-11
3543,978,5,2024-06-11
3683,859,6,2024-06-12
2791,601,3,2024-06-12
2126,65,3,2024-06-12
2591,426,1,2024-06-12
2097,229,3,2024-06-12
814,574,8,2024-06-13
8865,450,1,2024-06-13
6837,20,9,2024-06-13
9959,277,6,2024-06-13
1987,122,6,2024-06-13
1148,882,3,2024-06-14
867,243,10,2024-06-14
8358,104,1,2024-06-14
3096,324,7,2024-06-14
3170,583,9,2024-06-14
1267,930,7,2024-06-14
20,57,9,2024-06-14
8983,624,2,2024-06-15
9579,336,2,2024-06-15
5486,123,1,2024-06-15
8854,675,3,2024-06-15
3713,757,2,2024-06-15
1505,449,3,2024-06-15
1520,533,7,2024-06-15
660,417,5,2024-06-15
2181,578,1,2024-06-16
1365,764,7,2024-06-16
1276,382,2,2024-06-16
9142,805,2,2024-06-16
9962,564,1,2024-06-16
4059,834,2,2024-06-16
8448,219,8,2024-06-16
1196,150,4,2024-06-16
5530,815,3,2024-06-16
1059,713,10,2024-06-17
4209,453,2,2024-06-18
6327,699,3,2024-06-18
7615,980,1,2024-06-18
7361,969,1,2024-06-18
7060,461,9,2024-06-18
1525,129,2,2024-06-19
4737,248,7,2024-06-19
3171,587,7,2024-06-19
5267,423,9,2024-06-19
9594,480,3,2024-06-19
8707,625,1,2024-06-19
4539,413,9,2024-06-19
9971,705,7,2024-06-19
8176,161,1,2024-06-20
8763,825,4,2024-06-20
8841,803,2,2024-06-20
899,756,5,2024-06-20
4439,32,9,2024-06-20
3965,427,6,2024-06-21
7699,631,7,2024-06-21
4980,377,10,2024-06-21
5149,571,8,2024-06-21
7603,168,7,2024-06-21
5470,467,7,2024-06-21
3432,690,5,2024-06-22
7035,149,3,2024-06-22
941,454,3,2024-06-22
4691,913,1,2024-06-22
5435,631,8,2024-06-22
3507,918,3,2024-06-22
3377,926,2,2024-06-23
4413,951,1,2024-06-23
1173,100,8,2024-06-23
9631,902,3,2024-06-23
8880,505,1,2024-06-23
508,31,1,2024-06-23
4254,843,9,2024-06-23
4920,312,2,2024-06-23
6213,132,2,2024-06-23
1138,88,3,2024-06-24
4282,292,1,2024-06-24
4429,852,1,2024-06-24
2826,203,2,2024-06-24
16,563,2,2024-06-24
5183,935,6,2024-06-25
7507,931,5,2024-06-25
1254,368,5,2024-06-25
6969,375,2,2024-06-26
3030,796,10,2024-06-26
450,569,7,2024-06-26
1590,523,1,2024-06-26
6481,624,5,2024-06-26
8956,921,7,2024-06-27
5635,53,9,2024-06-27
7631,849,5,2024-06-27
8339,701,10,2024-06-28
3866,862,7,2024-06-28
5614,45,9,2024-06-28
7677,809,3,2024-06-29
3237,81,5,2024-06-29
8425,645,7,2024-06-29
4757,953,5,2024-06-29
6390,205,6,2024-06-29
3185,666,6,2024-06-29
4195,667,3,2024-06-29
3511,736,5,2024-06-29
5175,958,4,2024-06-30
2291,630,10,2024-06-30
4786,589,2,2024-06-30
1357,791,1,2024-06-30
9430,23,3,2024-06-30
7929,4,6,2024-06-30
3966,954,1,2024-07-01
9600,982,3,2024-07-01
971,706,9,2024-07-02
6868,764,1,2024-07-02
9156,576,2,2024-07-02
7623,787,6,2024-07-03
6757,925,7,2024-07-03
6767,355,10,2024-07-04
4934,615,7,2024-07-05
1732,379,5,2024-07-05
5017,496,9,2024-07-05
1312,72,2,2024-07-05
8797,724,7,2024-07-05
7386,717,4,2024-07-06
8808,97,7,2024-07-06
4367,833,4,2024-07-06
959,646,7,2024-07-06
2574,504,9,2024-07-06
146,561,5,2024-07-06
5156,995,1,2024-07-06
6190,215,9,2024-07-07
8742,281,5,2024-07-07
5106,177,3,2024-07-07
9515,479,9,2024-07-07
5592,939,6,2024-07-07
7298,431,9,2024-07-07
3505,813,9,2024-07-08
5138,264,7,2024-07-08
7058,756,4,2024-07-08
4473,46,9,2024-07-08
6695,866,10,2024-07-08
3359,228,10,2024-07-08
616,991,1,2024-07-09
1414,98,3,2024-07-09
2428,207,2,2024-07-09
1172,988,1,2024-07-09
477,236,3,2024-07-10
5708,179,9,2024-07-10
3046,811,2,2024-07-10
9414,459,3,2024-07-11
8493,376,7,2024-07-11
1509,505,9,2024-07-12
4925,761,1,2024-07-12
9773,8,9,2024-07-13
3291,772,7,2024-07-13
2731,429,9,2024-07-13
5529,979,7,2024-07-14
1586,728,1,2024-07-14
1693,941,7,2024-07-15
2693,408,7,2024-07-15
7575,584,7,2024-07-15
5501,205,2,2024-07-15
1804,482,10,2024-07-15
2373,916,9,2024-07-15
9260,363,6,2024-07-16
2412,131,3,2024-07-17
5303,94,9,2024-07-17
1444,881,9,2024-07-17
1311,831,5,2024-07-17
1749,331,7,2024-07-17
5166,306,2,2024-07-17
40,366,9,2024-07-17
8801,260,9,2024-07-17
1997,814,1,2024-07-17
604,836,9,2024-07-17
923,415,2,2024-07-18
5203,159,1,2024-07-18
2403,706,4,2024-07-18
1264,771,2,2024-07-18
4714,12,8,2024-07-19
9487,997,1,2024-07-19
9432,18,7,2024-07-19
177,278,2,2024-07-19
3199,834,3,2024-07-20
38,586,3,2024-07-20
5786,580,1,2024-07-20
9366,403,3,2024-07-20
2426,113,7,2024-07-20
559,141,5,2024-07-20
6480,909,2,2024-07-20
8269,68,7,2024-07-20
1129,666,6,2024-07-20
6654,128,3,2024-07-21
1447,563,7,2024-07-22
3176,331,1,2024-07-23
4677,249,3,2024-07-23
7551,247,6,2024-07-23
6677,115,1,2024-07-23
2438,731,1,2024-07-23
5758,858,3,2024-07-24
549,414,6,2024-07-24
2172,733,7,2024-07-24
4424,749,5,2024-07-25
1481,211,6,2024-07-25
1158,368,6,2024-07-25
8534,993,5,2024-07-25
7867,684,7,2024-07-25
8202,12,6,2024-07-25
9547,42,3,2024-07-27
1037,227,2,2024-07-27
3025,453,10,2024-07-28
5254,317,2,2024-07-28
609,299,3,2024-07-28
9040,293,7,2024-07-28
6552,768,10,2024-07-28
2550,589,2,2024-07-28
6911,101,4,2024-07-28
6928,835,5,2024-07-28
7993,411,3,2024-07-29
3386,628,3,2024-07-29
4889,19,1,2024-07-29
4868,107,2,2024-07-30
4808,263,2,2024-07-30
9913,58,2,2024-07-30
6108,870,3,2024-07-30
6097,887,1,2024-07-30
9994,721,2,2024-07-30
7849,939,7,2024-07-31
336,59,4,2024-07-31
7321,287,1,2024-07-31
7675,838,7,2024-07-31
9396,947,4,2024-07-31
6227,306,1,2024-08-01
777,782,9,2024-08-01
5357,132,9,2024-08-01
6110,265,5,2024-08-01
6498,538,7,2024-08-01
4536,908,5,2024-08-02
2066,879,2,2024-08-02
7550,544,2,2024-08-02
7032,174,3,2024-08-03
1216,779,2,2024-08-03
7671,159,7,2024-08-03
7669,461,5,2024-08-04
5223,275,9,2024-08-04
3361,715,3,2024-08-04
3915,297,5,2024-08-04
1351,285,7,2024-08-04
8583,916,8,2024-08-04
3595,697,7,2024-08-05
6719,220,8,2024-08-05
2338,339,5,2024-08-05
5527,314,5,2024-08-05
7359,999,7,2024-08-06
3509,982,3,2024-08-06
9373,847,4,2024-08-06
9847,968,9,2024-08-06
6223,617,7,2024-08-06
2157,369,7,2024-08-06
3210,40,1,2024-08-07
3478,872,3,2024-08-07
5003,313,5,2024-08-08
3792,33,10,2024-08-08
257,107,6,2024-08-08
4040,475,2,2024-08-08
1221,137,2,2024-08-08
5353,578,2,2024-08-08
1998,997,2,2024-08-09
5490,234,7,2024-08-09
885,158,3,2024-08-09
1684,442,2,2024-08-09
3803,766,7,2024-08-09
2921,651,7,2024-08-10
9830,761,9,2024-08-10
6093,336,1,2024-08-10
5005,631,9,2024-08-10
1044,175,3,2024-08-11
8414,300,3,2024-08-12
1096,639,5,2024-08-12
1226,643,9,2024-08-12
6178,129,3,2024-08-12
6685,647,5,2024-08-13
9824,753,5,2024-08-13
1849,946,1,2024-08-13
7416,941,3,2024-08-13
561,382,9,2024-08-13
4241,137,7,2024-08-14
1436,256,3,2024-08-14
6814,945,1,2024-08-14
5469,495,3,2024-08-14
5095,190,3,2024-08-14
5420,964,10,2024-08-14
763,492,6,2024-08-14
7023,64,7,2024-08-15
6569,240,2,2024-08-15
7717,485,7,2024-08-15
5791,220,7,2024-08-15
8195,749,2,2024-08-15
3453,311,8,2024-08-16
8234,449,1,2024-08-16
9727,934,1,2024-08-16
2996,914,8,2024-08-17
5304,761,2,2024-08-17
6632,323,9,2024-08-17
8391,99,10,2024-08-17
8240,300,2,2024-08-17
405,570,7,2024-08-18
1914,828,1,2024-08-18
751,253,9,2024-08-18
9137,636,6,2024-08-18
3576,144,7,2024-08-18
7883,519,7,2024-08-18
3932,83,5,2024-08-19
2559,843,1,2024-08-19
4019,575,5,2024-08-19
903,311,9,2024-08-19
8505,632,6,2024-08-20
5545,546,10,2024-08-20
1465,558,5,2024-08-20
9281,639,7,2024-08-20
3225,906,5,2024-08-20
7921,595,3,2024-08-21
4782,370,3,2024-08-21
4000,962,1,2024-08-21
3064,421,1,2024-08-22
7376,61,2,2024-08-22
5225,489,7,2024-08-23
1806,166,5,2024-08-23
8059,25,7,2024-08-23
2028,318,1,2024-08-23
8095,24,8,2024-08-23
7559,922,7,2024-08-23
175,814,2,2024-08-23
7930,363,1,2024-08-23
494,562,6,2024-08-23
5369,182,2,2024-08-24
9613,592,5,2024-08-24
7237,419,7,2024-08-24
8284,616,3,2024-08-24
5939,159,8,2024-08-25
5449,690,5,2024-08-25
2388,716,3,2024-08-25
2413,760,1,2024-08-25
7078,602,6,2024-08-25
6605,783,5,2024-08-25
1452,751,2,2024-08-26
138,545,7,2024-08-26
9360,920,4,2024-08-27
7900,159,3,2024-08-28
9835,417,9,2024-08-28
6536,307,1,2024-08-28
5260,165,2,2024-08-29
5658,574,5,2024-08-29
8033,84,10,2024-08-29
8222,40,3,2024-08-29
8937,194,9,2024-08-30
6528,63,10,2024-08-30
6441,850,7,2024-08-31
9002,760,6,2024-08-31
1035,53,2,2024-08-31
3101,864,1,2024-08-31
2253,98,5,2024-08-31
9735,974,5,2024-08-31
5704,352,7,2024-09-01
4133,296,5,2024-09-01
56,523,6,2024-09-01
258,694,1,2024-09-01
8387,999,7,2024-09-01
2586,706,7,2024-09-01
8481,243,3,2024-09-01
2434,572,10,2024-09-01
352,45,9,2024-09-01
3523,747,5,2024-09-01
6440,119,7,2024-09-02
7350,7,7,2024-09-02
642,83,10,2024-09-02
8072,410,3,2024-09-02
7365,398,9,2024-09-02
1917,495,9,2024-09-02
4586,933,1,2024-09-02
7529,654,1,2024-09-02
7207,24,7,2024-09-03
7401,817,7,2024-09-03
7577,373,1,2024-09-03
5738,690,7,2024-09-03
8231,513,6,2024-09-03
2747,134,7,2024-09-03
2087,695,3,2024-09-03
6411,309,7,2024-09-03
142,503,6,2024-09-03
6408,27,2,2024-09-03
1250,388,2,2024-09-03
7537,843,6,2024-09-04
1887,794,5,2024-09-04
3272,715,5,2024-09-04
7229,998,3,2024-09-04
3876,641,6,2024-09-04
9852,574,7,2024-09-04
6046,678,7,2024-09-04
1031,996,2,2024-09-04
2226,394,1,2024-09-04
9972,160,9,2024-09-04
6824,122,2,2024-09-04
396,107,1,2024-09-05
5159,832,10,2024-09-05
8668,411,2,2024-09-05
9522,58,1,2024-09-05
4222,239,7,2024-09-05
6698,244,2,2024-09-05
8065,790,1,2024-09-06
6847,943,7,2024-09-06
8061,18,3,2024-09-06
399,803,2,2024-09-06
7522,543,1,2024-09-06
7785,524,5,2024-09-06
2292,263,2,2024-09-06
8673,374,9,2024-09-06
1757,515,4,2024-09-06
1832,723,2,2024-09-06
606,634,7,2024-09-06
5946,653,2,2024-09-06
6167,852,10,2024-09-06
136,949,2,2024-09-06
6516,780,1,2024-09-06
9649,352,2,2024-09-07
2842,450,2,2024-09-07
3429,932,3,2024-09-07
8094,956,2,2024-09-07
7962,623,1,2024-09-07
5560,529,1,2024-09-07
6374,319,9,2024-09-07
1088,194,2,2024-09-08
2379,489,2,2024-09-08
1704,929,7,2024-09-08
9028,255,9,2024-09-08
8467,116,5,2024-09-08
7002,465,5,2024-09-08
9504,211,8,2024-09-08
7098,9,3,2024-09-09
2282,555,7,2024-09-09
2940,628,2,2024-09-09
3158,156,3,2024-09-09
5751,827,7,2024-09-09
9896,111,5,2024-09-09
1110,210,2,2024-09-09
7935,715,7,2024-09-10
5856,926,7,2024-09-10
9892,755,4,2024-09-10
8108,95,2,2024-09-10
9218,265,3,2024-09-10
6871,5,1,2024-09-10
4662,344,1,2024-09-10
1608,953,8,2024-09-10
5637,40,2,2024-09-11
3002,804,2,2024-09-11
9087,766,5,2024-09-11
2208,499,3,2024-09-11
6140,990,6,2024-09-11
2650,245,7,2024-09-11
6019,85,8,2024-09-11
1360,677,2,2024-09-11
5733,96,2,2024-09-11
3113,699,1,2024-09-11
3140,733,7,2024-09-12
106,146,7,2024-09-12
6102,397,1,2024-09-12
7857,676,1,2024-09-12
7199,794,10,2024-09-12
4549,96,7,2024-09-12
10,261,7,2024-09-13
4566,24,5,2024-09-13
4462,521,7,2024-09-13
7286,658,2,2024-09-13
1518,840,3,2024-09-13
2405,204,2,2024-09-13
9503,122,5,2024-09-13
7338,665,7,2024-09-13
2547,887,2,2024-09-13
3118,387,1,2024-09-13
2824,891,2,2024-09-13
7904,115,5,2024-09-13
4619,96,7,2024-09-14
693,783,3,2024-09-14
2023,955,7,2024-09-14
3645,150,5,2024-09-14
1132,634,7,2024-09-14
1323,449,2,2024-09-14
5849,792,2,2024-09-14
5902,389,2,2024-09-14
5641,208,2,2024-09-15
1092,173,1,2024-09-15
9777,386,5,2024-09-15
6803,417,5,2024-09-15
6642,888,2,2024-09-15
3443,960,10,2024-09-16
8704,231,4,2024-09-16
8828,760,3,2024-09-16
5968,627,7,2024-09-16
5970,987,5,2024-09-16
1611,340,1,2024-09-16
5013,261,1,2024-09-16
2851,997,5,2024-09-16
3438,25,1,2024-09-16
8548,212,9,2024-09-16
9428,666,3,2024-09-16
3977,753,8,2024-09-16
2793,730,7,2024-09-17
896,940,6,2024-09-17
3268,530,9,2024-09-17
8901,80,1,2024-09-17
8782,100,2,2024-09-17
4771,936,2,2024-09-17
4573,78,1,2024-09-17
1652,35,1,2024-09-17
2455,733,7,2024-09-17
1847,664,10,2024-09-17
745,135,7,2024-09-17
2890,593,5,2024-09-17
3454,492,2,2024-09-18
488,680,9,2024-09-18
8875,129,2,2024-09-18
2365,10,5,2024-09-18
7410,864,4,2024-09-18
3518,485,3,2024-09-18
3441,387,3,2024-09-18
2313,469,1,2024-09-18
3569,883,4,2024-09-18
2603,703,6,2024-09-18
4324,464,3,2024-09-18
7005,179,1,2024-09-19
8850,774,1,2024-09-19
8871,902,8,2024-09-19
9162,996,7,2024-09-19
5929,450,2,2024-09-19
5648,245,3,2024-09-19
1084,115,1,2024-09-19
857,398,8,2024-09-20
1665,910,2,2024-09-20
5892,195,2,2024-09-20
4964,801,5,2024-09-20
2689,614,1,2024-09-20
9177,621,1,2024-09-20
1614,366,7,2024-09-20
6157,844,1,2024-09-20
8290,625,2,2024-09-20
2622,74,9,2024-09-20
528,239,9,2024-09-20
90,823,2,2024-09-20
7800,387,9,2024-09-20
3530,490,6,2024-09-21
743,533,4,2024-09-21
8642,28,7,2024-09-21
669,371,4,2024-09-21
4834,436,7,2024-09-21
1845,147,3,2024-09-21
4829,755,6,2024-09-21
8,139,4,2024-09-21
9294,385,2,2024-09-21
4598,613,1,2024-09-21
8899,740,9,2024-09-21
9387,707,1,2024-09-21
5011,228,9,2024-09-21
9524,446,1,2024-09-21
1670,129,10,2024-09-21
2073,756,10,2024-09-22
9724,635,1,2024-09-22
5351,897,9,2024-09-22
414,268,8,2024-09-22
7732,742,2,2024-09-22
412,438,4,2024-09-22
1376,333,8,2024-09-22
9609,471,6,2024-09-23
1478,108,2,2024-09-23
2677,950,3,2024-09-23
5535,916,7,2024-09-23
1642,681,2,2024-09-23
8719,329,5,2024-09-23
8600,347,2,2024-09-23
6212,649,3,2024-09-23
5642,594,2,2024-09-24
1354,152,7,2024-09-24
5158,223,9,2024-09-24
6191,858,8,2024-09-24
6127,813,2,2024-09-24
6662,408,9,2024-09-24
8070,293,2,2024-09-24
1127,738,5,2024-09-24
1591,50,7,2024-09-24
3678,503,2,2024-09-24
3588,874,1,2024-09-24
1327,320,1,2024-09-24
9202,870,7,2024-09-25
9319,427,7,2024-09-25
7838,944,3,2024-09-25
7655,503,7,2024-09-25
5023,349,9,2024-09-25
2166,532,5,2024-09-25
8076,48,2,2024-09-25
8410,317,2,2024-09-25
8349,490,9,2024-09-25
7817,345,1,2024-09-25
1309,67,2,2024-09-25
5793,969,7,2024-09-25
9247,166,2,2024-09-25
5714,317,7,2024-09-26
5442,970,1,2024-09-26
2524,153,9,2024-09-26
7731,897,1,2024-09-26
9781,262,3,2024-09-26
5132,379,9,2024-09-26
3685,282,3,2024-09-26
5441,935,1,2024-09-27
3946,382,3,2024-09-27
8238,953,2,2024-09-27
6310,604,8,2024-09-27
6336,732,8,2024-09-27
3286,909,3,2024-09-27
1785,651,4,2024-09-27
968,312,9,2024-09-27
2407,388,4,2024-09-27
2144,744,2,2024-09-27
2273,956,3,2024-09-27
4963,968,4,2024-09-27
5628,870,5,2024-09-27
5161,74,9,2024-09-28
984,579,1,2024-09-28
1651,903,1,2024-09-28
2825,679,7,2024-09-28
1662,148,7,2024-09-28
6900,640,1,2024-09-28
4382,224,2,2024-09-28
5301,54,5,2024-09-28
9909,585,10,2024-09-28
6096,915,10,2024-09-28
2334,518,7,2024-09-28
2107,640,1,2024-09-29
8466,332,8,2024-09-29
4223,644,9,2024-09-29
353,892,9,2024-09-29
4452,683,7,2024-09-29
5299,763,8,2024-09-30
2909,351,9,2024-09-30
5835,34,9,2024-09-30
1787,763,2,2024-09-30
7824,815,9,2024-09-30
4165,69,8,2024-09-30
8135,534,3,2024-09-30
2015,435,5,2024-09-30
8145,30,7,2024-09-30
7998,899,3,2024-09-30
9136,418,7,2024-09-30
9856,192,4,2024-10-01
9917,233,10,2024-10-01
3204,98,1,2024-10-01
8884,519,8,2024-10-01
9109,642,2,2024-10-01
5280,31,7,2024-10-01
5053,500,2,2024-10-01
5884,103,1,2024-10-01
443,794,6,2024-10-02
9030,875,2,2024-10-02
6209,946,7,2024-10-02
5547,33,10,2024-10-02
7262,245,2,2024-10-02
756,130,10,2024-10-02
9568,886,8,2024-10-02
7874,302,3,2024-10-03
1030,400,1,2024-10-03
2347,388,9,2024-10-03
2163,960,7,2024-10-03
1855,633,1,2024-10-03
4878,789,5,2024-10-03
5200,276,2,2024-10-03
6572,532,8,2024-10-03
6490,417,9,2024-10-03
6444,623,10,2024-10-04
4293,408,5,2024-10-04
623,799,4,2024-10-04
1604,454,5,2024-10-04
3221,554,2,2024-10-04
8198,363,2,2024-10-04
3115,857,1,2024-10-04
454,347,1,2024-10-05
306,244,6,2024-10-05
3611,77,2,2024-10-05
7186,543,10,2024-10-05
6078,704,7,2024-10-05
7566,173,9,2024-10-06
8423,489,9,2024-10-06
4527,216,5,2024-10-06
636,383,6,2024-10-06
9321,623,1,2024-10-07
4914,903,10,2024-10-07
1906,25,2,2024-10-07
2265,322,3,2024-10-07
3016,159,7,2024-10-07
8539,152,2,2024-10-07
3014,165,9,2024-10-07
474,918,10,2024-10-07
2653,823,2,2024-10-07
2678,551,9,2024-10-07
233,19,2,2024-10-07
2187,537,3,2024-10-08
6134,193,5,2024-10-08
3560,855,7,2024-10-08
7934,299,2,2024-10-08
8374,654,9,2024-10-08
2930,932,1,2024-10-08
156,143,10,2024-10-08
3229,756,5,2024-10-09
6402,972,5,2024-10-09
2038,775,7,2024-10-09
7833,903,2,2024-10-09
5240,756,7,2024-10-10
7665,268,3,2024-10-10
4709,397,2,2024-10-10
2450,146,4,2024-10-10
2490,477,3,2024-10-10
354,6,4,2024-10-10
7861,369,2,2024-10-10
7415,672,2,2024-10-10
3459,460,5,2024-10-10
3791,69,5,2024-10-11
6858,537,8,2024-10-11
8852,924,2,2024-10-11
6487,635,4,2024-10-11
9562,15,1,2024-10-11
7673,844,9,2024-10-11
4071,498,7,2024-10-11
3758,510,2,2024-10-12
2275,174,2,2024-10-12
309,115,2,2024-10-12
829,21,3,2024-10-12
4163,424,5,2024-10-12
2451,584,2,2024-10-12
4146,17,1,2024-10-13
7584,776,2,2024-10-13
295,449,2,2024-10-13
8289,212,1,2024-10-13
6017,124,6,2024-10-13
1151,371,4,2024-10-13
4033,337,7,2024-10-14
1348,876,1,2024-10-14
982,222,9,2024-10-14
1745,705,3,2024-10-14
3398,714,5,2024-10-14
9460,393,9,2024-10-15
7545,457,6,2024-10-15
3775,818,2,2024-10-15
5850,613,2,2024-10-15
6566,235,2,2024-10-15
5136,764,2,2024-10-15
1825,455,5,2024-10-15
1145,112,9,2024-10-15
9943,975,3,2024-10-16
37,372,8,2024-10-16
8791,107,2,2024-10-16
895,883,6,2024-10-16
4666,858,7,2024-10-16
3094,995,5,2024-10-16
1723,83,7,2024-10-16
2257,911,2,2024-10-16
8221,42,2,2024-10-16
9706,621,5,2024-10-17
916,704,8,2024-10-17
3355,460,1,2024-10-17
8815,390,2,2024-10-17
6164,911,5,2024-10-17
8337,646,7,2024-10-17
7253,841,10,2024-10-17
6623,635,7,2024-10-17
1355,35,5,2024-10-17
315,571,7,2024-10-17
1932,465,7,2024-10-17
2864,763,1,2024-10-18
1719,106,2,2024-10-18
5867,750,7,2024-10-18
3747,596,4,2024-10-18
2274,776,2,2024-10-18
5188,503,2,2024-10-18
3869,869,7,2024-10-18
3375,866,7,2024-10-18
4057,870,5,2024-10-18
6908,519,7,2024-10-19
8131,458,6,2024-10-19
5126,236,1,2024-10-19
6721,891,1,2024-10-19
3815,278,10,2024-10-19
4948,664,3,2024-10-19
473,36,1,2024-10-19
834,475,7,2024-10-19
9805,58,5,2024-10-20
3262,111,3,2024-10-20
6423,490,8,2024-10-20
7638,411,3,2024-10-20
7119,940,6,2024-10-20
4638,620,7,2024-10-20
6577,498,9,2024-10-21
838,860,2,2024-10-21
2500,705,7,2024-10-21
9982,149,8,2024-10-21
6104,318,2,2024-10-21
2000,806,5,2024-10-21
3840,564,2,2024-10-21
8362,931,7,2024-10-21
6635,450,7,2024-10-22
6504,904,1,2024-10-22
5084,175,10,2024-10-22
871,772,9,2024-10-22
9179,214,5,2024-10-22
5312,187,3,2024-10-22
382,954,1,2024-10-22
3311,798,7,2024-10-22
501,257,5,2024-10-22
9635,243,5,2024-10-22
1858,430,7,2024-10-23
4106,993,2,2024-10-23
5982,231,7,2024-10-23
4011,232,7,2024-10-23
9903,707,9,2024-10-23
4924,141,7,2024-10-23
9468,77,3,2024-10-23
78,96,2,2024-10-23
9808,682,2,2024-10-24
4876,812,1,2024-10-24
237,370,7,2024-10-24
2607,575,9,2024-10-24
6375,981,9,2024-10-24
2049,415,1,2024-10-24
5762,162,1,2024-10-24
7509,50,7,2024-10-24
6892,595,10,2024-10-24
3226,750,2,2024-10-24
1203,794,10,2024-10-25
8018,535,2,2024-10-25
740,240,7,2024-10-25
4659,973,2,2024-10-25
6922,38,8,2024-10-25
3882,852,3,2024-10-25
5805,843,1,2024-10-25
5507,2,3,2024-10-25
7613,517,3,2024-10-25
9478,204,6,2024-10-25
8984,252,3,2024-10-25
2324,359,4,2024-10-25
902,448,6,2024-10-26
5944,99,2,2024-10-26
5745,254,2,2024-10-26
8323,950,5,2024-10-26
1424,307,10,2024-10-26
5487,20,7,2024-10-26
1111,790,1,2024-10-26
9252,236,2,2024-10-26
4528,956,8,2024-10-26
7025,105,1,2024-10-27
4852,38,8,2024-10-27
9946,820,2,2024-10-27
1844,761,2,2024-10-27
9789,12,2,2024-10-27
8957,487,2,2024-10-27
7220,231,8,2024-10-27
6288,739,8,2024-10-28
5770,659,1,2024-10-28
8402,93,9,2024-10-28
8486,457,2,2024-10-28
9973,215,2,2024-10-28
7181,15,10,2024-10-28
2360,751,1,2024-10-28
7442,176,2,2024-10-29
5140,123,2,2024-10-29
1872,933,10,2024-10-29
4725,778,9,2024-10-29
8528,490,1,2024-10-29
2856,321,2,2024-10-29
8356,428,1,2024-10-29
1159,716,3,2024-10-29
487,951,10,2024-10-29
8975,798,7,2024-10-29
6974,391,1,2024-10-29
3196,570,1,2024-10-29
7443,366,1,2024-10-30
5626,616,7,2024-10-30
9342,54,3,2024-10-30
9672,647,2,2024-10-30
5238,272,9,2024-10-30
3150,439,7,2024-10-30
8615,660,9,2024-10-30
9406,148,2,2024-10-30
9059,817,1,2024-10-31
10000,933,9,2024-10-31
8594,739,8,2024-11-01
3904,842,3,2024-11-01
6337,979,5,2024-11-01
5281,922,5,2024-11-01
5376,874,8,2024-11-01
2070,256,8,2024-11-02
4844,53,2,2024-11-02
1771,718,6,2024-11-02
3392,922,2,2024-11-02
6248,167,2,2024-11-03
4792,765,1,2024-11-03
9741,978,2,2024-11-03
1617,537,4,2024-11-03
4682,569,5,2024-11-03
9730,154,1,2024-11-04
1957,677,2,2024-11-04
6990,464,7,2024-11-04
5227,709,2,2024-11-04
379,140,7,2024-11-04
5477,508,8,2024-11-05
4486,15,2,2024-11-05
6583,502,7,2024-11-05
1193,606,10,2024-11-05
6615,35,7,2024-11-05
8943,665,2,2024-11-05
3130,77,1,2024-11-05
4712,214,8,2024-11-05
8518,59,2,2024-11-05
9456,569,5,2024-11-05
8558,927,3,2024-11-05
6443,934,4,2024-11-06
8303,756,3,2024-11-06
1225,763,7,2024-11-06
6229,441,2,2024-11-06
222,906,2,2024-11-06
8136,184,5,2024-11-06
253,630,7,2024-11-06
7654,451,7,2024-11-06
6,963,1,2024-11-06
8077,613,8,2024-11-06
9328,258,2,2024-11-07
699,729,7,2024-11-07
7538,15,7,2024-11-07
8796,16,2,2024-11-07
8861,152,2,2024-11-07
4312,573,5,2024-11-07
5871,902,6,2024-11-08
4044,775,2,2024-11-08
6706,217,1,2024-11-08
8994,996,2,2024-11-08
9822,726,10,2024-11-08
7628,14,2,2024-11-08
4443,111,1,2024-11-08
9901,117,7,2024-11-09
1168,435,2,2024-11-09
4244,92,2,2024-11-09
2085,466,1,2024-11-09
3065,261,2,2024-11-09
5004,593,2,2024-11-09
5759,878,7,2024-11-09
4499,500,2,2024-11-09
7807,278,7,2024-11-09
7175,642,2,2024-11-10
6252,785,3,2024-11-10
3473,602,5,2024-11-10
1471,878,2,2024-11-10
6281,698,10,2024-11-10
6920,29,2,2024-11-10
833,317,2,2024-11-11
2894,501,9,2024-11-11
6257,835,5,2024-11-11
5580,12,3,2024-11-11
1488,168,1,2024-11-11
401,600,2,2024-11-12
4596,436,2,2024-11-12
6555,695,5,2024-11-12
3102,734,3,2024-11-12
1678,356,1,2024-11-12
6426,603,2,2024-11-13
4283,553,1,2024-11-13
6488,425,9,2024-11-13
3811,918,2,2024-11-13
7440,575,10,2024-11-13
5313,345,1,2024-11-13
5040,100,2,2024-11-13
771,538,6,2024-11-13
6154,206,2,2024-11-13
2345,152,3,2024-11-13
6345,266,4,2024-11-13
2,765,7,2024-11-14
335,321,5,2024-11-14
7094,568,5,2024-11-14
9882,35,1,2024-11-14
2104,196,5,2024-11-14
9790,269,2,2024-11-14
4008,111,2,2024-11-14
6344,775,1,2024-11-14
6820,95,3,2024-11-15
5875,359,9,2024-11-15
2272,573,7,2024-11-15
995,626,7,2024-11-15
4985,813,1,2024-11-16
8779,256,9,2024-11-16
8189,708,4,2024-11-16
3554,753,7,2024-11-16
8998,923,2,2024-11-16
5160,795,6,2024-11-16
8931,13,2,2024-11-17
5680,352,5,2024-11-17
9306,104,3,2024-11-17
8067,912,2,2024-11-17
8073,71,2,2024-11-17
6953,312,2,2024-11-17
6339,635,8,2024-11-17
3970,349,5,2024-11-17
4037,645,1,2024-11-17
2837,391,1,2024-11-18
406,366,7,2024-11-18
6774,286,2,2024-11-18
8405,506,2,2024-11-18
7625,56,8,2024-11-19
8987,635,5,2024-11-19
129,651,5,2024-11-19
4395,582,9,2024-11-19
8717,993,9,2024-11-19
4987,158,2,2024-11-19
193,243,5,2024-11-19
6453,819,3,2024-11-19
4472,368,4,2024-11-19
8527,217,7,2024-11-19
8575,711,7,2024-11-19
966,564,7,2024-11-19
3081,265,5,2024-11-19
9936,959,1,2024-11-19
434,521,1,2024-11-19
5959,21,2,2024-11-20
7439,848,2,2024-11-20
5720,882,3,2024-11-20
8021,318,1,2024-11-20
8675,242,1,2024-11-20
3756,698,4,2024-11-20
6021,365,8,2024-11-20
2863,663,5,2024-11-20
7790,534,1,2024-11-20
8805,969,2,2024-11-21
5116,214,3,2024-11-21
6353,533,7,2024-11-21
9169,384,7,2024-11-21
7287,537,6,2024-11-21
1484,694,5,2024-11-21
3477,747,8,2024-11-21
5822,921,10,2024-11-22
5393,200,6,2024-11-22
8933,575,1,2024-11-22
7764,309,1,2024-11-22
904,798,3,2024-11-22
2691,465,7,2024-11-22
800,983,2,2024-11-22
9598,18,5,2024-11-22
8732,805,4,2024-11-22
93,796,2,2024-11-23
153,770,10,2024-11-23
725,389,1,2024-11-23
4127,828,2,2024-11-23
7705,913,1,2024-11-23
4776,374,7,2024-11-23
822,433,8,2024-11-23
7839,581,3,2024-11-24
7411,225,9,2024-11-24
70,909,1,2024-11-24
1375,444,3,2024-11-24
3692,73,5,2024-11-24
8002,982,2,2024-11-25
6030,216,4,2024-11-25
9884,640,1,2024-11-25
5583,35,9,2024-11-25
6211,231,3,2024-11-25
6438,897,10,2024-11-25
2919,20,2,2024-11-25
9465,606,2,2024-11-25
3680,20,5,2024-11-26
8237,229,2,2024-11-26
3638,78,6,2024-11-26
3364,511,5,2024-11-26
1976,617,4,2024-11-27
8485,151,1,2024-11-27
7428,79,5,2024-11-27
9676,10,1,2024-11-27
4841,161,2,2024-11-27
2604,745,6,2024-11-27
3219,345,3,2024-11-27
6478,682,2,2024-11-27
9646,929,3,2024-11-28
4674,946,3,2024-11-28
7389,86,7,2024-11-28
644,99,4,2024-11-28
7605,806,7,2024-11-28
4552,315,1,2024-11-28
8418,717,3,2024-11-28
206,502,4,2024-11-28
8819,593,2,2024-11-28
4082,451,3,2024-11-29
303,26,5,2024-11-29
6220,235,8,2024-11-29
827,309,3,2024-11-29
8949,141,6,2024-11-29
8622,513,2,2024-11-29
7325,464,2,2024-11-29
2119,707,9,2024-11-29
6978,152,1,2024-11-29
381,637,5,2024-11-29
3886,108,3,2024-11-30
1843,487,8,2024-11-30
4425,478,3,2024-11-30
1964,695,9,2024-11-30
270,512,5,2024-12-01
3557,27,1,2024-12-01
4759,434,5,2024-12-01
2011,28,5,2024-12-01
7391,568,3,2024-12-01
3510,970,1,2024-12-02
9768,357,1,2024-12-02
1722,937,1,2024-12-02
6429,639,5,2024-12-02
3643,403,4,2024-12-02
4863,940,7,2024-12-02
4529,781,2,2024-12-02
8684,920,7,2024-12-02
881,492,4,2024-12-03
6980,921,3,2024-12-03
5795,751,9,2024-12-03
4918,35,3,2024-12-03
6703,816,7,2024-12-03
826,921,2,2024-12-03
4877,673,4,2024-12-03
6297,259,4,2024-12-04
2788,338,5,2024-12-04
8140,63,4,2024-12-04
2382,411,5,2024-12-04
7771,951,5,2024-12-04
2214,188,1,2024-12-04
9491,355,5,2024-12-04
1808,947,1,2024-12-04
134,743,7,2024-12-05
5689,952,1,2024-12-05
6138,833,10,2024-12-05
6439,110,5,2024-12-05
105,281,2,2024-12-05
5999,747,1,2024-12-05
9525,885,9,2024-12-05
8173,155,1,2024-12-05
2514,196,3,2024-12-05
6818,189,1,2024-12-05
9345,795,2,2024-12-05
868,312,2,2024-12-05
3457,335,8,2024-12-05
4111,858,2,2024-12-05
1409,300,9,2024-12-06
4476,25,3,2024-12-06
8799,940,5,2024-12-06
5747,499,9,2024-12-06
7455,409,1,2024-12-06
6112,911,3,2024-12-07
172,760,2,2024-12-07
3757,363,7,2024-12-07
4094,573,5,2024-12-07
9858,943,1,2024-12-07
1013,529,5,2024-12-07
1331,136,2,2024-12-07
4665,130,2,2024-12-07
7040,724,1,2024-12-07
5548,211,9,2024-12-07
2034,287,6,2024-12-07
6773,47,2,2024-12-08
4090,40,2,2024-12-08
7019,862,6,2024-12-08
7953,967,3,2024-12-08
2733,443,8,2024-12-08
4931,185,8,2024-12-08
55,321,8,2024-12-08
6461,21,2,2024-12-08
1033,633,1,2024-12-09
9287,643,7,2024-12-09
3610,416,5,2024-12-09
2086,262,3,2024-12-09
4440,611,7,2024-12-09
4174,493,4,2024-12-09
8911,677,7,2024-12-09
4212,624,7,2024-12-10
4488,464,2,2024-12-10
1450,166,9,2024-12-10
9448,634,5,2024-12-10
7345,902,9,2024-12-11
8462,230,7,2024-12-11
8191,83,5,2024-12-11
1658,628,3,2024-12-11
2695,5,6,2024-12-11
2674,292,4,2024-12-11
365,852,5,2024-12-11
2819,438,2,2024-12-11
9860,397,2,2024-12-12
5443,732,3,2024-12-12
7579,366,9,2024-12-12
3056,400,3,2024-12-12
3725,461,2,2024-12-12
113,671,6,2024-12-12
9680,600,10,2024-12-12
8468,481,10,2024-12-12
7796,185,6,2024-12-12
1974,299,7,2024-12-12
5866,142,3,2024-12-12
7767,858,2,2024-12-12
4416,60,2,2024-12-12
9571,457,2,2024-12-12
3111,161,5,2024-12-13
9053,749,10,2024-12-13
6787,86,5,2024-12-13
6519,576,2,2024-12-13
8322,135,2,2024-12-13
4872,151,7,2024-12-13
8050,100,3,2024-12-14
4393,98,9,2024-12-14
7855,835,10,2024-12-14
3069,131,1,2024-12-14
8888,969,7,2024-12-14
2734,524,9,2024-12-14
6946,430,7,2024-12-14
8814,757,1,2024-12-14
3253,331,7,2024-12-14
5836,206,1,2024-12-15
8287,153,9,2024-12-15
5740,617,10,2024-12-15
1134,557,10,2024-12-15
2277,609,2,2024-12-15
425,377,2,2024-12-15
7233,167,1,2024-12-15
8008,310,5,2024-12-15
1717,759,9,2024-12-16
2065,198,7,2024-12-16
3512,597,9,2024-12-16
87,553,1,2024-12-16
5756,249,2,2024-12-16
2567,833,3,2024-12-16
8171,928,6,2024-12-16
8883,411,2,2024-12-16
5324,251,6,2024-12-17
246,583,7,2024-12-17
3200,666,5,2024-12-17
7521,495,5,2024-12-17
9937,658,9,2024-12-17
9445,674,2,2024-12-17
9780,764,10,2024-12-17
861,648,3,2024-12-17
3495,119,5,2024-12-17
1683,996,2,2024-12-18
1486,573,9,2024-12-18
3910,554,2,2024-12-18
3297,201,7,2024-12-18
6822,15,10,2024-12-18
6728,244,1,2024-12-18
5114,479,6,2024-12-19
2186,364,3,2024-12-19
2306,398,3,2024-12-19
6930,935,7,2024-12-19
1624,539,9,2024-12-19
8228,509,4,2024-12-19
1207,487,3,2024-12-19
3525,295,2,2024-12-19
4199,587,4,2024-12-19
8626,46,7,2024-12-19
8954,136,2,2024-12-19
757,205,2,2024-12-19
3920,876,10,2024-12-19
2411,1000,2,2024-12-19
9240,627,2,2024-12-19
5345,480,3,2024-12-19
675,938,2,2024-12-19
4707,975,2,2024-12-20
2022,192,5,2024-12-20
6843,123,9,2024-12-20
5019,134,7,2024-12-20
5296,709,3,2024-12-20
5471,730,3,2024-12-20
2223,966,6,2024-12-20
6581,86,1,2024-12-20
575,7,2,2024-12-21
5544,433,4,2024-12-21
7230,534,1,2024-12-21
6964,771,7,2024-12-21
5429,669,9,2024-12-21
6897,454,10,2024-12-21
6575,542,1,2024-12-21
7217,212,7,2024-12-21
3667,625,3,2024-12-21
5847,602,1,2024-12-21
8283,639,7,2024-12-21
1332,809,6,2024-12-22
1824,889,5,2024-12-22
4023,292,2,2024-12-22
5709,928,7,2024-12-22
8708,789,2,2024-12-22
2654,546,6,2024-12-22
3731,844,2,2024-12-22
3028,251,4,2024-12-22
1961,382,2,2024-12-22
4793,429,5,2024-12-22
1695,129,9,2024-12-22
6373,749,8,2024-12-22
9583,546,7,2024-12-22
594,684,7,2024-12-23
612,255,9,2024-12-23
5995,703,7,2024-12-23
1861,819,5,2024-12-23
2152,194,2,2024-12-23
9404,824,7,2024-12-23
3091,817,5,2024-12-23
2774,683,9,2024-12-23
9062,358,4,2024-12-23
7346,934,1,2024-12-23
716,98,3,2024-12-23
6268,654,10,2024-12-24
418,631,2,2024-12-24
8776,15,1,2024-12-24
964,965,1,2024-12-24
5998,992,2,2024-12-24
4695,273,9,2024-12-24
8328,525,7,2024-12-24
4290,435,9,2024-12-24
9536,13,1,2024-12-24
3373,661,3,2024-12-24
1949,121,1,2024-12-24
7289,885,9,2024-12-25
1140,741,2,2024-12-25
4026,45,2,2024-12-25
1602,671,1,2024-12-25
5494,871,1,2024-12-25
4848,595,7,2024-12-25
3679,640,9,2024-12-26
5818,328,2,2024-12-26
357,233,10,2024-12-26
3658,306,6,2024-12-26
3745,326,2,2024-12-27
5769,167,2,2024-12-27
4740,399,2,2024-12-27
6208,106,3,2024-12-27
6417,933,2,2024-12-27
144,800,2,2024-12-27
374,643,9,2024-12-27
9453,680,2,2024-12-28
1550,99,2,2024-12-28
3785,115,3,2024-12-28
6425,85,7,2024-12-28
2658,411,1,2024-12-28
4356,132,7,2024-12-28
8842,618,6,2024-12-28
1381,841,3,2024-12-29
628,745,1,2024-12-29
1141,696,9,2024-12-29
2437,234,10,2024-12-29
3147,586,2,2024-12-29
6416,782,3,2024-12-29
4010,104,5,2024-12-29
8787,355,1,2024-12-29
5386,447,10,2024-12-30
7841,193,7,2024-12-30
6259,75,2,2024-12-30
4100,892,3,2024-12-30
9038,51,4,2024-12-30
433,876,2,2024-12-30
1201,588,10,2024-12-30
5256,245,9,2024-12-30
1334,569,3,2024-12-30
572,417,3,2024-12-30
6398,437,7,2024-12-31
2431,587,2,2024-12-31
5405,927,10,2024-12-31
5799,623,4,2024-12-31
9092,903,2,2024-12-31
830,890,3,2024-12-31
1929,902,7,2024-12-31
4392,680,5,2024-12-31
8929,391,1,2024-12-31
3541,362,1,2024-12-31
6889,319,7,2024-12-31
976,205,1,2024-12-31
3097,563,7,2025-01-01
2509,773,6,2025-01-01
2457,310,2,2025-01-01
5124,56,1,2025-01-01
2470,881,7,2025-01-01
704,571,2,2025-01-01
6856,892,3,2025-01-01
7997,566,2,2025-01-01
5991,107,1,2025-01-01
8838,783,1,2025-01-01
4397,207,2,2025-01-01
2759,54,2,2025-01-02
4998,916,2,2025-01-02
497,593,5,2025-01-02
3660,235,1,2025-01-02
2349,322,7,2025-01-02
1681,992,1,2025-01-03
2776,174,3,2025-01-03
1766,501,7,2025-01-03
6611,857,1,2025-01-03
1511,236,6,2025-01-03
3764,536,6,2025-01-03
4252,51,5,2025-01-03
3969,988,10,2025-01-03
4262,164,4,2025-01-03
3197,917,8,2025-01-03
7894,19,1,2025-01-03
5139,341,7,2025-01-04
7963,165,5,2025-01-04
4728,700,7,2025-01-04
2393,3,4,2025-01-04
8343,60,9,2025-01-04
4454,140,7,2025-01-04
7210,223,7,2025-01-04
4115,308,5,2025-01-04
98,534,4,2025-01-05
7892,377,4,2025-01-05
4224,593,5,2025-01-05
8360,296,7,2025-01-05
1724,814,3,2025-01-05
402,466,1,2025-01-05
1899,490,4,2025-01-05
1945,21,4,2025-01-05
8039,982,3,2025-01-05
5857,832,2,2025-01-05
3777,359,6,2025-01-05
6545,664,2,2025-01-05
4977,555,7,2025-01-05
4184,292,2,2025-01-05
4648,141,8,2025-01-06
6173,340,3,2025-01-06
67,95,5,2025-01-06
8273,94,9,2025-01-06
3401,911,2,2025-01-06
7180,689,3,2025-01-06
2668,651,3,2025-01-06
107,93,7,2025-01-06
8310,385,10,2025-01-07
910,1,3,2025-01-07
431,188,10,2025-01-07
8098,258,10,2025-01-07
6120,104,8,2025-01-07
7158,639,9,2025-01-07
6956,967,9,2025-01-07
661,493,2,2025-01-08
2545,81,5,2025-01-08
5,794,6,2025-01-08
1710,845,2,2025-01-08
4822,377,2,2025-01-08
1071,330,3,2025-01-08
140,603,9,2025-01-08
2676,751,5,2025-01-08
5485,997,5,2025-01-08
7448,668,9,2025-01-08
855,284,7,2025-01-08
2883,407,7,2025-01-08
2224,608,2,2025-01-09
9085,904,10,2025-01-09
3299,637,5,2025-01-09
754,974,5,2025-01-09
7820,221,9,2025-01-09
6308,370,5,2025-01-09
4463,558,7,2025-01-09
8329,100,2,2025-01-09
1189,965,7,2025-01-09
219,661,7,2025-01-09
9996,998,1,2025-01-09
3838,647,7,2025-01-09
8862,210,4,2025-01-09
648,912,4,2025-01-10
4860,977,1,2025-01-10
8909,146,1,2025-01-10
6661,591,4,2025-01-10
8969,942,5,2025-01-10
4556,355,8,2025-01-10
4550,896,6,2025-01-10
2401,231,7,2025-01-10
7583,110,4,2025-01-10
7515,611,10,2025-01-10
7906,659,4,2025-01-11
5596,902,9,2025-01-11
6707,275,1,2025-01-11
216,424,2,2025-01-11
2796,270,1,2025-01-11
9143,293,10,2025-01-11
1279,493,10,2025-01-11
8165,975,5,2025-01-12
7659,997,3,2025-01-12
8261,546,9,2025-01-12
7695,910,1,2025-01-12
403,36,9,2025-01-12
2261,902,5,2025-01-12
9872,93,2,2025-01-12
5827,454,5,2025-01-13
8280,760,9,2025-01-13
8546,588,5,2025-01-13
5078,646,2,2025-01-13
9978,754,3,2025-01-13
8535,282,2,2025-01-13
8296,507,10,2025-01-13
7001,500,6,2025-01-13
8316,336,3,2025-01-13
9690,180,4,2025-01-13
668,369,1,2025-01-13
8678,530,2,2025-01-13
2014,83,2,2025-01-13
72,497,7,2025-01-13
1139,149,9,2025-01-14
2906,243,3,2025-01-14
5410,76,2,2025-01-14
1939,513,1,2025-01-14
5419,788,9,2025-01-14
5428,945,2,2025-01-14
2717,611,1,2025-01-14
4349,516,9,2025-01-14
7413,483,9,2025-01-14
4554,958,1,2025-01-14
3710,283,3,2025-01-14
1699,168,3,2025-01-14
1979,293,1,2025-01-15
8001,849,7,2025-01-15
3492,892,2,2025-01-15
5245,182,4,2025-01-15
1224,198,2,2025-01-15
6852,724,1,2025-01-15
7231,331,10,2025-01-15
4813,374,10,2025-01-15
8629,244,7,2025-01-15
4853,229,7,2025-01-16
9964,143,1,2025-01-16
3531,950,7,2025-01-16
1775,955,9,2025-01-16
1473,967,8,2025-01-16
6166,294,9,2025-01-16
9343,304,5,2025-01-17
8913,938,9,2025-01-17
4098,134,7,2025-01-17
8671,637,2,2025-01-17
3587,961,6,2025-01-17
3103,433,1,2025-01-17
7165,172,8,2025-01-17
9602,131,7,2025-01-17
2859,120,7,2025-01-17
9288,860,3,2025-01-17
726,58,7,2025-01-17
1137,104,6,2025-01-17
3302,311,3,2025-01-17
9255,494,9,2025-01-17
8416,848,5,2025-01-18
333,253,3,2025-01-18
1154,918,5,2025-01-18
2167,56,3,2025-01-18
4884,588,3,2025-01-18
7576,176,5,2025-01-18
9079,99,2,2025-01-19
9367,706,5,2025-01-19
4465,221,7,2025-01-19
3148,98,1,2025-01-19
1101,64,7,2025-01-19
6954,225,6,2025-01-19
674,863,3,2025-01-19
7137,610,1,2025-01-19
5575,958,1,2025-01-19
9131,592,10,2025-01-19
4067,444,6,2025-01-19
8803,995,2,2025-01-20
8379,344,2,2025-01-20
8788,66,10,2025-01-20
8096,916,7,2025-01-20
7400,702,9,2025-01-21
4667,202,5,2025-01-21
6494,36,1,2025-01-21
1950,192,8,2025-01-21
7698,102,10,2025-01-21
9885,415,8,2025-01-21
33,168,9,2025-01-21
7097,251,9,2025-01-21
5279,561,1,2025-01-22
7488,867,7,2025-01-22
346,826,7,2025-01-22
9361,732,2,2025-01-22
4824,421,10,2025-01-22
878,88,9,2025-01-22
7528,211,1,2025-01-22
8155,930,7,2025-01-22
975,447,2,2025-01-22
2013,988,10,2025-01-22
4765,406,10,2025-01-22
9929,231,2,2025-01-22
6357,511,2,2025-01-23
7484,22,3,2025-01-23
1772,800,8,2025-01-23
5986,699,9,2025-01-23
9237,345,2,2025-01-23
3849,172,9,2025-01-23
5684,485,1,2025-01-23
8965,593,6,2025-01-23
4336,755,3,2025-01-23
9064,945,1,2025-01-24
1948,514,1,2025-01-24
9226,274,7,2025-01-24
5906,826,9,2025-01-24
9332,297,2,2025-01-24
7979,541,6,2025-01-24
4096,61,5,2025-01-24
69,191,2,2025-01-24
9738,29,9,2025-01-24
3167,150,1,2025-01-24
7656,691,2,2025-01-24
9493,727,5,2025-01-24
5462,607,4,2025-01-25
8193,987,7,2025-01-25
4754,513,1,2025-01-25
6027,453,3,2025-01-25
3544,850,8,2025-01-26
7797,684,3,2025-01-26
3924,339,2,2025-01-26
3293,760,4,2025-01-26
2576,126,5,2025-01-26
5317,47,1,2025-01-26
1758,801,3,2025-01-26
8225,356,2,2025-01-26
7142,156,3,2025-01-26
9105,650,8,2025-01-26
1564,849,4,2025-01-26
3184,65,7,2025-01-26
6289,96,1,2025-01-27
1707,248,7,2025-01-27
6961,938,1,2025-01-27
2340,545,8,2025-01-27
5550,171,3,2025-01-27
1545,642,1,2025-01-27
9127,155,2,2025-01-27
2356,261,4,2025-01-27
5190,400,10,2025-01-27
2128,548,1,2025-01-27
8494,412,1,2025-01-27
36,852,2,2025-01-27
49,789,4,2025-01-28
9452,596,1,2025-01-28
3712,803,9,2025-01-28
3203,362,7,2025-01-28
178,196,6,2025-01-28
6199,715,2,2025-01-28
2302,570,5,2025-01-29
2440,800,3,2025-01-29
9168,518,1,2025-01-29
2337,31,1,2025-01-29
5566,772,3,2025-01-29
7948,533,1,2025-01-29
7174,676,2,2025-01-29
7198,471,1,2025-01-29
8746,870,2,2025-01-29
3419,351,1,2025-01-29
4749,572,2,2025-01-29
2685,260,2,2025-01-29
8377,201,7,2025-01-29
1180,188,4,2025-01-30
3980,158,9,2025-01-30
6943,295,2,2025-01-30
6853,950,6,2025-01-30
4954,985,7,2025-01-30
5564,343,2,2025-01-30
2999,382,9,2025-01-30
4385,171,6,2025-01-30
2646,170,4,2025-01-30
6156,78,3,2025-01-30
5695,397,6,2025-01-31
1549,53,5,2025-01-31
950,273,8,2025-01-31
2860,807,3,2025-01-31
1270,445,10,2025-01-31
3740,896,2,2025-01-31
4372,893,7,2025-01-31
324,12,1,2025-01-31
7502,76,7,2025-02-01
3567,137,3,2025-02-01
9928,669,2,2025-02-01
4520,296,6,2025-02-01
2661,376,8,2025-02-01
9721,890,2,2025-02-01
4380,125,2,2025-02-02
5965,215,1,2025-02-02
8053,249,10,2025-02-02
1095,559,3,2025-02-02
2627,250,6,2025-02-02
1692,870,8,2025-02-02
2974,830,2,2025-02-02
790,975,2,2025-02-03
1582,732,2,2025-02-03
9806,126,2,2025-02-03
1542,557,5,2025-02-03
2900,622,4,2025-02-03
63,169,3,2025-02-04
8430,664,8,2025-02-04
4738,162,7,2025-02-04
6193,170,1,2025-02-04
7250,93,7,2025-02-04
3958,437,3,2025-02-04
2931,728,1,2025-02-04
5054,938,5,2025-02-05
8160,897,8,2025-02-05
9222,446,1,2025-02-05
1991,449,4,2025-02-05
5043,718,7,2025-02-05
7353,486,5,2025-02-06
3934,543,2,2025-02-06
2315,541,4,2025-02-06
1397,188,7,2025-02-06
5323,907,8,2025-02-06
6791,818,7,2025-02-06
4430,840,2,2025-02-07
9634,627,1,2025-02-07
6749,969,5,2025-02-07
9506,313,1,2025-02-07
6383,557,9,2025-02-07
4990,218,2,2025-02-08
945,875,6,2025-02-08
787,484,2,2025-02-08
8730,958,2,2025-02-08
8394,890,2,2025-02-08
651,357,9,2025-02-08
9270,670,7,2025-02-08
9902,462,1,2025-02-08
4145,980,4,2025-02-09
1490,996,5,2025-02-09
1368,940,10,2025-02-09
5820,153,2,2025-02-09
9840,689,2,2025-02-09
9048,318,2,2025-02-09
7832,218,7,2025-02-10
1463,577,2,2025-02-10
1421,309,5,2025-02-10
2317,263,9,2025-02-10
3744,920,1,2025-02-10
5804,899,4,2025-02-11
4099,74,2,2025-02-11
7280,327,7,2025-02-12
5475,986,5,2025-02-12
4994,483,1,2025-02-12
2244,741,8,2025-02-12
9439,884,5,2025-02-12
9622,855,3,2025-02-13
7956,400,2,2025-02-13
1791,848,7,2025-02-13
518,233,3,2025-02-13
7683,338,5,2025-02-14
5865,407,4,2025-02-14
6585,545,7,2025-02-14
6870,279,1,2025-02-14
3241,442,2,2025-02-15
7020,738,8,2025-02-15
3499,122,7,2025-02-15
328,744,9,2025-02-15
4263,492,2,2025-02-15
7031,323,3,2025-02-15
1714,274,8,2025-02-15
6537,735,2,2025-02-15
7139,215,10,2025-02-15
4856,325,1,2025-02-16
7519,682,1,2025-02-16
8175,826,9,2025-02-16
7048,41,2,2025-02-16
198,95,6,2025-02-16
7580,479,5,2025-02-16
137,576,1,2025-02-17
4594,576,2,2025-02-17
1070,809,5,2025-02-17
8882,924,1,2025-02-17
7203,709,7,2025-02-18
1575,631,3,2025-02-18
2531,901,2,2025-02-18
2279,351,7,2025-02-18
3529,789,2,2025-02-19
4588,656,4,2025-02-19
7269,344,2,2025-02-19
8756,164,3,2025-02-19
5701,332,9,2025-02-19
4294,606,7,2025-02-19
5046,342,2,2025-02-19
4401,141,8,2025-02-19
4593,737,2,2025-02-19
1841,813,9,2025-02-20
6286,709,7,2025-02-20
9447,25,8,2025-02-20
9968,226,3,2025-02-20
7816,766,1,2025-02-20
8446,677,2,2025-02-20
7018,812,3,2025-02-20
3218,921,1,2025-02-20
1124,654,5,2025-02-20
1425,42,9,2025-02-21
9126,164,6,2025-02-21
2868,155,1,2025-02-21
7306,636,4,2025-02-21
7914,89,5,2025-02-21
1815,6,3,2025-02-21
3789,438,7,2025-02-21
2400,552,9,2025-02-22
4107,951,7,2025-02-22
8605,400,10,2025-02-22
8561,823,2,2025-02-22
2711,448,5,2025-02-22
3426,826,5,2025-02-22
1349,140,7,2025-02-22
8223,556,3,2025-02-22
9952,895,9,2025-02-23
2046,161,9,2025-02-23
2528,880,9,2025-02-23
8433,507,9,2025-02-23
6253,294,9,2025-02-23
1969,147,5,2025-02-23
1337,533,5,2025-02-24
2665,233,5,2025-02-24
4321,852,7,2025-02-24
8080,315,3,2025-02-24
9434,647,1,2025-02-24
5619,582,6,2025-02-24
2911,997,9,2025-02-24
5478,457,4,2025-02-24
4630,711,2,2025-02-24
5917,425,7,2025-02-24
2243,468,2,2025-02-24
3278,250,3,2025-02-25
9273,765,10,2025-02-25
7425,62,5,2025-02-25
4952,716,4,2025-02-25
2364,999,1,2025-02-25
1730,837,5,2025-02-25
8206,247,9,2025-02-25
2227,697,9,2025-02-25
489,66,3,2025-02-25
4108,382,1,2025-02-26
8149,764,1,2025-02-26
1606,54,2,2025-02-26
7573,670,7,2025-02-26
8517,779,7,2025-02-26
3353,688,1,2025-02-26
8701,503,2,2025-02-26
6122,71,5,2025-02-26
9490,112,1,2025-02-27
1633,112,1,2025-02-27
4867,310,1,2025-02-27
5837,713,1,2025-02-28
158,802,10,2025-02-28
3502,822,5,2025-02-28
8790,578,7,2025-02-28
159,501,5,2025-02-28
2973,881,2,2025-02-28
267,448,2,2025-02-28
8060,581,7,2025-03-01
7561,352,5,2025-03-01
9850,431,9,2025-03-01
6999,777,10,2025-03-01
203,771,3,2025-03-01
8649,67,2,2025-03-01
5272,51,1,2025-03-01
6754,337,5,2025-03-01
34,915,2,2025-03-01
3010,351,2,2025-03-01
7712,735,2,2025-03-01
6162,805,7,2025-03-02
417,753,7,2025-03-02
3847,171,4,2025-03-02
5723,43,9,2025-03-02
9625,343,5,2025-03-02
3491,782,8,2025-03-02
3153,415,1,2025-03-02
8393,53,5,2025-03-03
7888,685,10,2025-03-03
8285,604,9,2025-03-03
235,170,1,2025-03-03
2820,4,4,2025-03-03
3021,134,7,2025-03-03
5763,610,1,2025-03-03
6389,237,2,2025-03-04
8625,461,1,2025-03-04
1850,61,10,2025-03-04
5889,793,2,2025-03-04
4031,120,4,2025-03-04
3324,824,3,2025-03-05
2048,478,2,2025-03-05
512,606,9,2025-03-05
9879,768,9,2025-03-05
9089,328,2,2025-03-05
7447,370,1,2025-03-05
2102,536,4,2025-03-05
9974,438,1,2025-03-05
5093,611,1,2025-03-05
5985,592,6,2025-03-05
8928,339,5,2025-03-06
4269,459,3,2025-03-06
4238,1,8,2025-03-06
2933,953,5,2025-03-06
8015,647,1,2025-03-06
666,420,2,2025-03-06
2600,403,1,2025-03-06
126,866,8,2025-03-07
564,399,2,2025-03-07
2427,179,1,2025-03-07
4819,69,4,2025-03-07
7242,545,3,2025-03-07
2395,475,1,2025-03-07
236,613,4,2025-03-08
5599,663,2,2025-03-08
3652,240,9,2025-03-08
9605,798,9,2025-03-08
2160,544,7,2025-03-08
6039,9,4,2025-03-08
9149,185,4,2025-03-09
1011,614,4,2025-03-09
7336,999,8,2025-03-09
8069,995,2,2025-03-09
9135,60,3,2025-03-09
6855,692,6,2025-03-09
6931,349,4,2025-03-10
9403,526,2,2025-03-10
4727,380,2,2025-03-10
1178,527,1,2025-03-10
5455,507,1,2025-03-10
2625,563,2,2025-03-10
3072,157,5,2025-03-10
638,742,9,2025-03-10
4227,196,7,2025-03-11
8578,894,1,2025-03-11
6371,450,7,2025-03-11
4374,596,1,2025-03-11
2012,160,6,2025-03-11
6260,564,1,2025-03-11
1852,327,5,2025-03-11
1859,167,6,2025-03-11
191,990,1,2025-03-12
4900,356,5,2025-03-12
2816,998,1,2025-03-12
8428,445,6,2025-03-13
2577,522,1,2025-03-13
8204,160,10,2025-03-13
7030,618,3,2025-03-13
9111,651,2,2025-03-14
4894,325,7,2025-03-14
8844,912,9,2025-03-14
2795,604,10,2025-03-14
4213,437,7,2025-03-14
9553,705,5,2025-03-14
9766,64,3,2025-03-15
6185,498,1,2025-03-15
1171,221,7,2025-03-15
3540,302,5,2025-03-15
3228,517,9,2025-03-15
3155,503,4,2025-03-15
2873,170,6,2025-03-15
1981,103,4,2025-03-15
784,163,1,2025-03-15
9868,565,2,2025-03-16
4498,223,2,2025-03-16
6726,668,1,2025-03-16
8978,682,1,2025-03-16
6807,930,9,2025-03-16
5839,293,2,2025-03-16
1303,990,4,2025-03-16
53,692,7,2025-03-17
643,404,5,2025-03-17
1115,871,9,2025-03-17
9570,2,4,2025-03-17
9693,237,3,2025-03-17
3206,831,5,2025-03-17
6175,49,2,2025-03-17
4511,246,2,2025-03-17
9995,574,5,2025-03-17
656,655,7,2025-03-17
5777,729,10,2025-03-18
114,151,9,2025-03-18
3908,669,1,2025-03-18
6839,250,7,2025-03-18
1660,476,1,2025-03-18
2789,71,1,2025-03-18
1677,979,7,2025-03-18
4817,748,7,2025-03-18
5498,453,7,2025-03-19
4490,41,9,2025-03-19
5549,879,3,2025-03-19
5773,18,1,2025-03-20
8159,66,1,2025-03-20
7724,19,7,2025-03-20
6415,650,5,2025-03-20
6452,328,3,2025-03-21
836,27,3,2025-03-21
8045,700,2,2025-03-22
6896,840,7,2025-03-22
9462,386,10,2025-03-23
8479,358,2,2025-03-23
3435,136,6,2025-03-23
502,772,7,2025-03-23
9056,587,1,2025-03-23
1318,740,5,2025-03-23
6363,678,8,2025-03-23
5525,567,8,2025-03-24
2145,791,7,2025-03-24
2075,539,5,2025-03-24
9519,952,7,2025-03-24
2986,969,8,2025-03-24
2957,638,2,2025-03-24
1036,138,2,2025-03-24
2914,386,2,2025-03-25
9843,194,5,2025-03-25
3728,641,1,2025-03-25
3708,71,2,2025-03-25
9492,452,7,2025-03-25
4870,644,5,2025-03-25
5306,134,7,2025-03-26
5344,926,1,2025-03-26
5846,727,1,2025-03-26
4375,19,2,2025-03-26
5413,654,7,2025-03-26
5888,614,10,2025-03-27
7523,717,9,2025-03-27
7038,879,1,2025-03-27
8706,68,3,2025-03-27
5905,931,3,2025-03-27
5235,997,1,2025-03-27
8389,746,9,2025-03-27
3308,856,5,2025-03-27
9415,890,9,2025-03-27
8150,118,5,2025-03-27
7216,754,3,2025-03-28
205,388,1,2025-03-28
8926,468,10,2025-03-28
6095,953,4,2025-03-28
3405,972,7,2025-03-28
8307,313,2,2025-03-28
1448,897,7,2025-03-28
8512,885,2,2025-03-28
6347,517,9,2025-03-28
4671,164,7,2025-03-28
1574,717,10,2025-03-29
7277,336,9,2025-03-29
860,665,5,2025-03-29
5491,798,5,2025-03-29
7246,97,5,2025-03-30
6455,462,7,2025-03-30
8020,690,7,2025-03-30
3340,41,7,2025-03-30
7674,45,5,2025-03-30
8179,115,1,2025-03-30
5192,527,2,2025-03-30
599,975,7,2025-03-30
3243,23,3,2025-03-30
7983,851,2,2025-03-30
8451,82,6,2025-03-30
8359,297,5,2025-03-31
2628,471,1,2025-03-31
461,714,2,2025-03-31
1165,740,9,2025-03-31
9378,323,7,2025-03-31
2459,152,9,2025-03-31
7184,694,1,2025-03-31
8071,376,6,2025-03-31
8827,355,8,2025-03-31
2307,316,2,2025-04-01
1797,746,5,2025-04-01
4930,700,2,2025-04-01
9998,622,1,2025-04-01
9535,85,5,2025-04-01
9726,475,7,2025-04-01
3676,715,5,2025-04-02
483,136,2,2025-04-02
9544,927,1,2025-04-02
5638,417,2,2025-04-02
1577,201,6,2025-04-02
4436,874,3,2025-04-03
6431,43,1,2025-04-03
4791,232,8,2025-04-03
7851,988,2,2025-04-03
4015,890,3,2025-04-04
118,437,4,2025-04-04
2009,399,4,2025-04-04
4777,452,9,2025-04-05
1913,220,7,2025-04-05
7644,909,10,2025-04-05
4783,235,10,2025-04-05
9842,625,7,2025-04-05
3636,531,1,2025-04-05
1946,193,4,2025-04-05
6217,41,2,2025-04-05
2983,601,1,2025-04-05
3786,172,5,2025-04-05
6526,851,9,2025-04-05
2664,328,7,2025-04-06
7826,259,7,2025-04-06
4616,595,4,2025-04-06
6076,498,1,2025-04-06
9983,215,6,2025-04-06
1326,989,9,2025-04-06
3938,164,5,2025-04-06
266,653,1,2025-04-07
9438,291,2,2025-04-07
3720,594,2,2025-04-07
1022,935,7,2025-04-07
9424,65,4,2025-04-07
5099,990,5,2025-04-07
1369,367,7,2025-04-07
7236,690,5,2025-04-07
3930,514,6,2025-04-08
2675,41,2,2025-04-08
3527,486,7,2025-04-08
9100,366,10,2025-04-08
2879,500,7,2025-04-08
5517,79,9,2025-04-08
1492,996,2,2025-04-09
1328,244,8,2025-04-09
4009,901,6,2025-04-09
7315,608,1,2025-04-09
5521,146,1,2025-04-09
7557,705,9,2025-04-09
6973,455,5,2025-04-09
5215,611,10,2025-04-10
1911,687,7,2025-04-10
5123,120,6,2025-04-10
6361,530,3,2025-04-10
6447,29,3,2025-04-10
2939,73,8,2025-04-11
8893,11,2,2025-04-11
1426,149,9,2025-04-11
1198,924,8,2025-04-11
8167,963,6,2025-04-11
5450,134,5,2025-04-11
1167,696,1,2025-04-12
2082,228,2,2025-04-12
5617,575,5,2025-04-12
9176,644,1,2025-04-12
2913,367,2,2025-04-12
3700,156,2,2025-04-12
3944,407,3,2025-04-12
3444,753,5,2025-04-13
8646,147,5,2025-04-13
1231,583,2,2025-04-13
9627,560,2,2025-04-13
5598,425,2,2025-04-13
1197,222,9,2025-04-13
3163,813,7,2025-04-13
2332,941,6,2025-04-13
7403,467,9,2025-04-13
9435,516,5,2025-04-13
9388,779,5,2025-04-14
3955,816,7,2025-04-14
5885,112,9,2025-04-14
5567,20,5,2025-04-14
8874,895,10,2025-04-14
3181,690,6,2025-04-14
1664,138,3,2025-04-14
319,304,9,2025-04-15
1962,443,1,2025-04-15
8733,921,1,2025-04-15
1439,742,2,2025-04-15
9904,866,3,2025-04-15
9296,722,9,2025-04-15
2700,314,9,2025-04-16
7310,222,2,2025-04-16
9183,323,2,2025-04-16
230,557,6,2025-04-16
5810,627,9,2025-04-16
8297,986,4,2025-04-16
1921,96,2,2025-04-16
6653,643,2,2025-04-16
8873,421,3,2025-04-16
457,316,5,2025-04-16
7647,147,2,2025-04-16
18,351,1,2025-04-17
1405,635,5,2025-04-17
6893,564,1,2025-04-17
2122,344,8,2025-04-17
376,516,2,2025-04-17
5591,915,2,2025-04-17
4245,677,4,2025-04-17
3420,524,5,2025-04-18
1879,290,5,2025-04-18
7847,37,2,2025-04-18
3234,380,1,2025-04-18
2686,371,3,2025-04-18
2516,475,9,2025-04-18
5868,506,6,2025-04-18
4420,988,2,2025-04-19
7420,896,7,2025-04-19
8455,672,2,2025-04-19
7905,424,9,2025-04-19
2948,38,4,2025-04-19
8192,276,9,2025-04-19
213,108,2,2025-04-19
413,544,1,2025-04-19
6503,586,1,2025-04-19
9210,302,5,2025-04-19
7200,328,8,2025-04-20
77,47,3,2025-04-20
9242,724,5,2025-04-20
1690,782,1,2025-04-20
8793,211,2,2025-04-20
1383,753,5,2025-04-20
8823,372,7,2025-04-20
4266,871,8,2025-04-21
1729,586,1,2025-04-21
8086,492,7,2025-04-21
953,27,4,2025-04-21
4362,206,5,2025-04-21
2673,28,2,2025-04-21
2847,168,8,2025-04-21
589,777,3,2025-04-21
9216,23,7,2025-04-22
9992,142,4,2025-04-22
9418,533,9,2025-04-22
5383,549,7,2025-04-22
5813,283,7,2025-04-22
3582,88,2,2025-04-22
7102,260,7,2025-04-22
2924,488,9,2025-04-22
5715,841,7,2025-04-22
3467,62,9,2025-04-23
8894,293,10,2025-04-23
4568,813,7,2025-04-23
9329,239,1,2025-04-23
7730,353,2,2025-04-23
6329,203,7,2025-04-23
3071,507,10,2025-04-23
6465,946,2,2025-04-23
5829,427,10,2025-04-24
4352,599,7,2025-04-24
5574,825,10,2025-04-24
6849,202,7,2025-04-24
6062,388,5,2025-04-24
5651,792,4,2025-04-25
6923,368,2,2025-04-25
3379,785,10,2025-04-25
7266,351,2,2025-04-25
6937,655,9,2025-04-26
7700,926,2,2025-04-26
3734,742,6,2025-04-26
1133,613,7,2025-04-26
6324,666,9,2025-04-26
4426,707,5,2025-04-26
7264,808,2,2025-04-27
6657,901,7,2025-04-27
9429,243,7,2025-04-27
2300,726,1,2025-04-28
2615,817,2,2025-04-28
6432,800,2,2025-04-28
9365,826,9,2025-04-28
4569,585,10,2025-04-28
9016,430,9,2025-04-28
5426,567,2,2025-04-28
8741,328,8,2025-04-28
9626,105,4,2025-04-29
4479,576,2,2025-04-29
795,180,4,2025-04-29
9467,601,1,2025-04-29
8735,420,2,2025-04-29
2164,435,2,2025-04-30
5480,559,2,2025-04-30
1592,197,9,2025-04-30
7548,194,8,2025-04-30
2333,30,3,2025-04-30
5309,491,1,2025-04-30
9413,576,2,2025-04-30
5611,481,2,2025-04-30
7876,201,7,2025-04-30
7595,589,5,2025-04-30
1753,703,7,2025-04-30
1638,130,1,2025-04-30
1636,88,7,2025-04-30
3999,979,1,2025-05-01
6335,912,5,2025-05-01
925,134,1,2025-05-01
2636,960,3,2025-05-01
9209,178,3,2025-05-01
8406,801,8,2025-05-01
7114,85,7,2025-05-01
7206,286,1,2025-05-01
7062,361,4,2025-05-01
7118,343,2,2025-05-01
5218,899,2,2025-05-01
4811,766,2,2025-05-02
8102,446,9,2025-05-02
5934,405,2,2025-05-02
8772,963,6,2025-05-02
3752,939,4,2025-05-02
2766,451,8,2025-05-02
3024,508,3,2025-05-02
5536,319,9,2025-05-02
3389,359,5,2025-05-03
3602,91,2,2025-05-03
8925,963,9,2025-05-03
5994,841,2,2025-05-04
300,615,8,2025-05-04
2146,506,7,2025-05-04
3903,37,7,2025-05-04
9933,230,7,2025-05-04
2984,293,1,2025-05-04
6772,402,7,2025-05-04
8407,648,2,2025-05-04
6628,566,1,2025-05-05
2062,205,2,2025-05-05
4177,834,5,2025-05-05
5098,659,2,2025-05-05
139,226,3,2025-05-05
7326,569,3,2025-05-05
5228,234,1,2025-05-05
2071,643,8,2025-05-06
1626,516,10,2025-05-06
1131,838,6,2025-05-06
7500,342,10,2025-05-06
6303,59,7,2025-05-06
3004,120,7,2025-05-06
3050,657,5,2025-05-07
8555,696,1,2025-05-07
2709,313,7,2025-05-07
9324,63,5,2025-05-07
6933,637,8,2025-05-07
6557,458,1,2025-05-07
1396,594,6,2025-05-07
4299,336,5,2025-05-08
3672,620,7,2025-05-08
6001,937,1,2025-05-08
9662,893,1,2025-05-08
700,412,2,2025-05-09
897,525,7,2025-05-09
4522,739,2,2025-05-09
2021,652,2,2025-05-09
5565,593,3,2025-05-09
5528,640,3,2025-05-09
6372,709,7,2025-05-09
9783,437,9,2025-05-09
5864,663,2,2025-05-09
8932,918,9,2025-05-09
5938,117,7,2025-05-09
8250,267,2,2025-05-10
1485,688,1,2025-05-10
7958,297,1,2025-05-10
6902,518,2,2025-05-10
3594,999,5,2025-05-11
7043,774,1,2025-05-11
5578,533,7,2025-05-11
3480,816,5,2025-05-11
7265,230,10,2025-05-11
7853,600,4,2025-05-11
4359,98,9,2025-05-11
3842,466,3,2025-05-11
7087,523,3,2025-05-12
8715,822,2,2025-05-12
2423,972,6,2025-05-12
6959,709,3,2025-05-12
9099,432,1,2025-05-12
5899,951,10,2025-05-12
7456,957,2,2025-05-12
3244,48,9,2025-05-12
4404,84,1,2025-05-13
5833,245,5,2025-05-13
201,626,3,2025-05-13
95,256,7,2025-05-13
1990,499,10,2025-05-13
9043,658,2,2025-05-13
428,403,3,2025-05-13
5424,966,1,2025-05-13
9264,40,2,2025-05-13
1367,536,2,2025-05-14
3760,822,2,2025-05-14
5202,396,3,2025-05-14
2386,694,3,2025-05-14
3883,432,1,2025-05-14
6987,876,7,2025-05-14
3415,213,1,2025-05-14
992,761,9,2025-05-14
7835,181,2,2025-05-14
5399,373,4,2025-05-15
5821,688,4,2025-05-15
3937,459,3,2025-05-15
6165,490,3,2025-05-15
7486,627,6,2025-05-15
6338,496,7,2025-05-15
5915,470,6,2025-05-16
6711,520,1,2025-05-16
481,15,7,2025-05-17
226,92,2,2025-05-17
4398,753,1,2025-05-17
8245,891,10,2025-05-17
5107,101,2,2025-05-17
1047,493,7,2025-05-17
5308,370,2,2025-05-17
4610,81,1,2025-05-18
1046,219,4,2025-05-18
6119,893,9,2025-05-18
2358,885,1,2025-05-18
6945,638,4,2025-05-18
7836,831,3,2025-05-18
9271,374,2,2025-05-18
4804,858,3,2025-05-18
6759,891,2,2025-05-18
4971,966,1,2025-05-19
1578,29,3,2025-05-19
9728,50,7,2025-05-19
6533,996,1,2025-05-19
9620,401,10,2025-05-19
2343,576,2,2025-05-20
2624,319,1,2025-05-20
6224,25,8,2025-05-20
9455,71,2,2025-05-20
1122,463,1,2025-05-20
1410,870,5,2025-05-21
6117,601,5,2025-05-21
6040,235,9,2025-05-21
1025,568,6,2025-05-21
2849,30,1,2025-05-21
1227,792,2,2025-05-21
2192,256,3,2025-05-21
8934,654,7,2025-05-21
4064,879,7,2025-05-22
74,552,7,2025-05-22
4923,773,2,2025-05-22
5464,171,5,2025-05-22
1068,82,9,2025-05-22
6309,412,3,2025-05-22
2384,32,3,2025-05-22
6068,546,3,2025-05-22
1430,453,2,2025-05-23
6576,816,1,2025-05-23
3615,14,1,2025-05-23
3310,32,7,2025-05-23
355,144,10,2025-05-23
2841,111,2,2025-05-23
2139,144,8,2025-05-24
6146,175,3,2025-05-24
3600,134,6,2025-05-24
2368,995,8,2025-05-24
1067,161,6,2025-05-24
7990,658,1,2025-05-24
3753,247,9,2025-05-25
7334,247,2,2025-05-25
2007,386,2,2025-05-25
7468,745,2,2025-05-25
2681,686,9,2025-05-25
8332,333,3,2025-05-26
5912,987,2,2025-05-26
6264,805,3,2025-05-26
8482,292,9,2025-05-26
7709,176,2,2025-05-26
5771,990,2,2025-05-26
5690,943,9,2025-05-26
4890,346,10,2025-05-26
2965,784,3,2025-05-26
4790,939,3,2025-05-27
3269,699,5,2025-05-27
7749,671,4,2025-05-27
9158,616,2,2025-05-27
8568,288,2,2025-05-27
5263,9,9,2025-05-27
917,862,3,2025-05-27
7482,969,5,2025-05-28
3809,945,3,2025-05-28
4625,161,1,2025-05-28
7204,325,1,2025-05-28
6570,106,2,2025-05-28
2267,562,6,2025-05-28
9227,461,3,2025-05-28
1257,372,2,2025-05-28
3347,655,6,2025-05-29
24,706,4,2025-05-29
2134,993,5,2025-05-29
7127,394,1,2025-05-29
8292,823,1,2025-05-29
9277,621,1,2025-05-29
3801,184,7,2025-05-30
4204,597,3,2025-05-30
149,10,2,2025-05-30
5627,446,2,2025-05-30
3092,123,10,2025-05-30
4487,792,3,2025-05-30
8589,415,2,2025-05-30
8441,620,2,2025-05-30
5935,163,6,2025-05-31
3357,220,3,2025-05-31
2483,317,4,2025-05-31
8764,843,10,2025-05-31
5851,556,3,2025-05-31
6508,872,8,2025-06-01
3715,458,3,2025-06-01
1810,808,10,2025-06-01
2585,383,6,2025-06-01
9251,146,2,2025-06-01
5967,991,2,2025-06-02
8226,923,2,2025-06-02
9298,562,2,2025-06-02
8897,904,2,2025-06-02
8982,643,7,2025-06-02
9200,187,1,2025-06-02
6334,847,9,2025-06-02
785,639,7,2025-06-03
3333,554,2,2025-06-03
6351,967,2,2025-06-03
987,556,5,2025-06-03
9862,429,7,2025-06-03
5380,961,7,2025-06-03
3008,815,5,2025-06-03
3581,603,9,2025-06-04
3383,960,9,2025-06-04
9755,183,10,2025-06-04
7761,104,1,2025-06-04
1580,557,9,2025-06-04
6235,657,7,2025-06-04
2876,583,7,2025-06-04
6737,865,1,2025-06-04
1069,12,1,2025-06-04
7291,995,7,2025-06-04
2886,308,3,2025-06-05
2391,185,9,2025-06-05
8242,463,10,2025-06-05
8516,256,4,2025-06-05
2537,899,7,2025-06-05
4685,10,2,2025-06-05
6524,476,10,2025-06-06
2010,96,6,2025-06-06
3209,707,7,2025-06-06
2822,600,2,2025-06-06
900,50,4,2025-06-06
9423,952,9,2025-06-06
2016,629,4,2025-06-06
2517,564,7,2025-06-07
1297,303,7,2025-06-07
9444,378,2,2025-06-07
1247,178,1,2025-06-07
3884,504,1,2025-06-07
3227,581,2,2025-06-07
3160,421,1,2025-06-07
618,423,4,2025-06-07
4432,814,7,2025-06-08
13,963,6,2025-06-08
5321,537,1,2025-06-08
8291,945,10,2025-06-08
7649,938,5,2025-06-08
2989,713,5,2025-06-08
5284,955,5,2025-06-08
7426,863,2,2025-06-08
1603,792,8,2025-06-09
2823,608,7,2025-06-09
7314,462,9,2025-06-09
6771,936,7,2025-06-09
9987,865,2,2025-06-09
4388,701,2,2025-06-09
2017,740,9,2025-06-09
7696,246,3,2025-06-10
166,967,1,2025-06-10
4703,582,10,2025-06-11
6819,767,7,2025-06-11
8633,617,1,2025-06-11
9554,277,7,2025-06-11
3562,552,5,2025-06-11
9178,339,2,2025-06-12
5746,146,2,2025-06-12
4706,205,2,2025-06-12
6546,690,3,2025-06-12
9393,181,7,2025-06-12
3334,680,3,2025-06-12
5678,236,9,2025-06-13
1973,281,7,2025-06-13
2042,973,1,2025-06-13
2804,520,3,2025-06-13
6939,10,2,2025-06-13
9988,825,2,2025-06-14
6063,528,8,2025-06-14
815,661,2,2025-06-14
8506,781,10,2025-06-14
2236,825,10,2025-06-14
3695,238,9,2025-06-14
2626,116,1,2025-06-14
956,344,10,2025-06-14
2293,474,4,2025-06-14
5021,37,2,2025-06-14
8396,654,7,2025-06-14
7132,208,3,2025-06-15
6981,462,3,2025-06-15
5958,832,7,2025-06-15
7309,691,7,2025-06-16
2563,852,9,2025-06-16
3090,451,2,2025-06-16
3100,76,7,2025-06-16
6751,854,2,2025-06-16
439,408,2,2025-06-16
6895,185,2,2025-06-17
6074,49,7,2025-06-17
5009,948,1,2025-06-17
2294,908,9,2025-06-18
5210,569,3,2025-06-18
1943,316,5,2025-06-18
3198,591,9,2025-06-18
2787,892,7,2025-06-19
8749,854,3,2025-06-19
7779,125,6,2025-06-19
8971,377,8,2025-06-19
4475,294,6,2025-06-20
1837,388,2,2025-06-20
9368,404,5,2025-06-20
8461,382,7,2025-06-20
3677,685,9,2025-06-20
5845,247,7,2025-06-20
731,809,7,2025-06-20
1585,527,2,2025-06-21
6482,518,2,2025-06-21
3129,314,3,2025-06-21
8519,940,2,2025-06-21
132,225,5,2025-06-21
252,556,4,2025-06-21
7163,382,1,2025-06-21
2439,563,6,2025-06-22
7219,188,6,2025-06-22
8831,82,7,2025-06-22
8211,120,5,2025-06-22
7959,843,1,2025-06-22
2620,730,7,2025-06-23
7317,260,2,2025-06-23
5236,562,7,2025-06-23
8697,194,1,2025-06-23
7387,609,8,2025-06-23
5113,63,2,2025-06-23
9711,436,2,2025-06-23
3192,241,6,2025-06-23
4151,492,2,2025-06-23
4810,44,1,2025-06-24
3925,670,9,2025-06-24
3828,818,7,2025-06-24
2116,332,2,2025-06-24
9076,691,1,2025-06-24
3076,294,6,2025-06-24
8702,327,1,2025-06-25
292,84,2,2025-06-25
6195,661,5,2025-06-25
7742,791,9,2025-06-26
2903,852,9,2025-06-26
3195,42,4,2025-06-26
8128,164,1,2025-06-26
5292,547,2,2025-06-26
4264,680,3,2025-06-26
5532,666,3,2025-06-26
290,293,3,2025-06-26
7162,399,1,2025-06-26
1744,650,10,2025-06-27
8542,376,7,2025-06-27
1965,6,2,2025-06-27
5930,325,10,2025-06-27
9472,353,5,2025-06-28
23,330,3,2025-06-28
4301,748,6,2025-06-28
8640,734,9,2025-06-28
8990,520,7,2025-06-28
3945,779,7,2025-06-28
8124,659,5,2025-06-28
1214,867,4,2025-06-28
7258,996,1,2025-06-28
9238,605,5,2025-06-28
9297,431,1,2025-06-28
187,757,2,2025-06-29
5610,546,6,2025-06-29
3767,245,2,2025-06-29
5951,537,7,2025-06-30
3548,196,2,2025-06-30
9140,740,2,2025-06-30
125,312,2,2025-06-30
6448,764,2,2025-06-30
359,169,3,2025-06-30
1743,851,2,2025-06-30
2888,607,4,2025-06-30
3629,890,5,2025-06-30
764,665,3,2025-06-30
911,492,2,2025-06-30
331,757,3,2025-07-01
8550,811,8,2025-07-01
8792,330,2,2025-07-01
2096,171,5,2025-07-01
8597,464,3,2025-07-01
5110,810,1,2025-07-02
7090,380,3,2025-07-03
9577,800,9,2025-07-03
3279,248,3,2025-07-03
8638,589,2,2025-07-03
4965,708,4,2025-07-03
5152,893,9,2025-07-03
1130,633,5,2025-07-04
1467,404,2,2025-07-04
8770,674,1,2025-07-04
9958,19,9,2025-07-04
3859,397,7,2025-07-04
4647,511,7,2025-07-04
5633,846,4,2025-07-04
5918,481,2,2025-07-04
9601,250,7,2025-07-05
7067,34,3,2025-07-05
1268,878,9,2025-07-05
7327,388,6,2025-07-05
6101,738,3,2025-07-05
9748,256,4,2025-07-05
7598,42,3,2025-07-05
244,983,1,2025-07-06
1341,704,3,2025-07-06
5749,920,3,2025-07-06
2495,976,9,2025-07-07
9341,941,2,2025-07-07
4357,184,2,2025-07-07
4871,99,3,2025-07-08
8107,245,10,2025-07-08
4248,961,6,2025-07-08
6450,619,9,2025-07-08
4641,116,2,2025-07-09
3247,113,9,2025-07-09
9485,714,2,2025-07-09
8947,735,1,2025-07-10
2778,516,1,2025-07-10
7157,362,1,2025-07-10
5120,528,1,2025-07-10
807,915,4,2025-07-11
5977,708,8,2025-07-12
4710,794,3,2025-07-13
9910,868,4,2025-07-13
7693,954,2,2025-07-13
7320,376,1,2025-07-13
5394,606,7,2025-07-13
1666,695,10,2025-07-13
7702,576,7,2025-07-15
387,378,7,2025-07-15
3233,143,9,2025-07-15
7454,803,2,2025-07-15
1691,717,9,2025-07-16
2877,973,7,2025-07-16
9008,316,1,2025-07-17
291,378,7,2025-07-17
1352,998,9,2025-07-17
9975,965,1,2025-07-17
8051,721,1,2025-07-17
7452,71,2,2025-07-17
285,562,6,2025-07-18
6806,783,5,2025-07-18
7601,7,3,2025-07-18
9759,49,7,2025-07-19
6420,951,7,2025-07-19
3017,859,5,2025-07-19
4723,819,1,2025-07-20
2153,817,6,2025-07-20
4415,697,6,2025-07-21
2151,713,5,2025-07-21
7012,847,8,2025-07-21
2280,697,1,2025-07-21
1986,557,7,2025-07-22
3814,658,5,2025-07-22
967,558,4,2025-07-22
1454,684,3,2025-07-23
2814,695,7,2025-07-23
2568,195,3,2025-07-23
3314,49,3,2025-07-24
2148,546,7,2025-07-24
3626,928,3,2025-07-24
322,579,4,2025-07-25
430,681,1,2025-07-25
5620,972,7,2025-07-25
1236,203,3,2025-07-25
4705,971,3,2025-07-26
8648,821,2,2025-07-26
6690,527,6,2025-07-27
4164,624,2,2025-07-27
299,18,10,2025-07-27
1480,214,1,2025-07-28
1479,615,7,2025-07-28
9736,178,2,2025-07-29
2310,487,1,2025-07-29
1489,672,4,2025-07-29
2418,633,7,2025-07-29
7446,342,7,2025-07-29
5725,778,1,2025-07-29
4491,962,9,2025-07-29
207,92,6,2025-07-29
2566,696,2,2025-07-30
6549,242,5,2025-07-30
999,14,2,2025-07-30
5083,349,7,2025-07-30
5562,45,2,2025-07-30
3702,976,9,2025-07-31
4489,267,2,2025-07-31
4097,726,9,2025-07-31
5727,934,5,2025-08-01
5366,887,1,2025-08-01
5495,157,10,2025-08-01
9239,944,9,2025-08-01
877,597,7,2025-08-01
766,38,1,2025-08-01
8473,730,9,2025-08-01
8999,868,10,2025-08-01
8011,994,8,2025-08-01
8859,218,1,2025-08-02
8918,846,10,2025-08-02
1269,740,6,2025-08-02
4335,132,2,2025-08-02
9739,438,3,2025-08-03
7834,858,5,2025-08-03
9512,93,1,2025-08-04
1342,502,1,2025-08-04
2429,951,2,2025-08-04
8431,383,3,2025-08-04
8110,983,7,2025-08-04
6346,302,6,2025-08-05
3959,820,6,2025-08-05
1510,129,2,2025-08-05
2135,771,2,2025-08-06
1770,313,2,2025-08-06
9756,357,3,2025-08-06
1531,81,9,2025-08-06
468,755,1,2025-08-06
6493,395,9,2025-08-06
8690,255,6,2025-08-07
6018,360,1,2025-08-07
1202,829,5,2025-08-07
7680,984,9,2025-08-07
5094,687,9,2025-08-08
4850,800,7,2025-08-08
9410,840,1,2025-08-08
4960,221,7,2025-08-09
8456,513,3,2025-08-09
1877,869,2,2025-08-09
128,647,9,2025-08-09
1437,291,1,2025-08-09
980,398,2,2025-08-10
8158,549,2,2025-08-10
5080,807,4,2025-08-10
5028,616,2,2025-08-10
3893,835,7,2025-08-10
9772,658,4,2025-08-11
2141,976,2,2025-08-12
3875,641,9,2025-08-12
9550,80,5,2025-08-12
2207,35,9,2025-08-12
2867,517,9,2025-08-12
3561,3,7,2025-08-13
8500,911,5,2025-08-13
1600,23,8,2025-08-14
1073,511,9,2025-08-14
2129,649,3,2025-08-14
351,201,9,2025-08-14
3585,170,9,2025-08-14
6228,490,4,2025-08-14
2611,254,4,2025-08-15
4747,682,3,2025-08-15
2598,215,7,2025-08-15
1051,313,1,2025-08-16
9228,128,7,2025-08-16
6541,375,6,2025-08-16
1926,292,2,2025-08-16
6171,827,7,2025-08-16
6169,127,3,2025-08-16
2687,395,1,2025-08-17
1379,781,1,2025-08-17
7191,331,7,2025-08-17
926,303,1,2025-08-17
8049,485,6,2025-08-18
6769,818,9,2025-08-18
8305,694,3,2025-08-18
9517,733,7,2025-08-18
7512,572,7,2025-08-18
4651,486,10,2025-08-19
7227,679,8,2025-08-19
5947,899,7,2025-08-19
2316,358,5,2025-08-19
3622,996,3,2025-08-19
4692,832,7,2025-08-19
5948,828,9,2025-08-20
6198,116,9,2025-08-20
1566,993,7,2025-08-20
1419,639,2,2025-08-20
5348,553,6,2025-08-20
4601,681,5,2025-08-20
9316,775,1,2025-08-20
4021,647,2,2025-08-20
8503,697,1,2025-08-21
5295,807,7,2025-08-21
6409,240,7,2025-08-21
3164,828,2,2025-08-21
5063,858,2,2025-08-22
4086,708,7,2025-08-22
4030,131,7,2025-08-22
9375,722,7,2025-08-22
154,830,8,2025-08-22
1482,858,2,2025-08-23
9557,65,2,2025-08-23
1206,640,9,2025-08-23
9556,793,2,2025-08-23
8312,581,3,2025-08-25
1554,795,6,2025-08-25
458,733,3,2025-08-25
9542,434,1,2025-08-25
2540,310,8,2025-08-26
9381,279,2,2025-08-26
2648,192,7,2025-08-26
7766,519,9,2025-08-26
820,933,5,2025-08-27
5519,816,6,2025-08-27
9265,142,6,2025-08-27
7616,351,8,2025-08-28
7875,159,1,2025-08-28
3709,194,8,2025-08-28
6237,424,2,2025-08-28
3402,239,4,2025-08-29
8566,508,2,2025-08-29
4627,237,10,2025-08-29
9500,785,7,2025-08-29
2638,702,2,2025-08-29
284,44,7,2025-08-29
6059,10,9,2025-08-29
3449,807,9,2025-08-30
3951,729,2,2025-08-30
9443,539,2,2025-08-30
3110,562,10,2025-08-30
9420,383,7,2025-08-31
8554,317,3,2025-08-31
5066,978,5,2025-08-31
8685,926,1,2025-08-31
7342,238,2,2025-09-01
2322,265,7,2025-09-01
1896,106,2,2025-09-01
842,678,1,2025-09-01
7469,579,7,2025-09-01
1466,612,2,2025-09-01
2123,543,8,2025-09-01
2694,43,1,2025-09-01
6376,730,1,2025-09-02
6859,779,5,2025-09-02
5783,884,4,2025-09-02
7592,156,2,2025-09-02
5122,9,1,2025-09-02
2833,197,1,2025-09-02
9039,891,2,2025-09-02
4974,207,7,2025-09-02
1041,684,5,2025-09-02
3274,386,5,2025-09-03
479,881,7,2025-09-03
3143,260,2,2025-09-03
1711,499,9,2025-09-03
8630,587,6,2025-09-03
9932,146,3,2025-09-03
7188,453,10,2025-09-03
8602,702,2,2025-09-04
2740,739,3,2025-09-04
9225,805,4,2025-09-04
6258,940,1,2025-09-04
8373,211,1,2025-09-04
6010,635,2,2025-09-04
9745,845,1,2025-09-04
892,288,7,2025-09-04
5974,712,6,2025-09-04
1265,617,6,2025-09-04
7970,832,3,2025-09-05
9358,799,8,2025-09-05
7134,401,1,2025-09-05
8233,27,7,2025-09-05
2798,196,3,2025-09-05
1085,187,8,2025-09-05
8618,376,1,2025-09-06
8643,971,1,2025-09-06
1005,986,5,2025-09-06
4784,555,2,2025-09-06
7786,789,2,2025-09-06
5908,890,2,2025-09-06
2959,745,6,2025-09-06
7125,781,9,2025-09-07
3729,984,10,2025-09-07
776,764,9,2025-09-07
6866,344,7,2025-09-07
8524,96,1,2025-09-07
7406,374,7,2025-09-07
3393,606,5,2025-09-07
515,875,4,2025-09-07
8802,772,2,2025-09-07
2716,685,6,2025-09-07
4198,802,1,2025-09-08
5673,666,7,2025-09-08
7120,583,9,2025-09-08
4701,268,8,2025-09-08
555,277,6,2025-09-08
587,152,2,2025-09-09
7281,192,2,2025-09-09
9567,44,3,2025-09-09
1868,780,4,2025-09-09
3960,450,2,2025-09-09
7606,62,2,2025-09-09
2845,818,1,2025-09-09
8037,598,6,2025-09-10
8023,955,7,2025-09-10
5557,168,1,2025-09-10
1475,540,1,2025-09-10
5492,742,7,2025-09-10
2895,814,1,2025-09-10
4609,302,9,2025-09-10
6548,119,2,2025-09-11
1643,809,7,2025-09-11
21,127,3,2025-09-11
5488,970,1,2025-09-11
122,756,7,2025-09-11
9167,809,8,2025-09-11
1143,669,10,2025-09-11
9753,724,8,2025-09-11
2239,90,8,2025-09-12
5184,937,7,2025-09-12
6070,877,9,2025-09-12
9603,844,7,2025-09-12
1920,579,8,2025-09-12
2256,544,7,2025-09-12
3246,224,2,2025-09-12
8856,102,4,2025-09-12
4361,773,2,2025-09-12
1335,315,10,2025-09-12
4902,434,2,2025-09-13
9919,99,6,2025-09-13
8388,689,3,2025-09-13
5923,206,5,2025-09-13
5206,470,7,2025-09-13
3933,324,7,2025-09-13
1937,531,10,2025-09-13
8825,816,8,2025-09-13
4649,167,1,2025-09-13
8785,758,6,2025-09-13
7115,531,9,2025-09-14
690,732,7,2025-09-14
2526,955,2,2025-09-14
420,866,2,2025-09-14
2582,689,7,2025-09-14
4229,592,1,2025-09-14
73,215,10,2025-09-14
9591,617,5,2025-09-14
7915,81,3,2025-09-14
8340,128,7,2025-09-14
4447,433,10,2025-09-15
7290,441,2,2025-09-15
958,430,7,2025-09-15
2949,800,6,2025-09-15
7762,696,6,2025-09-15
8891,844,1,2025-09-15
1941,702,1,2025-09-15
5319,336,8,2025-09-15
5621,626,2,2025-09-15
8480,752,7,2025-09-15
1000,160,5,2025-09-15
7508,524,1,2025-09-15
6665,949,3,2025-09-15
9475,830,10,2025-09-15
4926,807,7,2025-09-15
6584,265,5,2025-09-15
8257,265,3,2025-09-16
7176,168,1,2025-09-16
4800,299,9,2025-09-16
54,69,6,2025-09-16
9311,769,1,2025-09-16
7947,523,7,2025-09-16
8993,212,9,2025-09-16
7008,893,2,2025-09-16
4525,804,9,2025-09-16
4378,582,7,2025-09-16
4221,458,7,2025-09-16
4409,918,2,2025-09-16
2252,524,7,2025-09-17
5781,697,7,2025-09-17
913,411,2,2025-09-17
3142,967,2,2025-09-17
7284,10,7,2025-09-17
4013,121,1,2025-09-17
574,249,2,2025-09-17
7160,742,7,2025-09-17
1320,634,7,2025-09-17
8161,362,1,2025-09-18
6864,739,1,2025-09-18
7614,956,3,2025-09-18
2419,213,2,2025-09-18
3674,359,8,2025-09-18
9669,260,3,2025-09-18
6758,265,7,2025-09-18
1982,511,9,2025-09-18
4072,274,9,2025-09-18
4061,955,9,2025-09-19
6925,43,6,2025-09-19
1393,317,1,2025-09-19
6069,972,2,2025-09-19
3098,992,9,2025-09-19
4663,871,1,2025-09-19
3669,9,2,2025-09-19
6144,550,1,2025-09-19
4991,955,1,2025-09-19
3424,375,1,2025-09-19
582,176,2,2025-09-19
1698,454,1,2025-09-19
1537,441,2,2025-09-19
5242,887,1,2025-09-20
2616,46,9,2025-09-20
6535,151,7,2025-09-20
2808,532,2,2025-09-21
942,797,1,2025-09-21
4715,991,9,2025-09-21
6083,910,5,2025-09-21
192,435,5,2025-09-22
1612,671,5,2025-09-22
4935,129,9,2025-09-22
875,585,8,2025-09-22
4565,441,5,2025-09-22
9823,482,8,2025-09-22
7961,79,5,2025-09-22
388,561,1,2025-09-22
7920,666,9,2025-09-22
1010,824,1,2025-09-22
4121,75,1,2025-09-22
8981,673,9,2025-09-22
9935,691,8,2025-09-22
6881,787,2,2025-09-22
2238,887,8,2025-09-22
1021,363,3,2025-09-23
7917,242,1,2025-09-23
6950,810,7,2025-09-23
3559,38,7,2025-09-23
4579,598,7,2025-09-23
5736,295,1,2025-09-23
8294,604,2,2025-09-23
3923,329,6,2025-09-23
9761,304,7,2025-09-23
9037,761,10,2025-09-23
3707,355,5,2025-09-23
8399,168,6,2025-09-23
1384,385,10,2025-09-23
7491,573,4,2025-09-24
3762,140,9,2025-09-24
92,671,2,2025-09-24
7330,825,1,2025-09-24
1188,400,2,2025-09-24
4807,48,4,2025-09-24
7106,517,6,2025-09-24
1701,116,7,2025-09-24
7755,394,1,2025-09-24
1709,135,8,2025-09-24
7498,180,8,2025-09-24
3889,84,7,2025-09-24
3630,22,9,2025-09-25
427,736,1,2025-09-25
1442,353,6,2025-09-25
1411,727,2,2025-09-25
4351,312,1,2025-09-25
5957,140,3,2025-09-25
7907,367,10,2025-09-25
4255,616,10,2025-09-25
5682,83,2,2025-09-25
9776,582,10,2025-09-26
1239,519,2,2025-09-26
5388,482,9,2025-09-26
3583,943,7,2025-09-26
1781,86,5,2025-09-26
2031,537,1,2025-09-26
8450,591,1,2025-09-27
8661,931,3,2025-09-27
5377,371,2,2025-09-27
4319,441,8,2025-09-27
5561,942,9,2025-09-27
4561,579,9,2025-09-27
2878,900,6,2025-09-27
7013,419,8,2025-09-28
4656,164,2,2025-09-28
6587,501,5,2025-09-28
748,229,2,2025-09-28
2112,444,1,2025-09-28
5338,185,7,2025-09-28
9950,482,6,2025-09-28
1788,17,1,2025-09-28
6890,704,2,2025-09-28
2623,358,1,2025-09-28
2762,791,8,2025-09-28
6256,827,3,2025-09-28
5506,342,2,2025-09-28
1242,873,1,2025-09-29
7272,31,7,2025-09-29
8476,758,8,2025-09-29
1784,136,2,2025-09-29
3344,777,1,2025-09-29
5960,971,5,2025-09-29
3546,79,7,2025-09-30
2792,176,2,2025-09-30
8333,886,10,2025-09-30
5255,609,3,2025-09-30
2756,711,4,2025-09-30
5782,114,1,2025-09-30
8680,424,8,2025-09-30
9194,351,3,2025-10-01
1190,156,10,2025-10-01
2561,718,7,2025-10-01
1034,280,10,2025-10-02
8194,770,7,2025-10-02
3913,804,9,2025-10-02
9607,479,1,2025-10-02
6620,171,5,2025-10-02
7685,896,5,2025-10-02
3145,89,8,2025-10-02
251,160,6,2025-10-03
9121,127,9,2025-10-03
4149,447,2,2025-10-03
5531,383,8,2025-10-03
825,281,9,2025-10-03
952,663,7,2025-10-03
732,779,2,2025-10-03
8247,794,3,2025-10-03
8235,508,5,2025-10-04
8267,331,6,2025-10-04
5262,416,3,2025-10-04
1042,841,2,2025-10-04
4314,402,2,2025-10-04
9274,517,6,2025-10-04
362,932,10,2025-10-04
6149,715,6,2025-10-04
7681,953,2,2025-10-04
6633,358,2,2025-10-04
8922,610,5,2025-10-04
729,659,1,2025-10-04
9374,676,9,2025-10-04
8582,241,3,2025-10-04
2746,240,1,2025-10-05
9073,33,4,2025-10-05
5748,928,5,2025-10-05
611,644,7,2025-10-05
6764,603,3,2025-10-05
8164,594,5,2025-10-05
2497,180,4,2025-10-05
853,586,2,2025-10-05
7943,429,2,2025-10-06
2846,586,7,2025-10-06
4676,480,3,2025-10-06
2133,748,1,2025-10-07
3535,943,2,2025-10-07
9336,245,6,2025-10-07
948,344,3,2025-10-07
1104,64,2,2025-10-07
2442,609,8,2025-10-07
4187,134,3,2025-10-07
7112,900,4,2025-10-07
1838,3,2,2025-10-07
8547,832,7,2025-10-07
6011,716,2,2025-10-07
370,659,1,2025-10-08
2945,835,8,2025-10-08
4517,736,7,2025-10-08
5378,933,1,2025-10-08
5896,301,7,2025-10-08
1199,975,8,2025-10-08
9299,534,7,2025-10-09
475,686,1,2025-10-09
4605,183,10,2025-10-09
3388,938,3,2025-10-09
5883,322,9,2025-10-09
9782,986,4,2025-10-09
8651,338,2,2025-10-10
8650,255,2,2025-10-10
9094,51,2,2025-10-10
432,797,3,2025-10-10
7304,546,7,2025-10-10
6851,810,1,2025-10-10
2836,706,10,2025-10-10
7408,71,7,2025-10-11
3128,986,10,2025-10-11
368,969,9,2025-10-11
6177,276,4,2025-10-11
9619,83,2,2025-10-11
4726,258,1,2025-10-11
6883,817,7,2025-10-12
7372,345,2,2025-10-12
7682,730,2,2025-10-12
1534,469,1,2025-10-12
1790,884,7,2025-10-12
3737,469,8,2025-10-12
7941,84,1,2025-10-12
1715,124,2,2025-10-12
6483,192,6,2025-10-12
3662,914,5,2025-10-13
6781,450,9,2025-10-13
9533,96,9,2025-10-13
7989,875,2,2025-10-13
3041,849,9,2025-10-13
1382,826,6,2025-10-13
3055,345,10,2025-10-14
718,739,2,2025-10-14
3425,842,1,2025-10-14
3921,503,1,2025-10-14
7074,294,5,2025-10-14
5644,490,6,2025-10-14
5412,854,6,2025-10-14
4981,862,2,2025-10-14
2335,451,8,2025-10-14
9005,940,1,2025-10-15
5881,613,3,2025-10-15
5870,944,7,2025-10-15
7300,682,10,2025-10-15
3287,639,6,2025-10-15
1512,286,3,2025-10-15
492,218,7,2025-10-15
6242,929,9,2025-10-15
9926,604,2,2025-10-16
1074,506,10,2025-10-16
5251,914,7,2025-10-16
6522,357,10,2025-10-16
4139,152,3,2025-10-16
5988,854,6,2025-10-16
2447,834,9,2025-10-16
8156,644,5,2025-10-16
5039,816,2,2025-10-16
7024,803,5,2025-10-16
6424,90,3,2025-10-16
4893,347,4,2025-10-16
262,489,2,2025-10-16
19,923,5,2025-10-17
8411,896,2,2025-10-17
5887,313,7,2025-10-17
4521,220,8,2025-10-17
1765,742,10,2025-10-17
4503,631,9,2025-10-17
1428,780,4,2025-10-17
1113,844,4,2025-10-18
282,90,2,2025-10-18
5143,297,2,2025-10-18
808,355,1,2025-10-18
9923,259,3,2025-10-18
276,304,1,2025-10-18
7955,775,5,2025-10-18
9021,23,9,2025-10-18
7690,621,7,2025-10-18
1541,502,1,2025-10-18
1891,410,2,2025-10-18
957,661,8,2025-10-18
6619,56,2,2025-10-18
3754,429,1,2025-10-19
2229,391,2,2025-10-19
4774,357,5,2025-10-19
1325,40,7,2025-10-19
9034,990,1,2025-10-19
6860,743,3,2025-10-20
6428,179,5,2025-10-20
9540,948,1,2025-10-20
9280,237,9,2025-10-20
2441,811,2,2025-10-20
3035,967,5,2025-10-20
83,907,1,2025-10-20
9944,280,3,2025-10-20
3187,338,6,2025-10-20
6735,696,4,2025-10-21
5686,776,2,2025-10-21
1773,602,1,2025-10-21
595,399,2,2025-10-21
6243,432,7,2025-10-21
3704,938,5,2025-10-22
5461,922,5,2025-10-22
689,559,7,2025-10-22
4885,689,6,2025-10-22
6041,923,1,2025-10-22
1846,385,4,2025-10-22
8878,77,7,2025-10-23
2410,294,7,2025-10-23
8601,799,2,2025-10-23
9911,321,2,2025-10-23
3318,988,3,2025-10-23
168,808,2,2025-10-23
7670,757,2,2025-10-23
7405,566,9,2025-10-23
884,596,9,2025-10-23
9159,213,1,2025-10-23
1619,650,1,2025-10-24
7554,732,1,2025-10-24
9846,780,8,2025-10-24
4680,160,9,2025-10-24
9385,300,5,2025-10-24
1053,742,2,2025-10-25
6916,110,2,2025-10-25
1793,398,7,2025-10-25
1539,185,4,2025-10-25
4708,297,5,2025-10-25
88,65,2,2025-10-25
7495,550,8,2025-10-25
9392,353,5,2025-10-25
4555,365,5,2025-10-25
7643,578,4,2025-10-25
1343,768,7,2025-10-25
8044,891,1,2025-10-25
9511,252,7,2025-10-25
423,141,1,2025-10-26
3603,873,7,2025-10-26
4781,258,2,2025-10-26
8866,15,4,2025-10-26
3947,174,9,2025-10-26
5350,226,5,2025-10-26
8593,962,3,2025-10-26
5425,860,3,2025-10-26
7059,482,4,2025-10-26
9763,493,1,2025-10-27
3149,1,2,2025-10-27
6568,267,9,2025-10-27
2461,598,2,2025-10-27
6670,111,2,2025-10-27
350,965,10,2025-10-27
3684,851,2,2025-10-27
4909,489,1,2025-10-27
6786,289,5,2025-10-27
6894,875,1,2025-10-27
9712,31,5,2025-10-28
7902,830,4,2025-10-28
4687,64,7,2025-10-28
9346,964,10,2025-10-28
6914,157,1,2025-10-28
4068,786,1,2025-10-28
4842,973,9,2025-10-29
4345,246,1,2025-10-29
4745,558,2,2025-10-29
782,116,3,2025-10-29
9599,389,9,2025-10-29
1647,225,7,2025-10-29
5101,913,4,2025-10-29
750,25,2,2025-10-29
1958,329,7,2025-10-30
2487,351,9,2025-10-30
482,796,7,2025-10-30
2301,125,3,2025-10-30
1536,144,4,2025-10-30
1418,153,1,2025-10-30
3761,5,1,2025-10-30
8030,919,6,2025-10-30
6903,109,2,2025-10-30
3909,540,1,2025-10-30
6330,776,1,2025-10-30
719,158,5,2025-10-30
8232,577,4,2025-10-31
3006,324,9,2025-10-31
6458,290,10,2025-10-31
12,767,1,2025-10-31
8279,194,2,2025-10-31
9976,911,2,2025-10-31
1813,5,7,2025-10-31
2754,863,1,2025-10-31
7053,76,3,2025-10-31
2874,224,8,2025-10-31
659,312,3,2025-11-01
9704,498,8,2025-11-01
7156,294,5,2025-11-01
8184,521,3,2025-11-01
5274,485,2,2025-11-01
2474,264,7,2025-11-01
541,644,10,2025-11-02
6381,643,2,2025-11-02
9150,199,6,2025-11-02
2765,577,7,2025-11-02
6833,411,9,2025-11-02
6878,627,1,2025-11-02
3289,933,9,2025-11-03
4207,475,9,2025-11-03
3748,112,3,2025-11-03
104,383,10,2025-11-03
4690,972,5,2025-11-03
5681,113,4,2025-11-03
2381,384,3,2025-11-04
8755,325,1,2025-11-04
6683,625,9,2025-11-04
8384,26,7,2025-11-04
1288,927,2,2025-11-05
2328,303,3,2025-11-05
6804,460,7,2025-11-05
7642,668,2,2025-11-05
9171,568,5,2025-11-05
6861,714,1,2025-11-05
3180,292,10,2025-11-05
3953,542,3,2025-11-06
7169,87,8,2025-11-06
9244,1,5,2025-11-06
9118,801,10,2025-11-06
6880,667,7,2025-11-06
1125,53,9,2025-11-06
9398,204,7,2025-11-06
9344,200,5,2025-11-06
1345,607,7,2025-11-06
2832,78,3,2025-11-07
2078,571,3,2025-11-07
4553,177,7,2025-11-07
3989,683,6,2025-11-07
8068,946,1,2025-11-07
2942,451,7,2025-11-08
9633,362,3,2025-11-08
131,202,5,2025-11-08
8492,384,2,2025-11-09
7787,107,4,2025-11-09
9575,569,1,2025-11-09
7451,331,7,2025-11-09
3864,922,1,2025-11-09
2216,343,2,2025-11-09
4921,698,1,2025-11-10
4437,263,7,2025-11-10
8740,127,6,2025-11-10
4307,674,7,2025-11-10
9187,723,2,2025-11-10
6540,778,4,2025-11-10
6994,593,2,2025-11-11
5057,64,6,2025-11-11
4635,947,2,2025-11-11
7570,625,8,2025-11-11
445,730,2,2025-11-11
2044,310,2,2025-11-11
1764,430,2,2025-11-11
6687,282,1,2025-11-11
1434,772,1,2025-11-11
5978,109,5,2025-11-12
7809,118,9,2025-11-12
4581,606,9,2025-11-12
7639,740,3,2025-11-12
7064,396,2,2025-11-12
1513,559,8,2025-11-12
5275,35,2,2025-11-12
2729,137,7,2025-11-12
8614,781,3,2025-11-12
8330,616,1,2025-11-12
2679,316,1,2025-11-12
1364,174,5,2025-11-12
8463,900,1,2025-11-12
4129,263,7,2025-11-13
2745,338,7,2025-11-13
6578,728,2,2025-11-14
2551,718,2,2025-11-14
9157,215,7,2025-11-14
8447,988,10,2025-11-14
5683,538,7,2025-11-14
9510,112,1,2025-11-15
5229,822,5,2025-11-15
5840,540,4,2025-11-15
7640,682,9,2025-11-15
9175,723,6,2025-11-15
9437,536,4,2025-11-15
2250,304,1,2025-11-15
5145,882,7,2025-11-15
1470,160,6,2025-11-15
6521,958,9,2025-11-16
6629,106,1,2025-11-16
5699,257,7,2025-11-17
6397,938,3,2025-11-17
2260,649,2,2025-11-17
5518,579,1,2025-11-17
6273,182,7,2025-11-17
8656,567,9,2025-11-17
3551,369,7,2025-11-18
4905,932,6,2025-11-18
9861,198,9,2025-11-18
2854,559,9,2025-11-18
200,517,2,2025-11-18
5172,921,3,2025-11-18
5221,467,5,2025-11-19
6708,50,2,2025-11-19
3917,189,2,2025-11-19
9463,842,7,2025-11-19
6159,919,1,2025-11-19
8324,524,5,2025-11-19
8196,236,6,2025-11-19
5433,387,6,2025-11-19
5050,825,2,2025-11-19
652,500,2,2025-11-20
3726,903,2,2025-11-20
8055,706,6,2025-11-20
8133,509,1,2025-11-20
1388,189,7,2025-11-20
3826,904,2,2025-11-20
3821,205,7,2025-11-21
6099,180,3,2025-11-21
9941,879,2,2025-11-21
366,581,2,2025-11-21
6983,448,3,2025-11-21
4734,895,8,2025-11-21
9407,211,1,2025-11-21
4607,510,10,2025-11-21
1543,965,3,2025-11-22
6674,70,7,2025-11-22
3201,786,2,2025-11-22
509,403,2,2025-11-22
8834,222,5,2025-11-22
7937,284,8,2025-11-22
2288,57,7,2025-11-22
8833,118,8,2025-11-22
447,324,2,2025-11-22
8367,127,10,2025-11-22
665,658,7,2025-11-23
7831,762,7,2025-11-23
7985,943,3,2025-11-23
5108,483,6,2025-11-23
3146,699,1,2025-11-23
9597,101,7,2025-11-23
9389,524,2,2025-11-24
4169,312,1,2025-11-24
5022,713,6,2025-11-24
9740,158,1,2025-11-24
9921,348,7,2025-11-24
6352,13,3,2025-11-24
8889,412,9,2025-11-25
5698,716,1,2025-11-25
6262,650,3,2025-11-25
1183,480,7,2025-11-25
2496,777,7,2025-11-25
4969,919,5,2025-11-25
3249,607,3,2025-11-26
9915,257,7,2025-11-26
8784,760,9,2025-11-26
6081,702,10,2025-11-26
6311,555,5,2025-11-26
567,221,7,2025-11-26
7854,252,2,2025-11-26
8898,138,5,2025-11-26
1395,52,6,2025-11-26
3012,665,2,2025-11-26
4582,913,4,2025-11-26
7878,871,1,2025-11-27
949,115,3,2025-11-27
2268,264,5,2025-11-27
8183,912,7,2025-11-27
7260,170,8,2025-11-27
2936,936,7,2025-11-27
9905,336,4,2025-11-27
1571,283,9,2025-11-27
8182,391,6,2025-11-28
3827,33,9,2025-11-28
2182,382,6,2025-11-28
7270,260,2,2025-11-28
2472,72,9,2025-11-29
6105,282,3,2025-11-29
3260,243,2,2025-11-29
3414,497,9,2025-11-30
753,250,1,2025-11-30
3487,958,9,2025-11-30
1390,534,2,2025-11-30
7972,431,1,2025-11-30
3927,792,9,2025-11-30
7501,924,3,2025-12-01
1453,939,7,2025-12-01
9310,196,7,2025-12-01
1298,941,2,2025-12-01
8376,965,1,2025-12-01
316,107,2,2025-12-01
4731,523,8,2025-12-01
9561,637,9,2025-12-01
9576,661,7,2025-12-01
4270,827,10,2025-12-01
1472,363,10,2025-12-01
9207,200,5,2025-12-01
9700,325,7,2025-12-01
7351,777,4,2025-12-02
1083,902,4,2025-12-02
1237,404,1,2025-12-02
590,75,6,2025-12-02
8560,962,5,2025-12-02
9813,994,7,2025-12-02
1330,455,9,2025-12-02
2006,350,9,2025-12-03
7572,176,1,2025-12-03
1248,309,5,2025-12-03
4951,628,2,2025-12-03
4347,57,1,2025-12-03
8658,34,5,2025-12-03
4943,151,2,2025-12-03
3112,266,8,2025-12-03
6239,566,9,2025-12-03
5590,782,7,2025-12-03
9658,513,1,2025-12-03
3123,946,2,2025-12-03
4206,633,1,2025-12-04
2357,260,9,2025-12-04
629,39,3,2025-12-04
181,970,3,2025-12-04
7293,214,7,2025-12-04
8565,668,10,2025-12-04
7588,901,9,2025-12-05
4505,25,8,2025-12-05
5195,733,10,2025-12-05
44,955,7,2025-12-05
1174,543,3,2025-12-05
8989,933,4,2025-12-05
9949,750,6,2025-12-05
8924,736,1,2025-12-05
7239,211,2,2025-12-05
7829,241,1,2025-12-06
2008,465,10,2025-12-06
3000,428,7,2025-12-06
5927,584,2,2025-12-06
5430,869,5,2025-12-06
8699,799,6,2025-12-06
5458,76,5,2025-12-06
1296,414,3,2025-12-06
3779,297,5,2025-12-06
8361,225,2,2025-12-06
7366,293,7,2025-12-07
361,15,7,2025-12-07
4559,256,4,2025-12-07
97,587,9,2025-12-07
3552,470,2,2025-12-07
3722,261,7,2025-12-07
9611,241,5,2025-12-07
444,877,3,2025-12-07
3520,624,7,2025-12-07
9537,266,5,2025-12-07
2454,595,5,2025-12-07
3555,628,7,2025-12-07
9529,722,7,2025-12-08
3574,790,7,2025-12-08
9623,73,8,2025-12-08
8027,616,4,2025-12-08
8214,288,2,2025-12-08
2341,200,7,2025-12-08
7916,697,8,2025-12-08
3281,497,1,2025-12-08
1517,70,7,2025-12-08
3649,849,3,2025-12-08
9408,968,10,2025-12-08
9419,179,7,2025-12-09
5691,940,10,2025-12-09
9951,104,2,2025-12-09
6007,753,6,2025-12-09
8964,946,8,2025-12-09
8986,441,1,2025-12-09
460,884,2,2025-12-09
3446,322,5,2025-12-09
8437,97,2,2025-12-09
4693,171,3,2025-12-10
8728,129,7,2025-12-10
7582,895,2,2025-12-10
1621,825,9,2025-12-10
6977,907,9,2025-12-10
7187,882,2,2025-12-10
7037,995,9,2025-12-10
5208,969,3,2025-12-10
6905,353,1,2025-12-10
3671,8,8,2025-12-10
5453,881,4,2025-12-10
84,793,2,2025-12-10
7182,899,9,2025-12-11
3783,199,7,2025-12-11
2190,978,3,2025-12-11
3793,836,9,2025-12-11
1002,453,9,2025-12-11
7591,41,2,2025-12-11
5266,857,9,2025-12-11
4501,917,3,2025-12-11
1126,183,4,2025-12-11
924,570,1,2025-12-11
1848,504,7,2025-12-11
6951,279,2,2025-12-11
2719,553,9,2025-12-11
3458,384,9,2025-12-11
9698,966,9,2025-12-11
4875,214,2,2025-12-11
8877,571,5,2025-12-11
6602,261,2,2025-12-11
7011,553,7,2025-12-11
8081,357,4,2025-12-11
7135,109,5,2025-12-12
2422,296,2,2025-12-12
7288,152,7,2025-12-12
3929,744,2,2025-12-12
8263,768,9,2025-12-12
4480,290,9,2025-12-12
4004,96,2,2025-12-12
1559,170,9,2025-12-12
2915,969,5,2025-12-12
3390,72,7,2025-12-12
2801,805,2,2025-12-13
1185,325,2,2025-12-13
8822,742,6,2025-12-13
6066,323,1,2025-12-13
2619,202,2,2025-12-13
6002,666,7,2025-12-13
3996,700,2,2025-12-13
1613,79,7,2025-12-13
1244,701,7,2025-12-13
2737,876,10,2025-12-13
5463,444,2,2025-12-13
1103,525,4,2025-12-13
1263,194,3,2025-12-14
3045,996,4,2025-12-14
9093,666,8,2025-12-14
9174,702,4,2025-12-14
2958,205,2,2025-12-14
8111,648,9,2025-12-14
1789,783,2,2025-12-14
8564,229,1,2025-12-14
597,917,3,2025-12-14
7370,980,7,2025-12-14
173,512,3,2025-12-14
7016,835,1,2025-12-14
5401,140,2,2025-12-15
2761,18,7,2025-12-15
6965,193,9,2025-12-15
7263,517,5,2025-12-15
6113,150,4,2025-12-15
1020,722,4,2025-12-15
404,569,7,2025-12-15
3833,367,2,2025-12-15
2966,867,1,2025-12-16
7434,452,5,2025-12-16
8229,457,10,2025-12-16
8532,324,2,2025-12-16
3542,662,2,2025-12-16
3156,395,6,2025-12-16
4989,391,2,2025-12-16
6086,87,2,2025-12-16
4377,90,2,2025-12-16
906,181,9,2025-12-16
81,462,2,2025-12-16
3363,782,9,2025-12-16
9134,881,1,2025-12-16
4879,65,2,2025-12-16
4970,66,1,2025-12-17
2117,537,3,2025-12-17
8579,157,10,2025-12-17
3912,888,2,2025-12-17
7600,517,7,2025-12-17
8277,482,4,2025-12-17
3831,985,3,2025-12-17
7527,626,8,2025-12-17
946,913,1,2025-12-17
8895,183,5,2025-12-17
6915,191,2,2025-12-17
8327,802,1,2025-12-18
4650,813,2,2025-12-18
1449,674,2,2025-12-18
6811,623,10,2025-12-18
8789,500,2,2025-12-18
2488,983,8,2025-12-18
4451,618,5,2025-12-18
2742,134,7,2025-12-18
2039,405,10,2025-12-19
4591,229,7,2025-12-19
3797,310,3,2025-12-19
6476,427,8,2025-12-19
2871,733,7,2025-12-19
9758,46,2,2025-12-20
7578,850,1,2025-12-20
4780,111,3,2025-12-20
8302,823,10,2025-12-20
1102,621,6,2025-12-20
4464,901,6,2025-12-20
5074,824,4,2025-12-20
6982,787,7,2025-12-20
9661,673,3,2025-12-20
4288,573,8,2025-12-20
7518,328,6,2025-12-21
7769,107,7,2025-12-21
6714,862,9,2025-12-21
1584,287,2,2025-12-21
6840,3,6,2025-12-21
3618,64,1,2025-12-21
8452,169,4,2025-12-21
6675,136,9,2025-12-22
5925,303,9,2025-12-22
9590,138,3,2025-12-22
8604,303,3,2025-12-22
8853,29,7,2025-12-22
4570,862,2,2025-12-22
8666,239,3,2025-12-22
8627,366,1,2025-12-22
9887,405,3,2025-12-22
3411,465,9,2025-12-22
9154,319,1,2025-12-22
2448,252,10,2025-12-22
2113,487,7,2025-12-22
7276,451,7,2025-12-22
1014,491,9,2025-12-22
7051,579,8,2025-12-23
2595,464,5,2025-12-23
7294,643,1,2025-12-23
1856,673,2,2025-12-23
893,425,6,2025-12-23
3258,840,3,2025-12-24
7122,260,4,2025-12-24
5257,181,7,2025-12-24
9531,373,1,2025-12-24
6867,707,1,2025-12-24
915,462,1,2025-12-24
8620,36,8,2025-12-25
4173,985,3,2025-12-25
9965,366,2,2025-12-25
7433,691,10,2025-12-25
9549,304,2,2025-12-25
1443,613,3,2025-12-25
6697,355,4,2025-12-25
1058,767,6,2025-12-25
6650,373,5,2025-12-25
3468,26,5,2025-12-26
951,216,1,2025-12-26
7819,415,1,2025-12-26
3417,129,2,2025-12-26
2993,387,5,2025-12-26
4291,406,3,2025-12-26
7393,885,1,2025-12-26
905,1000,7,2025-12-26
1078,407,7,2025-12-26
8052,753,10,2025-12-26
2857,954,8,2025-12-26
5121,516,2,2025-12-26
7116,268,2,2025-12-26
1561,818,9,2025-12-27
1519,194,7,2025-12-27
2712,140,3,2025-12-27
5368,772,7,2025-12-27
5077,255,1,2025-12-27
2363,238,2,2025-12-27
1884,891,7,2025-12-27
8634,870,2,2025-12-27
3117,781,7,2025-12-27
4078,953,3,2025-12-28
8123,454,3,2025-12-28
9331,285,2,2025-12-28
7299,463,2,2025-12-28
7130,301,2,2025-12-28
9869,48,8,2025-12-28
6979,273,4,2025-12-28
715,897,1,2025-12-28
321,435,7,2025-12-28
7110,740,7,2025-12-29
2050,872,5,2025-12-29
5133,902,7,2025-12-29
5863,580,7,2025-12-29
8623,985,3,2025-12-29
3641,356,2,2025-12-29
47,493,7,2025-12-29
4996,960,2,2025-12-30
6996,666,1,2025-12-30
7153,667,7,2025-12-30
2198,680,8,2025-12-30
1562,833,3,2025-12-30
9642,185,7,2025-12-30
2199,794,1,2025-12-30
2968,73,3,2025-12-30
977,63,10,2025-12-30
7490,614,2,2025-12-31
4038,403,4,2025-12-31
400,587,4,2025-12-31
2672,283,9,2025-12-31
1759,822,5,2025-12-31
696,458,2,2025-12-31
735,547,1,2025-12-31
5060,662,5,2025-12-31
409,314,4,2025-12-31
1157,760,3,2025-12-31
8724,320,10,2026-01-01
6501,450,6,2026-01-01
7394,705,2,2026-01-01
7159,575,2,2026-01-01
1316,202,2,2026-01-01
1593,40,8,2026-01-01
6359,431,5,2026-01-01
9488,362,1,2026-01-01
7758,898,7,2026-01-01
7054,42,1,2026-01-02
6518,764,1,2026-01-02
4514,673,7,2026-01-02
2976,404,3,2026-01-02
7741,772,10,2026-01-02
6255,886,1,2026-01-02
1811,263,2,2026-01-02
2995,91,9,2026-01-02
4557,780,9,2026-01-02
5330,386,5,2026-01-02
4043,385,4,2026-01-02
519,369,5,2026-01-02
2081,388,2,2026-01-02
3307,2,7,2026-01-02
1508,437,7,2026-01-03
7371,213,5,2026-01-03
3724,637,7,2026-01-03
3335,551,2,2026-01-03
6645,826,1,2026-01-03
3154,934,8,2026-01-03
7840,122,3,2026-01-03
3463,432,5,2026-01-03
8364,282,3,2026-01-03
4354,507,1,2026-01-03
9248,285,2,2026-01-04
9003,102,2,2026-01-04
1380,725,2,2026-01-04
3986,841,2,2026-01-04
7069,300,2,2026-01-04
557,647,2,2026-01-04
9474,384,2,2026-01-04
1935,817,3,2026-01-04
8258,170,8,2026-01-05
4688,80,3,2026-01-05
585,449,1,2026-01-05
6496,757,8,2026-01-05
3224,958,7,2026-01-05
1607,416,7,2026-01-05
45,105,5,2026-01-06
8243,645,7,2026-01-06
8120,272,2,2026-01-06
3948,165,9,2026-01-06
7460,150,1,2026-01-07
5363,390,2,2026-01-07
8628,993,2,2026-01-07
9874,928,6,2026-01-07
7355,373,1,2026-01-07
6727,718,3,2026-01-07
6936,572,9,2026-01-07
3556,641,7,2026-01-08
6550,555,1,2026-01-08
2899,592,9,2026-01-08
5973,637,8,2026-01-08
4578,681,3,2026-01-08
7383,793,2,2026-01-08
4373,81,7,2026-01-08
839,653,1,2026-01-08
8090,174,5,2026-01-09
920,999,9,2026-01-09
8995,519,4,2026-01-09
5928,805,6,2026-01-09
3083,976,6,2026-01-09
4887,52,7,2026-01-09
6705,226,9,2026-01-09
9256,162,7,2026-01-09
6365,353,9,2026-01-09
3075,213,2,2026-01-09
2698,299,1,2026-01-10
2835,730,10,2026-01-10
7710,660,2,2026-01-10
313,570,2,2026-01-10
5639,131,2,2026-01-10
7891,308,1,2026-01-10
281,349,3,2026-01-11
6797,753,2,2026-01-11
2464,575,3,2026-01-11
4141,104,2,2026-01-11
1661,340,2,2026-01-11
738,995,10,2026-01-11
8398,277,1,2026-01-11
6594,392,5,2026-01-11
7368,35,1,2026-01-11
7543,396,3,2026-01-12
8800,953,2,2026-01-12
7565,682,10,2026-01-12
5233,146,1,2026-01-12
6621,504,3,2026-01-12
6284,756,9,2026-01-12
4073,911,7,2026-01-12
8829,466,2,2026-01-12
8672,197,1,2026-01-13
5186,242,5,2026-01-13
9723,288,2,2026-01-13
4984,656,1,2026-01-13
6713,304,9,2026-01-13
5830,245,8,2026-01-13
2285,773,5,2026-01-13
288,268,10,2026-01-14
9103,699,9,2026-01-14
5860,263,6,2026-01-14
5697,955,2,2026-01-14
4720,4,2,2026-01-14
4261,998,9,2026-01-15
3182,254,7,2026-01-15
3565,251,1,2026-01-15
8851,797,6,2026-01-15
9234,965,1,2026-01-15
4135,733,9,2026-01-15
2772,571,2,2026-01-16
4435,217,7,2026-01-16
2415,593,5,2026-01-16
4620,225,4,2026-01-16
7328,819,8,2026-01-16
7602,990,9,2026-01-16
4657,576,7,2026-01-16
8144,427,1,2026-01-17
5750,718,2,2026-01-17
7255,134,3,2026-01-17
9699,354,1,2026-01-17
3513,981,2,2026-01-17
6147,316,1,2026-01-17
3688,629,6,2026-01-17
6975,962,10,2026-01-17
1238,156,2,2026-01-18
7678,926,7,2026-01-18
9697,890,1,2026-01-18
7183,226,2,2026-01-18
7192,320,2,2026-01-18
4901,404,2,2026-01-18
5729,121,4,2026-01-18
5297,895,9,2026-01-18
588,130,1,2026-01-18
5997,323,7,2026-01-18
7212,856,7,2026-01-18
3861,239,3,2026-01-18
5448,862,7,2026-01-18
9295,751,8,2026-01-18
4880,460,5,2026-01-18
6808,613,5,2026-01-18
4470,4,1,2026-01-19
3349,427,4,2026-01-19
9144,381,10,2026-01-19
5600,763,5,2026-01-19
2635,953,10,2026-01-19
5024,674,7,2026-01-19
7973,573,10,2026-01-19
9799,403,2,2026-01-19
2040,772,8,2026-01-19
4762,22,7,2026-01-19
813,455,6,2026-01-20
1008,830,5,2026-01-20
9480,539,1,2026-01-20
2724,829,8,2026-01-20
7323,287,1,2026-01-20
5331,393,2,2026-01-20
9411,233,7,2026-01-20
3867,863,9,2026-01-20
2175,558,2,2026-01-20
667,711,7,2026-01-20
7444,403,7,2026-01-21
5570,681,2,2026-01-21
9677,830,7,2026-01-21
5452,286,2,2026-01-21
1006,280,9,2026-01-21
3650,109,4,2026-01-21
1627,243,2,2026-01-21
2043,389,2,2026-01-21
2312,895,1,2026-01-22
6701,236,7,2026-01-22
9119,775,2,2026-01-22
1827,235,6,2026-01-22
4417,182,1,2026-01-22
6460,820,6,2026-01-22
3306,272,4,2026-01-22
6927,114,1,2026-01-22
1878,865,9,2026-01-22
936,982,7,2026-01-22
1970,970,9,2026-01-23
4048,438,2,2026-01-23
3020,50,3,2026-01-23
5421,816,6,2026-01-23
1802,932,5,2026-01-23
5062,326,2,2026-01-23
620,920,7,2026-01-23
2799,567,3,2026-01-24
581,584,8,2026-01-24
8488,64,7,2026-01-24
8315,823,5,2026-01-24
2977,595,1,2026-01-24
4125,681,5,2026-01-24
1441,503,3,2026-01-24
8013,257,10,2026-01-24
7692,375,7,2026-01-24
7536,216,2,2026-01-24
186,400,1,2026-01-25
1831,957,7,2026-01-25
5605,157,9,2026-01-25
1798,178,4,2026-01-25
5768,810,7,2026-01-25
2621,489,10,2026-01-25
714,752,5,2026-01-25
4295,959,2,2026-01-25
7147,566,5,2026-01-25
9708,297,2,2026-01-26
6710,586,6,2026-01-26
5467,60,1,2026-01-26
7268,339,10,2026-01-26
7108,668,10,2026-01-26
4228,453,10,2026-01-26
2726,234,1,2026-01-26
7479,118,7,2026-01-26
4797,410,2,2026-01-26
8813,434,7,2026-01-26
3732,175,9,2026-01-26
6934,81,7,2026-01-27
4946,276,7,2026-01-27
4250,664,5,2026-01-27
6293,874,3,2026-01-27
4005,510,5,2026-01-27
2188,772,1,2026-01-27
7968,398,8,2026-01-27
1483,499,2,2026-01-27
523,399,7,2026-01-28
2396,597,3,2026-01-28
9350,436,7,2026-01-28
4450,610,1,2026-01-28
4029,59,2,2026-01-28
7049,64,2,2026-01-28
2601,92,2,2026-01-28
2064,569,6,2026-01-28
3220,894,1,2026-01-28
2124,906,10,2026-01-28
5403,659,1,2026-01-29
6563,143,5,2026-01-29
1524,254,3,2026-01-29
921,854,5,2026-01-29
5373,995,10,2026-01-29
6132,670,9,2026-01-29
6314,208,6,2026-01-29
788,20,5,2026-01-30
2420,405,4,2026-01-30
3654,434,2,2026-01-30
8541,215,7,2026-01-30
9938,260,2,2026-01-30
5732,679,9,2026-01-30
2758,896,2,2026-01-30
5048,238,3,2026-01-30
5342,804,10,2026-01-30
419,764,2,2026-01-30
3854,859,7,2026-01-30
9640,108,8,2026-01-30
9927,656,5,2026-01-30
9349,461,8,2026-01-30
117,334,5,2026-01-31
8097,601,3,2026-01-31
2520,805,5,2026-01-31
3418,707,2,2026-01-31
6143,392,3,2026-01-31
3620,578,2,2026-01-31
1739,126,2,2026-01-31
1223,431,2,2026-01-31
4337,407,7,2026-01-31
746,120,7,2026-02-01
8781,612,6,2026-02-01
3813,689,2,2026-02-01
6617,340,3,2026-02-01
360,242,2,2026-02-01
2372,306,8,2026-02-01
962,313,2,2026-02-01
8903,125,10,2026-02-01
6103,923,2,2026-02-01
4849,758,9,2026-02-01
4218,772,7,2026-02-02
5325,655,10,2026-02-02
4639,925,2,2026-02-02
3580,658,9,2026-02-02
5826,291,5,2026-02-03
9108,347,3,2026-02-03
208,223,7,2026-02-03
2532,362,10,2026-02-03
9289,910,3,2026-02-03
7145,331,8,2026-02-03
1966,54,7,2026-02-03
8413,393,9,2026-02-03
1750,967,7,2026-02-03
576,397,1,2026-02-05
3714,493,4,2026-02-05
5474,889,1,2026-02-05
5990,255,7,2026-02-05
4128,57,2,2026-02-05
5025,283,1,2026-02-05
6292,277,8,2026-02-06
1533,281,7,2026-02-06
3742,815,7,2026-02-06
1076,116,5,2026-02-06
3404,625,1,2026-02-06
3606,61,2,2026-02-07
1120,969,9,2026-02-07
6100,196,3,2026-02-07
2943,501,4,2026-02-07
3029,683,2,2026-02-07
7804,349,2,2026-02-07
5147,629,9,2026-02-07
345,275,5,2026-02-07
1370,592,7,2026-02-07
9821,167,7,2026-02-07
9891,175,6,2026-02-07
8920,400,5,2026-02-07
4995,882,1,2026-02-07
1249,73,5,2026-02-07
2327,300,9,2026-02-08
2206,589,6,2026-02-08
780,666,5,2026-02-08
513,981,9,2026-02-08
6433,493,10,2026-02-08
2570,673,6,2026-02-08
6887,800,6,2026-02-08
6084,458,1,2026-02-08
3640,810,4,2026-02-09
672,830,1,2026-02-09
8424,523,2,2026-02-09
1416,755,3,2026-02-09
7344,643,2,2026-02-09
4131,292,1,2026-02-10
6784,899,7,2026-02-10
6467,667,3,2026-02-10
9112,566,10,2026-02-10
3328,365,2,2026-02-10
3616,244,6,2026-02-11
5760,548,2,2026-02-11
1283,761,7,2026-02-11
6022,891,1,2026-02-11
4815,177,4,2026-02-11
1119,929,9,2026-02-11
5862,983,1,2026-02-11
4534,451,2,2026-02-11
3519,566,1,2026-02-11
7367,647,9,2026-02-11
3397,218,7,2026-02-11
133,489,1,2026-02-11
9925,477,3,2026-02-11
8259,587,7,2026-02-11
1091,146,2,2026-02-11
5941,101,2,2026-02-11
85,516,10,2026-02-12
730,328,9,2026-02-13
2872,289,4,2026-02-13
3080,683,1,2026-02-13
7815,88,2,2026-02-13
9555,174,8,2026-02-13
298,460,10,2026-02-14
9164,488,8,2026-02-14
2127,668,3,2026-02-14
5879,272,1,2026-02-14
9918,237,5,2026-02-14
467,338,10,2026-02-14
4916,735,9,2026-02-14
176,984,2,2026-02-14
7398,495,9,2026-02-14
2475,786,1,2026-02-14
3316,31,2,2026-02-15
5608,8,1,2026-02-15
7399,226,7,2026-02-15
2138,279,1,2026-02-15
2763,336,1,2026-02-15
6332,533,10,2026-02-15
2647,75,2,2026-02-15
229,1,8,2026-02-15
3968,505,3,2026-02-15
7417,164,6,2026-02-16
9870,813,5,2026-02-16
3816,514,7,2026-02-16
5640,754,2,2026-02-16
2701,352,2,2026-02-16
8946,597,2,2026-02-16
4216,189,7,2026-02-16
4035,74,2,2026-02-16
6523,876,7,2026-02-17
9417,101,4,2026-02-17
4636,82,7,2026-02-17
9063,994,3,2026-02-17
1319,909,4,2026-02-17
6244,168,6,2026-02-17
7382,923,2,2026-02-17
7933,875,1,2026-02-17
632,824,3,2026-02-17
2858,213,8,2026-02-17
3686,297,2,2026-02-18
2932,38,6,2026-02-18
8612,374,2,2026-02-18
2533,736,1,2026-02-18
5654,754,7,2026-02-18
6194,92,7,2026-02-18
677,341,1,2026-02-18
2617,730,10,2026-02-18
1968,244,3,2026-02-18
640,741,5,2026-02-19
5579,310,2,2026-02-19
255,987,8,2026-02-19
3177,87,5,2026-02-19
2579,522,7,2026-02-19
2834,677,2,2026-02-20
2853,614,3,2026-02-20
7209,378,9,2026-02-20
6442,382,10,2026-02-20
2898,351,7,2026-02-20
1733,508,7,2026-02-21
8718,309,1,2026-02-21
3372,507,2,2026-02-21
6115,866,5,2026-02-21
1738,383,4,2026-02-21
8919,852,3,2026-02-21
673,828,2,2026-02-21
2295,306,2,2026-02-21
5174,653,1,2026-02-22
3788,228,7,2026-02-22
2304,892,7,2026-02-22
8392,363,8,2026-02-22
2669,838,5,2026-02-22
5671,197,9,2026-02-23
3665,421,5,2026-02-23
9551,808,2,2026-02-23
6410,284,4,2026-02-24
4325,874,1,2026-02-24
7066,603,7,2026-02-24
6272,960,1,2026-02-24
7893,796,2,2026-02-25
3406,429,7,2026-02-25
61,718,6,2026-02-25
6495,600,1,2026-02-25
5787,770,2,2026-02-25
5911,706,4,2026-02-25
2215,72,1,2026-02-25
9586,900,4,2026-02-26
918,484,9,2026-02-26
6739,972,7,2026-02-26
6225,994,7,2026-02-26
4273,906,5,2026-02-26
6562,382,2,2026-02-26
7848,418,1,2026-02-27
4982,177,7,2026-02-27
1417,966,2,2026-02-27
3399,675,6,2026-02-28
556,654,4,2026-02-28
3054,693,2,2026-02-28
6666,166,5,2026-03-01
7597,466,5,2026-03-01
4379,914,2,2026-03-01
7723,68,8,2026-03-02
9180,173,9,2026-03-02
9427,788,4,2026-03-02
3319,659,9,2026-03-02
4334,945,4,2026-03-02
8003,56,2,2026-03-02
4235,570,1,2026-03-03
7740,173,10,2026-03-03
9608,821,2,2026-03-03
6065,381,5,2026-03-03
8606,583,7,2026-03-04
3131,906,3,2026-03-04
121,881,10,2026-03-05
2361,781,2,2026-03-05
1032,938,10,2026-03-05
9128,965,3,2026-03-05
7465,577,4,2026-03-05
8525,789,8,2026-03-05
9416,373,6,2026-03-06
8529,883,5,2026-03-06
4289,479,8,2026-03-06
1893,495,7,2026-03-06
4077,212,8,2026-03-06
2209,351,2,2026-03-06
6886,996,7,2026-03-06
7728,150,2,2026-03-06
8845,5,4,2026-03-06
1064,985,6,2026-03-07
6816,877,5,2026-03-07
369,647,8,2026-03-07
8113,339,6,2026-03-07
6748,21,7,2026-03-08
6051,338,8,2026-03-08
2501,957,7,2026-03-08
1801,905,3,2026-03-08
1972,679,2,2026-03-08
9098,704,8,2026-03-08
545,877,6,2026-03-08
5972,180,5,2026-03-09
2539,261,5,2026-03-09
6874,910,9,2026-03-10
7846,980,7,2026-03-10
2037,274,7,2026-03-10
3952,805,3,2026-03-10
3697,538,1,2026-03-10
1336,994,1,2026-03-10
3766,932,1,2026-03-10
734,114,1,2026-03-10
6160,951,9,2026-03-10
1731,130,6,2026-03-10
2705,93,8,2026-03-10
6971,746,4,2026-03-11
2255,150,7,2026-03-11
5064,565,1,2026-03-11
4113,607,8,2026-03-11
9431,14,2,2026-03-11
9320,760,3,2026-03-11
6364,271,5,2026-03-11
1718,108,4,2026-03-11
1558,242,2,2026-03-12
7736,930,4,2026-03-12
9674,367,7,2026-03-12
1915,116,4,2026-03-12
997,120,9,2026-03-12
8417,732,4,2026-03-12
7197,994,7,2026-03-13
5052,780,7,2026-03-13
789,436,2,2026-03-13
4637,244,5,2026-03-13
9335,539,5,2026-03-13
4699,768,6,2026-03-13
4839,745,4,2026-03-13
1829,98,9,2026-03-13
493,671,7,2026-03-13
9013,20,6,2026-03-13
1703,711,4,2026-03-13
6290,894,1,2026-03-13
325,50,7,2026-03-13
5882,879,8,2026-03-14
9394,791,2,2026-03-14
1315,728,7,2026-03-14
9363,861,9,2026-03-14
9198,6,5,2026-03-14
2387,601,10,2026-03-14
5381,997,7,2026-03-15
9914,507,2,2026-03-15
865,900,3,2026-03-15
8046,4,3,2026-03-15
6543,188,1,2026-03-15
5179,625,6,2026-03-15
8693,861,3,2026-03-15
7396,857,2,2026-03-15
7421,245,5,2026-03-15
4932,291,10,2026-03-15
4597,896,1,2026-03-15
1620,471,2,2026-03-15
6762,306,3,2026-03-15
4047,253,2,2026-03-16
2564,983,1,2026-03-16
8239,446,8,2026-03-16
1166,360,5,2026-03-16
6598,968,7,2026-03-16
1960,969,2,2026-03-16
7450,651,2,2026-03-17
9096,243,5,2026-03-17
5716,422,2,2026-03-17
5065,255,7,2026-03-17
4752,419,4,2026-03-18
386,288,7,2026-03-18
9172,773,5,2026-03-18
4986,805,5,2026-03-18
4533,883,9,2026-03-18
641,590,1,2026-03-18
536,655,2,2026-03-18
2510,765,7,2026-03-19
8293,50,2,2026-03-19
1839,391,2,2026-03-19
9309,932,1,2026-03-19
8064,433,10,2026-03-19
1260,264,4,2026-03-19
2249,180,2,2026-03-19
6087,329,6,2026-03-19
2784,844,7,2026-03-20
2536,463,10,2026-03-20
537,909,3,2026-03-20
3835,316,2,2026-03-20
6499,23,10,2026-03-20
5636,119,3,2026-03-20
5285,544,2,2026-03-20
9890,906,9,2026-03-21
7150,533,1,2026-03-22
2875,359,5,2026-03-22
2657,594,3,2026-03-22
5364,976,2,2026-03-22
35,784,2,2026-03-22
4805,314,3,2026-03-22
1498,104,4,2026-03-22
9867,604,5,2026-03-23
5222,862,5,2026-03-23
7969,379,2,2026-03-23
499,575,2,2026-03-23
5115,20,2,2026-03-23
1555,94,1,2026-03-23
7295,642,2,2026-03-23
3625,362,4,2026-03-24
4469,221,9,2026-03-24
3057,616,5,2026-03-24
3472,409,2,2026-03-24
8662,599,2,2026-03-25
7966,224,5,2026-03-25
5211,62,3,2026-03-25
9088,463,4,2026-03-25
5873,204,7,2026-03-25
9009,202,9,2026-03-26
9802,717,1,2026-03-26
4053,659,1,2026-03-26
1548,266,1,2026-03-26
3040,818,8,2026-03-27
8798,830,8,2026-03-27
2120,518,3,2026-03-27
4820,315,9,2026-03-27
2276,379,1,2026-03-27
981,469,4,2026-03-27
8907,494,2,2026-03-27
4041,449,9,2026-03-27
8151,317,7,2026-03-27
1324,501,1,2026-03-28
5129,651,2,2026-03-28
6841,47,2,2026-03-28
8252,199,2,2026-03-28
5329,324,2,2026-03-29
1657,176,2,2026-03-29
7703,120,9,2026-03-29
2090,415,7,2026-03-29
2109,898,9,2026-03-29
4272,765,4,2026-03-29
4617,886,5,2026-03-30
9,809,9,2026-03-30
6456,311,6,2026-03-30
1601,548,2,2026-03-30
8504,858,2,2026-03-30
3018,611,10,2026-03-30
3628,207,2,2026-03-30
5808,334,3,2026-03-30
9578,911,3,2026-03-30
1669,56,3,2026-03-31
7409,77,7,2026-03-31
3350,90,7,2026-03-31
4719,406,3,2026-03-31
7882,141,7,2026-04-01
2652,105,1,2026-04-01
2232,476,7,2026-04-01
2468,789,9,2026-04-01
4484,224,7,2026-04-01
4892,342,9,2026-04-01
7676,917,2,2026-04-01
2088,900,2,2026-04-01
5761,944,4,2026-04-02
6963,939,5,2026-04-02
6210,462,5,2026-04-02
7763,627,3,2026-04-02
1700,710,1,2026-04-02
3716,14,7,2026-04-02
1477,503,6,2026-04-03
7397,458,2,2026-04-03
7753,121,1,2026-04-03
2230,88,7,2026-04-03
8530,971,7,2026-04-03
2828,668,3,2026-04-03
7474,954,2,2026-04-03
9148,96,5,2026-04-03
9580,133,4,2026-04-03
6530,653,3,2026-04-03
6505,670,10,2026-04-04
6189,550,1,2026-04-04
7082,231,8,2026-04-04
4054,430,2,2026-04-04
3998,651,2,2026-04-04
8992,558,5,2026-04-04
7806,92,8,2026-04-04
5618,286,2,2026-04-05
6829,88,4,2026-04-05
7136,932,5,2026-04-05
4888,137,1,2026-04-05
2618,103,5,2026-04-05
2458,540,9,2026-04-05
635,344,3,2026-04-06
4907,716,5,2026-04-06
7475,735,5,2026-04-06
7750,860,8,2026-04-07
1897,550,2,2026-04-07
687,292,1,2026-04-07
7105,697,7,2026-04-07
115,34,2,2026-04-07
6976,146,6,2026-04-07
1649,404,2,2026-04-07
4874,958,3,2026-04-08
9684,753,3,2026-04-08
6269,429,1,2026-04-08
2218,498,5,2026-04-08
9803,972,10,2026-04-08
1737,230,6,2026-04-08
2061,8,5,2026-04-08
2555,129,7,2026-04-09
3962,775,2,2026-04-09
5909,357,4,2026-04-09
2251,45,1,2026-04-09
1287,88,10,2026-04-09
5602,43,2,2026-04-10
2383,904,6,2026-04-10
243,4,2,2026-04-10
3577,814,7,2026-04-10
1853,777,10,2026-04-10
3345,43,2,2026-04-10
8556,215,2,2026-04-10
6828,599,9,2026-04-10
7208,219,1,2026-04-10
5853,428,2,2026-04-10
832,854,4,2026-04-11
1736,785,7,2026-04-11
8669,206,2,2026-04-11
1924,964,2,2026-04-11
6192,928,6,2026-04-11
9720,306,9,2026-04-11
3255,219,6,2026-04-11
6608,595,2,2026-04-11
3942,279,2,2026-04-12
5504,77,9,2026-04-12
9268,225,2,2026-04-12
2201,970,2,2026-04-12
802,404,2,2026-04-12
3818,203,5,2026-04-13
3504,521,7,2026-04-13
1301,164,2,2026-04-13
5384,596,6,2026-04-13
4456,995,8,2026-04-13
9508,666,7,2026-04-13
9604,351,1,2026-04-13
2060,673,5,2026-04-13
1610,516,2,2026-04-14
819,209,2,2026-04-14
663,843,1,2026-04-14
8811,239,2,2026-04-14
4796,587,5,2026-04-14
4214,213,5,2026-04-14
4389,240,3,2026-04-14
1187,58,7,2026-04-15
8585,194,10,2026-04-15
8848,459,9,2026-04-15
1786,287,1,2026-04-15
2840,494,7,2026-04-15
232,922,7,2026-04-15
4882,854,9,2026-04-15
9433,438,7,2026-04-16
2271,767,8,2026-04-16
2098,707,2,2026-04-16
1959,852,8,2026-04-16
1527,930,2,2026-04-16
919,657,2,2026-04-16
4027,838,7,2026-04-16
4531,62,1,2026-04-16
5146,435,5,2026-04-17
4906,190,5,2026-04-17
9694,213,9,2026-04-17
7259,26,2,2026-04-17
9272,235,1,2026-04-17
9391,314,5,2026-04-17
8470,590,2,2026-04-17
2573,516,1,2026-04-17
2453,498,1,2026-04-17
7952,435,1,2026-04-18
7532,566,4,2026-04-18
7889,280,2,2026-04-18
459,510,2,2026-04-18
6187,939,6,2026-04-18
607,263,1,2026-04-18
2972,439,10,2026-04-18
221,620,2,2026-04-18
6935,918,3,2026-04-18
849,48,9,2026-04-18
988,353,7,2026-04-19
7177,35,4,2026-04-19
3395,469,9,2026-04-19
3890,973,10,2026-04-19
5483,666,4,2026-04-20
3437,851,3,2026-04-20
3326,738,2,2026-04-20
4544,334,9,2026-04-20
9263,236,1,2026-04-20
550,698,4,2026-04-21
8172,487,5,2026-04-21
4758,765,7,2026-04-21
3358,478,8,2026-04-21
4140,320,2,2026-04-21
4117,766,3,2026-04-21
4495,901,1,2026-04-22
7149,954,7,2026-04-22
8139,148,1,2026-04-22
1779,425,1,2026-04-23
3466,526,1,2026-04-23
4421,910,5,2026-04-23
5949,910,7,2026-04-23
6688,62,5,2026-04-23
8703,576,9,2026-04-24
1956,827,3,2026-04-24
7241,487,1,2026-04-24
3400,236,6,2026-04-24
6316,148,5,2026-04-24
8132,391,1,2026-04-24
465,143,2,2026-04-25
1952,122,10,2026-04-25
9845,297,5,2026-04-25
1487,405,4,2026-04-25
9866,278,1,2026-04-25
2760,978,5,2026-04-25
1544,105,3,2026-04-26
1635,994,5,2026-04-26
4330,194,9,2026-04-26
6445,824,1,2026-04-26
4903,710,7,2026-04-26
7347,559,5,2026-04-26
2178,865,2,2026-04-26
3292,486,10,2026-04-26
8395,932,1,2026-04-27
2744,965,10,2026-04-27
7869,722,7,2026-04-27
8679,669,1,2026-04-27
5042,621,6,2026-04-27
3735,440,5,2026-04-27
6763,943,2,2026-04-27
4419,501,7,2026-04-28
6624,540,7,2026-04-28
786,435,4,2026-04-28
7868,978,2,2026-04-28
4623,773,1,2026-04-28
3935,975,5,2026-04-28
3031,523,1,2026-04-28
8596,174,2,2026-04-28
1725,274,8,2026-04-28
4806,333,4,2026-04-28
8753,580,2,2026-04-29
1016,622,7,2026-04-30
2671,823,7,2026-04-30
3493,634,4,2026-04-30
4975,777,6,2026-04-30
2159,304,7,2026-04-30
1499,535,2,2026-05-01
8652,636,2,2026-05-01
7974,103,4,2026-05-01
7590,347,9,2026-05-01
6121,32,1,2026-05-01
6234,81,4,2026-05-01
5226,462,10,2026-05-01
7081,361,1,2026-05-01
3851,787,7,2026-05-02
8824,797,1,2026-05-02
9395,467,7,2026-05-02
4147,888,6,2026-05-02
1501,73,9,2026-05-02
3354,38,6,2026-05-03
3033,704,5,2026-05-03
4509,832,10,2026-05-03
6180,264,2,2026-05-03
9283,270,6,2026-05-03
7585,600,2,2026-05-03
4161,133,8,2026-05-03
2499,627,2,2026-05-04
7975,995,2,2026-05-04
2725,716,2,2026-05-04
5165,316,5,2026-05-05
3394,1,3,2026-05-05
1366,78,3,2026-05-05
2544,683,10,2026-05-05
8674,821,7,2026-05-05
7483,797,1,2026-05-06
7734,510,9,2026-05-06
5926,668,2,2026-05-06
9390,956,2,2026-05-07
223,303,1,2026-05-07
171,976,3,2026-05-07
6369,814,7,2026-05-07
1735,486,9,2026-05-07
639,803,5,2026-05-07
8637,676,7,2026-05-08
8092,849,3,2026-05-08
7476,413,6,2026-05-08
5265,905,6,2026-05-08
1622,653,2,2026-05-08
5387,545,2,2026-05-09
1629,405,1,2026-05-09
679,135,1,2026-05-09
4191,714,3,2026-05-09
164,442,9,2026-05-09
3059,978,5,2026-05-09
2831,282,2,2026-05-10
6200,884,1,2026-05-10
9457,77,1,2026-05-10
4103,931,2,2026-05-10
339,819,5,2026-05-10
2802,527,7,2026-05-11
2165,251,4,2026-05-11
8185,2,4,2026-05-12
5920,7,7,2026-05-12
9596,482,3,2026-05-13
637,843,2,2026-05-13
2696,673,2,2026-05-13
9527,643,1,2026-05-13
8521,57,9,2026-05-13
1338,728,5,2026-05-13
111,16,2,2026-05-13
6333,264,6,2026-05-13
7919,526,3,2026-05-14
5075,451,5,2026-05-14
9514,448,7,2026-05-14
9546,475,3,2026-05-14
4075,161,6,2026-05-14
6554,807,1,2026-05-14
9035,623,5,2026-05-14
2194,989,6,2026-05-15
5625,621,7,2026-05-15
4562,38,9,2026-05-15
527,656,2,2026-05-15
2643,829,7,2026-05-15
872,845,2,2026-05-16
9061,947,7,2026-05-16
989,834,2,2026-05-16
2114,964,2,2026-05-16
7215,652,10,2026-05-16
5630,380,1,2026-05-17
2325,494,7,2026-05-17
1910,394,1,2026-05-17
662,706,4,2026-05-17
5693,621,5,2026-05-17
5201,58,3,2026-05-17
3136,857,9,2026-05-17
812,198,6,2026-05-18
4602,999,1,2026-05-18
8162,345,9,2026-05-18
6075,52,6,2026-05-18
9832,975,9,2026-05-18
739,63,9,2026-05-19
2131,208,1,2026-05-19
6058,246,5,2026-05-19
5737,349,7,2026-05-19
741,444,1,2026-05-19
5079,689,1,2026-05-19
6161,501,9,2026-05-20
3639,502,2,2026-05-20
6301,715,2,2026-05-20
8469,48,2,2026-05-20
5379,966,1,2026-05-20
5712,968,2,2026-05-20
7880,894,1,2026-05-20
7745,582,7,2026-05-20
1696,409,7,2026-05-20
7071,610,6,2026-05-21
9637,37,7,2026-05-21
8818,470,4,2026-05-21
8460,338,8,2026-05-21
824,675,2,2026-05-21
3798,564,1,2026-05-21
6421,224,7,2026-05-21
9644,55,3,2026-05-22
8714,612,1,2026-05-22
9197,874,9,2026-05-22
935,887,5,2026-05-22
8540,900,9,2026-05-22
6625,707,9,2026-05-22
1009,235,5,2026-05-23
9301,684,2,2026-05-23
9552,666,7,2026-05-23
5588,475,1,2026-05-23
2305,661,1,2026-05-23
9269,553,5,2026-05-23
240,314,5,2026-05-24
9484,232,3,2026-05-24
4769,858,3,2026-05-24
9729,468,6,2026-05-24
4242,194,8,2026-05-24
2094,217,5,2026-05-24
1043,176,7,2026-05-24
7927,811,2,2026-05-24
5082,91,1,2026-05-24
8916,383,2,2026-05-25
8966,9,5,2026-05-25
760,244,5,2026-05-25
8720,129,2,2026-05-25
5337,264,7,2026-05-25
8363,382,2,2026-05-25
4203,910,2,2026-05-25
4917,209,2,2026-05-25
3005,160,5,2026-05-26
31,562,9,2026-05-26
5397,965,5,2026-05-26
4814,719,4,2026-05-26
4408,289,10,2026-05-26
5199,489,3,2026-05-26
9528,894,7,2026-05-26
850,621,7,2026-05-26
8917,384,5,2026-05-27
5209,84,3,2026-05-27
5806,789,4,2026-05-27
9195,751,6,2026-05-27
6830,29,10,2026-05-28
4689,660,3,2026-05-28
522,873,5,2026-05-28
3173,251,2,2026-05-28
4197,55,5,2026-05-28
5439,674,4,2026-05-28
9829,950,7,2026-05-28
6612,779,2,2026-05-28
310,899,2,2026-05-29
5271,347,3,2026-05-29
4716,900,7,2026-05-29
5389,250,7,2026-05-29
4065,580,3,2026-05-29
5198,893,6,2026-05-29
6517,569,5,2026-05-29
8940,381,1,2026-05-29
2546,127,9,2026-05-29
498,423,2,2026-05-30
1763,618,3,2026-05-30
3109,997,1,2026-05-30
3514,242,4,2026-05-30
1406,856,7,2026-05-30
6724,537,7,2026-05-30
1105,197,8,2026-05-30
9486,394,7,2026-05-30
3174,281,10,2026-05-31
7422,85,1,2026-05-31
5595,36,1,2026-05-31
2180,970,7,2026-05-31
848,444,2,2026-06-01
4157,699,10,2026-06-01
8024,827,2,2026-06-01
2225,282,4,2026-06-01
882,431,4,2026-06-01
8126,685,1,2026-06-02
390,692,2,2026-06-02
6507,733,2,2026-06-02
4718,94,9,2026-06-02
2235,469,4,2026-06-02
6995,930,2,2026-06-02
5187,612,1,2026-06-02
7211,77,7,2026-06-03
912,853,6,2026-06-03
1940,919,1,2026-06-03
4342,769,10,2026-06-03
91,864,2,2026-06-03
7464,386,5,2026-06-03
3469,7,2,2026-06-03
3106,997,4,2026-06-03
3396,438,5,2026-06-03
4866,536,5,2026-06-04
6968,199,1,2026-06-04
5243,360,1,2026-06-04
8595,910,7,2026-06-04
8635,72,2,2026-06-04
8354,526,2,2026-06-04
2193,276,5,2026-06-04
8510,281,10,2026-06-04
8641,968,9,2026-06-04
5655,304,1,2026-06-04
3795,512,2,2026-06-04
7453,405,2,2026-06-05
6328,101,7,2026-06-05
8570,981,3,2026-06-05
4801,773,2,2026-06-05
6395,520,9,2026-06-05
544,828,8,2026-06-05
2728,798,10,2026-06-06
6746,177,5,2026-06-06
7735,393,3,2026-06-06
9020,757,7,2026-06-06
2067,879,9,2026-06-06
9731,849,6,2026-06-06
6497,56,2,2026-06-06
7664,422,4,2026-06-07
2554,508,6,2026-06-07
1720,718,2,2026-06-08
8807,911,2,2026-06-08
9617,963,2,2026-06-08
4050,222,2,2026-06-08
2962,908,9,2026-06-09
4236,667,7,2026-06-09
974,361,1,2026-06-09
6033,329,2,2026-06-09
9470,575,7,2026-06-10
8390,182,1,2026-06-10
7247,4,2,2026-06-10
4091,613,4,2026-06-10
3456,452,2,2026-06-10
6639,281,1,2026-06-10
3202,876,3,2026-06-10
2941,150,3,2026-06-11
3051,683,2,2026-06-11
3061,452,5,2026-06-11
6891,150,7,2026-06-11
4298,478,7,2026-06-11
3416,272,2,2026-06-11
7944,252,4,2026-06-11
4116,296,4,2026-06-11
5400,956,7,2026-06-12
6150,406,9,2026-06-12
4678,488,2,2026-06-12
7652,840,2,2026-06-12
6792,270,4,2026-06-13
7799,973,5,2026-06-13
9671,103,1,2026-06-13
1163,232,2,2026-06-13
261,813,1,2026-06-14
9152,200,3,2026-06-14
375,575,1,2026-06-14
6072,12,4,2026-06-14
8299,856,9,2026-06-15
3563,410,5,2026-06-15
6734,903,3,2026-06-15
5001,802,2,2026-06-15
4587,524,3,2026-06-16
7996,745,7,2026-06-16
9302,856,2,2026-06-16
6379,759,3,2026-06-16
3623,861,7,2026-06-17
8121,580,9,2026-06-17
7324,532,2,2026-06-17
4134,795,1,2026-06-18
4613,806,9,2026-06-18
6321,961,1,2026-06-18
4612,11,2,2026-06-19
2491,583,9,2026-06-19
2714,323,3,2026-06-19
8100,34,1,2026-06-19
7457,85,9,2026-06-20
8286,756,7,2026-06-20
3984,371,7,2026-06-21
9581,221,3,2026-06-21
6386,618,5,2026-06-21
3874,129,9,2026-06-22
1697,191,8,2026-06-22
8181,859,1,2026-06-22
9125,473,7,2026-06-22
6752,818,9,2026-06-22
4095,392,5,2026-06-22
4166,71,3,2026-06-22
6929,120,2,2026-06-23
5659,285,7,2026-06-23
3450,689,1,2026-06-23
2790,301,2,2026-06-23
2990,61,2,2026-06-23
7358,137,6,2026-06-23
2950,930,2,2026-06-23
6756,101,5,2026-06-23
5788,273,2,2026-06-24
1313,110,5,2026-06-24
8142,660,10,2026-06-24
5150,652,3,2026-06-25
4794,311,1,2026-06-25
6634,206,7,2026-06-25
1740,596,1,2026-06-26
1093,139,1,2026-06-26
908,1,6,2026-06-26
7072,498,3,2026-06-26
6295,765,5,2026-06-26
7982,360,3,2026-06-26
3188,231,5,2026-06-26
778,636,2,2026-06-26
5404,57,8,2026-06-26
3845,966,1,2026-06-26
1494,177,4,2026-06-27
6669,876,9,2026-06-27
4883,845,1,2026-06-27
4477,132,2,2026-06-27
6613,852,7,2026-06-27
3621,445,9,2026-06-27
8665,654,3,2026-06-28
9022,73,9,2026-06-28
3270,743,1,2026-06-28
8203,202,3,2026-06-28
2525,279,10,2026-06-28
5032,817,4,2026-06-28
7811,190,1,2026-06-29
294,128,8,2026-06-29
5717,476,7,2026-06-29
7063,248,1,2026-06-29
1659,580,1,2026-06-29
8974,568,5,2026-06-30
1630,569,7,2026-06-30
3300,490,9,2026-06-30
2861,565,9,2026-06-30
4563,656,5,2026-06-30
8683,833,4,2026-07-01
1170,974,9,2026-07-01
2743,745,7,2026-07-01
940,680,2,2026-07-01
8761,636,3,2026-07-01
1150,220,8,2026-07-01
5423,44,7,2026-07-02
3488,187,2,2026-07-02
2111,977,2,2026-07-02
3941,14,6,2026-07-02
6622,71,9,2026-07-02
7492,896,8,2026-07-03
996,537,9,2026-07-03
1457,612,3,2026-07-03
3223,830,9,2026-07-04
7856,869,8,2026-07-04
9055,376,6,2026-07-06
1282,971,2,2026-07-06
7821,3,4,2026-07-06
1570,850,7,2026-07-06
5980,315,3,2026-07-06
8762,118,2,2026-07-06
4089,365,7,2026-07-06
8365,242,7,2026-07-06
9047,733,7,2026-07-07
801,118,5,2026-07-07
4972,680,2,2026-07-08
185,995,7,2026-07-08
3074,271,2,2026-07-09
7814,444,5,2026-07-09
9526,668,5,2026-07-10
7706,745,4,2026-07-10
2319,129,2,2026-07-10
4482,314,1,2026-07-10
6366,613,1,2026-07-11
5767,978,2,2026-07-12
1934,450,3,2026-07-12
2445,37,4,2026-07-12
2436,311,7,2026-07-12
6604,870,2,2026-07-12
733,689,1,2026-07-12
934,170,9,2026-07-13
5624,478,6,2026-07-13
8817,982,9,2026-07-13
5125,666,7,2026-07-13
2639,385,7,2026-07-13
5020,954,9,2026-07-14
1560,392,9,2026-07-14
5983,508,1,2026-07-14
6042,716,1,2026-07-14
8573,906,10,2026-07-14
1253,987,1,2026-07-15
1377,319,7,2026-07-15
2530,407,2,2026-07-16
9857,5,7,2026-07-16
1955,577,5,2026-07-16
3940,590,10,2026-07-17
9015,443,9,2026-07-17
3810,976,5,2026-07-17
9585,634,2,2026-07-17
220,351,10,2026-07-17
9019,160,2,2026-07-17
8005,482,9,2026-07-17
224,27,3,2026-07-17
5100,931,4,2026-07-18
8502,199,4,2026-07-18
1429,537,7,2026-07-18
5499,58,6,2026-07-18
8093,22,1,2026-07-19
2884,130,2,2026-07-19
8670,401,7,2026-07-19
8105,609,2,2026-07-19
2699,840,5,2026-07-19
1988,498,7,2026-07-20
6179,470,7,2026-07-20
6842,150,2,2026-07-20
4628,65,6,2026-07-20
1800,624,2,2026-07-20
759,914,7,2026-07-21
5270,975,7,2026-07-21
7667,69,7,2026-07-22
8282,851,8,2026-07-22
4767,594,3,2026-07-22
6944,528,7,2026-07-22
6085,700,9,2026-07-23
1747,161,3,2026-07-23
2964,643,1,2026-07-23
8251,619,10,2026-07-23
9083,758,5,2026-07-23
6231,150,2,2026-07-24
5071,797,4,2026-07-24
2366,264,9,2026-07-24
5234,831,5,2026-07-24
4973,44,1,2026-07-24
2286,982,9,2026-07-25
2975,731,3,2026-07-25
3911,370,2,2026-07-25
3593,240,2,2026-07-25
3743,558,3,2026-07-25
2196,22,9,2026-07-25
5171,711,7,2026-07-26
184,252,1,2026-07-26
9496,104,7,2026-07-26
2815,165,4,2026-07-26
9930,1,7,2026-07-27
6468,768,9,2026-07-27
6912,535,7,2026-07-27
5754,63,9,2026-07-27
4304,345,2,2026-07-27
799,426,1,2026-07-28
9304,569,9,2026-07-28
5877,457,7,2026-07-28
7662,17,1,2026-07-29
7267,386,4,2026-07-29
3089,95,1,2026-07-29
1286,962,7,2026-07-30
6464,84,9,2026-07-30
5645,47,3,2026-07-30
1553,917,2,2026-07-30
189,482,2,2026-07-30
2810,898,10,2026-07-30
7925,694,2,2026-07-31
2954,496,7,2026-07-31
3245,542,9,2026-07-31
3733,543,6,2026-08-01
6170,194,7,2026-08-01
3462,325,3,2026-08-01
8270,679,2,2026-08-01
8104,385,2,2026-08-01
9812,638,1,2026-08-01
293,187,7,2026-08-02
9243,11,4,2026-08-03
1232,41,2,2026-08-03
6590,671,7,2026-08-03
7000,413,9,2026-08-03
8700,678,3,2026-08-03
2105,730,5,2026-08-03
9275,390,7,2026-08-04
1778,548,7,2026-08-05
2809,382,1,2026-08-05
3384,882,2,2026-08-05
6197,758,1,2026-08-05
4500,628,3,2026-08-05
8278,920,4,2026-08-05
9691,68,2,2026-08-05
6993,263,7,2026-08-05
605,66,4,2026-08-06
5204,776,9,2026-08-06
9191,670,5,2026-08-06
7279,807,9,2026-08-06
6558,537,1,2026-08-06
2168,129,9,2026-08-06
2967,143,2,2026-08-06
1523,703,7,2026-08-07
371,895,9,2026-08-07
8533,327,2,2026-08-09
9315,182,4,2026-08-09
944,270,7,2026-08-10
7412,430,3,2026-08-11
3961,315,4,2026-08-11
928,804,1,2026-08-11
2515,549,4,2026-08-11
2632,372,2,2026-08-11
6547,298,5,2026-08-12
7694,214,8,2026-08-12
8146,448,6,2026-08-12
5249,770,8,2026-08-13
8748,390,6,2026-08-14
2217,272,3,2026-08-14
6845,568,7,2026-08-14
2492,39,3,2026-08-15
9146,877,6,2026-08-15
4226,349,4,2026-08-15
3880,583,6,2026-08-15
3759,364,6,2026-08-16
9655,461,7,2026-08-16
9743,224,9,2026-08-16
4278,466,2,2026-08-17
4302,810,7,2026-08-17
6320,726,1,2026-08-17
1052,733,2,2026-08-18
4862,623,5,2026-08-18
5332,225,1,2026-08-18
5396,369,6,2026-08-18
3850,184,7,2026-08-19
7352,764,1,2026-08-19
3095,46,7,2026-08-20
5103,96,9,2026-08-20
6862,80,1,2026-08-20
3597,326,3,2026-08-20
6111,19,10,2026-08-20
1631,883,1,2026-08-20
5328,62,3,2026-08-21
2690,384,3,2026-08-21
9129,386,7,2026-08-22
7751,93,6,2026-08-22
5945,749,4,2026-08-22
8029,771,6,2026-08-22
9817,50,9,2026-08-22
6732,541,10,2026-08-22
302,71,6,2026-08-22
2684,952,8,2026-08-23
8012,508,7,2026-08-23
7472,817,6,2026-08-23
4308,555,5,2026-08-23
9657,216,1,2026-08-23
9461,345,1,2026-08-24
4123,409,7,2026-08-24
3770,653,5,2026-08-24
7307,751,7,2026-08-24
3892,159,1,2026-08-25
8057,13,1,2026-08-25
4700,808,1,2026-08-25
4042,127,7,2026-08-25
9355,873,5,2026-08-25
491,386,1,2026-08-26
1609,258,9,2026-08-26
3191,508,5,2026-08-27
3427,330,10,2026-08-27
4743,692,9,2026-08-27
1211,546,7,2026-08-27
2785,444,1,2026-08-27
758,831,8,2026-08-28
6940,705,5,2026-08-28
1907,597,9,2026-08-29
4338,726,5,2026-08-29
7922,655,2,2026-08-30
5538,655,8,2026-08-31
3825,144,2,2026-08-31
1012,926,2,2026-08-31
7050,864,2,2026-08-31
9939,592,5,2026-09-01
7713,950,6,2026-09-01
2303,938,1,2026-09-01
4546,798,6,2026-09-01
39,682,1,2026-09-01
3351,614,7,2026-09-01
410,629,3,2026-09-01
2476,279,7,2026-09-01
6267,353,7,2026-09-01
1160,12,3,2026-09-01
5921,745,7,2026-09-01
1503,433,1,2026-09-01
6637,718,1,2026-09-01
8017,470,2,2026-09-02
1623,475,6,2026-09-02
6080,451,2,2026-09-02
9894,329,7,2026-09-02
7704,488,6,2026-09-02
8345,856,8,2026-09-02
9495,351,7,2026-09-02
9501,613,8,2026-09-02
8213,198,9,2026-09-02
9574,707,10,2026-09-02
3549,93,7,2026-09-02
2956,468,7,2026-09-03
6142,859,1,2026-09-03
1117,236,1,2026-09-03
4604,279,7,2026-09-03
3037,293,2,2026-09-03
495,491,7,2026-09-03
1050,748,2,2026-09-03
1595,93,2,2026-09-03
5239,600,3,2026-09-03
3749,934,2,2026-09-03
4600,921,7,2026-09-04
5154,978,7,2026-09-04
4036,86,3,2026-09-04
334,5,7,2026-09-04
1599,562,7,2026-09-04
5288,618,1,2026-09-04
5088,709,4,2026-09-04
8567,771,7,2026-09-04
2417,928,2,2026-09-05
5081,655,3,2026-09-05
7633,670,9,2026-09-05
1901,18,2,2026-09-05
6430,487,2,2026-09-06
2210,411,9,2026-09-06
2211,31,7,2026-09-06
5457,17,2,2026-09-06
3445,363,6,2026-09-06
7666,259,6,2026-09-06
6221,6,9,2026-09-06
9630,513,8,2026-09-06
9284,294,5,2026-09-06
1930,917,7,2026-09-06
1456,765,8,2026-09-06
438,187,7,2026-09-06
688,204,7,2026-09-06
4730,208,7,2026-09-06
5880,55,8,2026-09-07
9300,424,9,2026-09-07
5051,100,1,2026-09-07
543,482,10,2026-09-07
5119,688,6,2026-09-07
1705,229,3,2026-09-07
7121,93,7,2026-09-07
6473,148,10,2026-09-07
794,452,3,2026-09-07
8632,416,2,2026-09-07
4274,552,10,2026-09-07
4492,126,10,2026-09-07
9049,74,10,2026-09-07
8687,756,6,2026-09-08
4339,590,10,2026-09-08
6016,105,5,2026-09-08
297,818,3,2026-09-08
5484,14,5,2026-09-08
1944,802,1,2026-09-08
4433,783,5,2026-09-08
9153,330,5,2026-09-09
3558,895,2,2026-09-09
8536,593,4,2026-09-09
4168,360,8,2026-09-09
2171,962,5,2026-09-09
1551,631,2,2026-09-09
5207,683,9,2026-09-09
1830,100,5,2026-09-09
8147,603,1,2026-09-09
1682,301,7,2026-09-10
1072,951,10,2026-09-10
27,318,8,2026-09-10
4268,384,5,2026-09-11
5142,50,1,2026-09-11
3339,129,4,2026-09-11
7895,995,1,2026-09-11
8876,195,3,2026-09-11
7756,9,2,2026-09-11
5901,285,7,2026-09-11
7424,593,6,2026-09-11
6319,914,2,2026-09-11
6054,469,2,2026-09-12
5571,308,6,2026-09-12
4941,560,3,2026-09-12
5468,403,5,2026-09-12
119,150,3,2026-09-12
3964,260,7,2026-09-12
1871,356,2,2026-09-12
9981,489,1,2026-09-12
5584,58,10,2026-09-12
4855,931,1,2026-09-12
1615,428,3,2026-09-13
7645,915,3,2026-09-13
9807,496,2,2026-09-13
2072,374,7,2026-09-13
852,809,5,2026-09-13
1106,926,1,2026-09-13
5018,664,6,2026-09-13
9122,458,2,2026-09-13
8906,427,9,2026-09-13
5534,508,7,2026-09-13
4441,255,5,2026-09-13
8886,185,9,2026-09-13
2258,805,7,2026-09-14
727,758,2,2026-09-14
6451,678,3,2026-09-14
4756,971,3,2026-09-14
8810,742,7,2026-09-14
7332,785,2,2026-09-14
9792,349,2,2026-09-14
7313,565,10,2026-09-14
453,735,1,2026-09-14
5465,331,1,2026-09-14
3470,34,2,2026-09-14
3515,336,1,2026-09-15
6393,127,9,2026-09-15
4634,361,9,2026-09-15
5987,779,1,2026-09-15
6636,257,7,2026-09-15
6589,465,1,2026-09-15
4256,374,2,2026-09-15
9261,172,2,2026-09-15
5679,184,4,2026-09-15
3053,80,7,2026-09-15
7223,776,1,2026-09-15
6201,88,3,2026-09-16
4032,322,2,2026-09-16
7489,866,1,2026-09-17
8241,899,7,2026-09-17
6638,30,7,2026-09-17
1048,360,9,2026-09-17
8445,733,6,2026-09-17
2456,779,3,2026-09-17
8950,452,10,2026-09-18
1451,102,1,2026-09-18
5907,950,1,2026-09-18
9681,613,4,2026-09-18
59,613,5,2026-09-18
7634,258,2,2026-09-18
6942,488,2,2026-09-19
6579,802,1,2026-09-19
646,148,1,2026-09-19
5069,26,6,2026-09-19
5676,904,3,2026-09-19
1912,809,1,2026-09-19
8514,688,3,2026-09-19
6472,857,2,2026-09-19
46,738,9,2026-09-20
6312,29,7,2026-09-20
507,78,1,2026-09-20
2136,694,5,2026-09-20
6551,231,4,2026-09-20
5513,151,2,2026-09-20
6043,988,1,2026-09-21
5755,57,6,2026-09-21
9120,837,7,2026-09-21
7407,502,3,2026-09-21
7511,339,2,2026-09-21
4014,408,1,2026-09-21
2775,495,9,2026-09-21
2800,815,3,2026-09-21
5310,948,5,2026-09-21
7335,921,1,2026-09-21
9340,908,3,2026-09-21
9523,117,5,2026-09-22
9716,300,4,2026-09-22
1056,905,2,2026-09-22
9819,609,5,2026-09-22
5178,616,2,2026-09-22
2045,999,3,2026-09-22
6064,799,9,2026-09-22
1616,235,2,2026-09-23
9893,150,5,2026-09-23
6300,848,9,2026-09-23
8726,368,7,2026-09-23
6446,176,1,2026-09-23
723,952,7,2026-09-23
6109,432,3,2026-09-23
2221,810,9,2026-09-24
6285,163,1,2026-09-24
5253,443,3,2026-09-24
8212,762,3,2026-09-24
907,671,7,2026-09-24
3413,96,1,2026-09-24
3352,734,5,2026-09-24
2651,29,3,2026-09-24
7496,418,9,2026-09-24
5219,393,1,2026-09-24
3872,824,10,2026-09-24
4329,318,7,2026-09-24
8759,306,7,2026-09-24
150,255,5,2026-09-24
3007,394,4,2026-09-25
9692,41,5,2026-09-25
9318,920,3,2026-09-25
6595,795,4,2026-09-25
8063,591,5,2026-09-25
3125,544,3,2026-09-25
6236,677,7,2026-09-25
9293,694,9,2026-09-25
4846,998,2,2026-09-25
6029,783,3,2026-09-25
1161,208,8,2026-09-25
2169,715,2,2026-09-25
560,536,3,2026-09-26
7077,958,9,2026-09-26
4237,383,2,2026-09-26
2346,953,7,2026-09-26
217,704,3,2026-09-26
5327,1000,3,2026-09-26
3599,906,7,2026-09-27
3972,19,1,2026-09-27
6196,727,2,2026-09-27
9454,151,3,2026-09-27
5135,800,1,2026-09-27
9482,521,6,2026-09-27
6107,225,1,2026-09-27
6755,703,7,2026-09-27
6565,99,2,2026-09-27
755,76,9,2026-09-27
9253,360,2,2026-09-27
9696,550,3,2026-09-28
1869,972,7,2026-09-28
7244,490,1,2026-09-28
1446,542,7,2026-09-28
7896,933,9,2026-09-28
3579,337,8,2026-09-28
5586,710,9,2026-09-28
9679,203,1,2026-09-28
4193,929,9,2026-09-28
8734,198,7,2026-09-28
7612,547,9,2026-09-28
6846,931,5,2026-09-28
347,961,8,2026-09-28
5497,428,6,2026-09-28
452,237,1,2026-09-28
5392,632,2,2026-09-29
2035,420,9,2026-09-29
204,746,2,2026-09-29
7435,423,6,2026-09-29
1049,541,5,2026-09-29
239,567,5,2026-09-29
5246,642,2,2026-09-29
2642,382,1,2026-09-29
2811,244,7,2026-09-29
8538,328,3,2026-09-29
3423,530,1,2026-09-29
6926,323,5,2026-09-29
1077,790,4,2026-09-30
2764,418,5,2026-09-30
626,851,3,2026-09-30
272,908,1,2026-09-30
9192,698,1,2026-10-01
7047,405,2,2026-10-01
9489,493,2,2026-10-01
7773,402,7,2026-10-01
80,694,3,2026-10-01
2757,120,5,2026-10-01
3067,404,3,2026-10-01
7823,624,3,2026-10-01
4939,827,4,2026-10-02
774,343,7,2026-10-02
9147,845,2,2026-10-02
6176,450,4,2026-10-02
6202,70,2,2026-10-02
6368,1,4,2026-10-02
8553,330,5,2026-10-02
3239,309,7,2026-10-02
8119,162,10,2026-10-03
8325,301,10,2026-10-03
5555,813,5,2026-10-03
1583,474,3,2026-10-03
6174,768,7,2026-10-03
5268,196,3,2026-10-03
6247,610,9,2026-10-03
7739,215,9,2026-10-03
7503,696,6,2026-10-03
3949,524,9,2026-10-03
4713,336,7,2026-10-04
3651,328,1,2026-10-04
6506,826,7,2026-10-04
9714,46,9,2026-10-04
4537,577,2,2026-10-04
9548,62,9,2026-10-04
3878,549,2,2026-10-04
3132,929,3,2026-10-05
7517,828,1,2026-10-05
5014,976,9,2026-10-05
1880,425,3,2026-10-05
6941,717,3,2026-10-05
2682,436,9,2026-10-05
9464,880,7,2026-10-05
5409,213,4,2026-10-05
5432,497,7,2026-10-05
5411,288,3,2026-10-05
2951,82,8,2026-10-05
3534,410,7,2026-10-05
7436,629,6,2026-10-05
9757,173,7,2026-10-05
4668,93,1,2026-10-06
4088,204,7,2026-10-06
4681,374,8,2026-10-06
9494,433,3,2026-10-06
6779,507,2,2026-10-06
8867,484,8,2026-10-06
8295,182,1,2026-10-06
9412,317,5,2026-10-06
6531,403,2,2026-10-06
5447,844,1,2026-10-07
1978,789,7,2026-10-07
4074,959,10,2026-10-07
5537,599,8,2026-10-07
9139,555,10,2026-10-07
7648,781,2,2026-10-08
4979,645,1,2026-10-08
4945,604,7,2026-10-08
4172,735,1,2026-10-08
4323,13,2,2026-10-08
6947,413,9,2026-10-08
8331,579,2,2026-10-08
4622,814,4,2026-10-09
2704,129,9,2026-10-09
9516,435,10,2026-10-09
3571,102,9,2026-10-09
6203,617,4,2026-10-09
4865,439,7,2026-10-09
8890,351,3,2026-10-09
1883,947,9,2026-10-09
8603,471,1,2026-10-10
109,89,9,2026-10-10
5112,392,7,2026-10-10
9386,419,1,2026-10-10
2644,221,8,2026-10-10
6168,769,10,2026-10-10
5231,940,5,2026-10-11
7860,680,9,2026-10-11
6668,61,1,2026-10-11
9833,873,1,2026-10-11
3939,529,2,2026-10-12
578,560,7,2026-10-12
58,130,9,2026-10-12
9834,751,6,2026-10-12
1826,303,5,2026-10-12
1135,630,5,2026-10-12
9770,512,2,2026-10-12
6367,914,2,2026-10-13
2486,460,2,2026-10-13
2534,158,9,2026-10-13
2030,717,2,2026-10-13
7254,624,5,2026-10-14
3503,192,6,2026-10-14
2494,155,2,2026-10-14
8569,799,5,2026-10-14
5844,210,5,2026-10-14
3178,110,3,2026-10-14
4162,514,2,2026-10-15
3805,947,5,2026-10-15
4548,898,5,2026-10-15
5252,94,5,2026-10-15
9876,623,6,2026-10-16
8836,585,5,2026-10-16
2683,945,1,2026-10-16
8122,916,7,2026-10-16
8644,335,9,2026-10-16
3122,711,9,2026-10-16
8837,877,8,2026-10-16
7618,673,5,2026-10-16
1019,466,9,2026-10-16
5652,589,7,2026-10-16
7143,447,10,2026-10-17
2374,260,3,2026-10-17
5220,865,7,2026-10-17
8855,576,7,2026-10-17
8609,155,1,2026-10-17
6955,394,5,2026-10-17
5719,65,7,2026-10-17
2827,963,7,2026-10-17
210,196,7,2026-10-18
1461,301,6,2026-10-18
7607,921,9,2026-10-18
3823,193,1,2026-10-18
4279,744,4,2026-10-18
485,478,2,2026-10-19
3663,341,1,2026-10-19
8498,402,1,2026-10-19
8927,164,3,2026-10-19
2862,143,7,2026-10-19
30,972,7,2026-10-19
9282,897,2,2026-10-19
7622,207,5,2026-10-20
4729,912,9,2026-10-20
4513,163,1,2026-10-20
4590,987,6,2026-10-20
4542,132,7,2026-10-20
5130,150,2,2026-10-21
7569,302,5,2026-10-21
462,981,2,2026-10-21
9077,193,6,2026-10-21
9057,194,1,2026-10-21
7931,190,2,2026-10-22
7542,960,4,2026-10-22
5981,236,7,2026-10-22
4154,1,3,2026-10-22
8475,368,8,2026-10-22
1400,132,2,2026-10-22
268,137,4,2026-10-22
9479,110,5,2026-10-22
9912,305,1,2026-10-22
847,425,6,2026-10-22
2706,993,3,2026-10-22
4215,919,7,2026-10-22
2829,180,3,2026-10-22
1192,445,10,2026-10-22
7594,556,7,2026-10-23
5300,525,2,2026-10-23
6960,388,1,2026-10-23
4828,445,7,2026-10-23
311,451,9,2026-10-23
7349,211,4,2026-10-24
2314,642,1,2026-10-24
8496,127,1,2026-10-24
654,931,7,2026-10-24
5316,521,7,2026-10-24
2278,865,7,2026-10-25
1916,997,8,2026-10-25
7770,783,7,2026-10-26
2051,444,2,2026-10-26
7238,652,5,2026-10-26
6509,724,4,2026-10-26
7419,597,7,2026-10-26
7782,957,3,2026-10-26
5774,276,2,2026-10-27
7980,865,4,2026-10-27
260,486,2,2026-10-27
2896,159,3,2026-10-27
9592,289,5,2026-10-27
811,747,1,2026-10-27
7859,646,1,2026-10-27
1063,541,2,2026-10-28
5824,984,2,2026-10-28
520,377,1,2026-10-28
6681,894,3,2026-10-28
116,133,2,2026-10-28
283,452,3,2026-10-29
5044,621,2,2026-10-29
1097,627,5,2026-10-29
5008,20,2,2026-10-29
3719,177,2,2026-10-29
9220,756,7,2026-10-29
4303,751,2,2026-10-29
7672,739,1,2026-10-30
3987,909,3,2026-10-30
1015,738,1,2026-10-30
9224,753,9,2026-10-31
9262,825,10,2026-10-31
5854,475,10,2026-10-31
4558,822,6,2026-10-31
6031,935,5,2026-10-31
7793,644,5,2026-10-31
7052,158,8,2026-10-31
584,313,9,2026-10-31
9145,927,3,2026-10-31
7221,561,3,2026-10-31
1867,247,1,2026-11-01
1322,526,7,2026-11-01
5016,871,1,2026-11-01
383,387,3,2026-11-01
4483,665,7,2026-11-01
8318,115,7,2026-11-02
3837,332,2,2026-11-02
7752,191,10,2026-11-02
685,706,8,2026-11-02
4642,454,3,2026-11-02
9934,219,3,2026-11-02
4233,7,1,2026-11-03
5481,793,2,2026-11-03
8942,155,2,2026-11-03
7385,913,9,2026-11-03
747,16,1,2026-11-03
6780,419,10,2026-11-03
3608,22,5,2026-11-03
4567,495,5,2026-11-03
5041,137,5,2026-11-03
209,426,2,2026-11-03
7999,431,2,2026-11-03
4079,529,1,2026-11-04
5963,961,5,2026-11-04
6607,896,2,2026-11-04
4922,100,5,2026-11-04
1361,542,5,2026-11-04
8028,712,9,2026-11-04
3696,679,9,2026-11-05
9221,348,1,2026-11-05
3121,519,1,2026-11-05
1687,268,2,2026-11-05
5451,74,9,2026-11-05
2200,24,3,2026-11-06
7546,27,2,2026-11-06
4626,744,9,2026-11-06
9765,183,7,2026-11-06
1927,514,2,2026-11-06
8438,549,8,2026-11-07
1862,554,1,2026-11-07
5029,262,3,2026-11-07
3430,61,1,2026-11-08
4524,375,7,2026-11-08
9223,803,2,2026-11-08
2430,431,4,2026-11-08
1568,951,6,2026-11-08
8677,8,3,2026-11-08
9760,129,8,2026-11-08
426,393,4,2026-11-08
9036,448,5,2026-11-09
5718,31,8,2026-11-09
5798,701,10,2026-11-09
5668,41,2,2026-11-09
1215,386,1,2026-11-09
4741,666,2,2026-11-09
5365,894,2,2026-11-10
526,195,2,2026-11-10
3976,674,5,2026-11-10
5479,358,9,2026-11-10
8847,255,1,2026-11-10
169,138,9,2026-11-10
6474,756,2,2026-11-10
525,195,10,2026-11-11
478,468,1,2026-11-11
5819,97,10,2026-11-11
8953,370,4,2026-11-11
1497,64,5,2026-11-11
6000,11,7,2026-11-11
5431,561,3,2026-11-11
6088,888,10,2026-11-11
2289,656,2,2026-11-12
6618,356,2,2026-11-12
8035,421,7,2026-11-13
3,859,1,2026-11-13
614,693,3,2026-11-13
983,49,5,2026-11-13
4644,466,9,2026-11-13
8348,158,9,2026-11-13
1262,729,5,2026-11-13
6733,104,3,2026-11-13
5277,538,9,2026-11-13
4066,602,5,2026-11-13
278,838,1,2026-11-14
1632,239,2,2026-11-14
8032,467,2,2026-11-15
9668,184,9,2026-11-15
3526,774,3,2026-11-15
3490,456,9,2026-11-15
4070,738,5,2026-11-15
7719,47,1,2026-11-15
5000,127,9,2026-11-15
2848,929,1,2026-11-15
472,672,2,2026-11-15
2960,715,3,2026-11-16
4423,805,7,2026-11-16
2518,814,4,2026-11-16
1820,574,1,2026-11-16
1245,114,3,2026-11-16
3288,847,3,2026-11-16
2656,469,7,2026-11-16
4427,329,2,2026-11-16
1404,637,2,2026-11-17
1587,321,9,2026-11-17
6998,213,10,2026-11-17
6869,590,7,2026-11-17
7899,740,3,2026-11-17
6835,869,2,2026-11-17
500,592,1,2026-11-17
1350,946,7,2026-11-17
2925,228,7,2026-11-18
4506,521,5,2026-11-18
3259,619,2,2026-11-18
274,920,3,2026-11-18
1344,120,2,2026-11-18
664,847,3,2026-11-18
5341,22,4,2026-11-19
804,329,7,2026-11-19
1413,818,6,2026-11-19
3343,76,6,2026-11-19
4391,518,10,2026-11-19
6844,67,9,2026-11-19
6854,233,1,2026-11-20
296,680,6,2026-11-20
9827,991,7,2026-11-20
2309,643,7,2026-11-20
8863,671,2,2026-11-21
8962,547,6,2026-11-21
1805,207,2,2026-11-21
9402,209,2,2026-11-21
2982,19,1,2026-11-21
7178,471,10,2026-11-21
7810,313,2,2026-11-21
7471,106,2,2026-11-22
8114,893,2,2026-11-22
791,960,1,2026-11-22
7936,315,2,2026-11-22
5440,676,2,2026-11-22
4535,374,1,2026-11-22
9797,814,6,2026-11-22
9826,232,7,2026-11-23
9023,770,7,2026-11-23
6614,386,7,2026-11-23
4327,267,7,2026-11-23
7341,196,1,2026-11-23
1307,982,2,2026-11-23
2323,166,2,2026-11-23
1706,110,5,2026-11-24
3997,344,10,2026-11-24
4967,831,3,2026-11-24
837,249,7,2026-11-24
5354,867,2,2026-11-24
2866,311,9,2026-11-24
3975,8,8,2026-11-24
28,80,5,2026-11-24
6571,875,9,2026-11-24
9841,630,1,2026-11-24
5890,331,2,2026-11-24
4891,183,1,2026-11-24
7044,620,7,2026-11-24
6918,406,6,2026-11-25
8921,801,9,2026-11-25
2069,970,2,2026-11-25
9204,886,9,2026-11-25
7033,759,2,2026-11-25
188,42,2,2026-11-25
3860,162,5,2026-11-25
7249,178,6,2026-11-25
9421,133,2,2026-11-26
9793,628,5,2026-11-26
3447,880,7,2026-11-26
5326,772,2,2026-11-27
3694,953,1,2026-11-27
3421,564,3,2026-11-27
5653,892,1,2026-11-27
655,205,2,2026-11-27
3550,961,10,2026-11-28
5524,78,3,2026-11-28
3642,182,10,2026-11-28
6643,486,7,2026-11-28
2887,25,5,2026-11-28
7384,965,7,2026-11-29
5047,328,1,2026-11-29
9338,117,5,2026-11-29
4313,445,10,2026-11-29
9362,275,4,2026-11-30
2220,889,7,2026-11-30
1438,274,2,2026-11-30
3730,259,10,2026-11-30
52,129,8,2026-11-30
4366,361,7,2026-11-30
3337,950,2,2026-12-01
5349,636,7,2026-12-01
2036,927,7,2026-12-01
6876,804,3,2026-12-01
2203,618,7,2026-12-01
1186,856,2,2026-12-01
840,12,3,2026-12-02
2283,90,8,2026-12-02
7599,672,9,2026-12-02
938,732,10,2026-12-02
9787,118,1,2026-12-02
1857,800,3,2026-12-02
7261,969,2,2026-12-02
2749,763,4,2026-12-02
3476,413,10,2026-12-02
8440,744,7,2026-12-02
3566,283,8,2026-12-03
4277,462,2,2026-12-03
4589,962,7,2026-12-03
2409,285,2,2026-12-03
5722,405,2,2026-12-03
7552,820,7,2026-12-03
2934,582,3,2026-12-03
3824,700,5,2026-12-04
3644,422,10,2026-12-04
8744,153,2,2026-12-04
4318,345,2,2026-12-04
8066,990,5,2026-12-04
2354,407,10,2026-12-04
3812,560,7,2026-12-04
317,157,3,2026-12-04
539,864,9,2026-12-04
9689,527,3,2026-12-04
9851,639,7,2026-12-04
593,456,9,2026-12-05
9170,603,8,2026-12-05
3312,164,2,2026-12-05
1668,338,8,2026-12-05
2735,734,10,2026-12-05
2176,515,1,2026-12-05
6128,219,7,2026-12-05
3284,604,1,2026-12-05
8141,830,1,2026-12-05
6715,189,7,2026-12-05
8963,738,1,2026-12-05
7791,739,2,2026-12-05
7534,63,2,2026-12-05
8026,834,10,2026-12-05
9828,850,9,2026-12-05
8138,642,2,2026-12-06
162,95,8,2026-12-06
7617,188,7,2026-12-06
6901,193,1,2026-12-06
4940,963,5,2026-12-06
6919,999,7,2026-12-06
990,97,2,2026-12-06
7686,577,6,2026-12-06
4144,944,7,2026-12-06
1989,915,2,2026-12-06
2079,859,6,2026-12-06
797,642,3,2026-12-07
9291,738,1,2026-12-07
535,113,2,2026-12-07
7776,950,1,2026-12-07
1866,986,10,2026-12-07
8710,489,2,2026-12-07
6188,955,4,2026-12-07
7581,531,6,2026-12-07
4614,407,3,2026-12-07
250,641,1,2026-12-07
6783,5,1,2026-12-07
7073,595,9,2026-12-07
1864,399,3,2026-12-08
7273,376,5,2026-12-08
5858,427,7,2026-12-08
471,159,3,2026-12-08
6834,336,1,2026-12-08
7275,585,10,2026-12-08
170,344,1,2026-12-08
4958,291,3,2026-12-08
6949,500,2,2026-12-09
7530,856,2,2026-12-09
5792,33,2,2026-12-09
3309,662,7,2026-12-09
8757,385,1,2026-12-09
1938,980,1,2026-12-09
3212,925,1,2026-12-09
4122,69,6,2026-12-09
9754,322,2,2026-12-09
5217,213,3,2026-12-09
3486,470,5,2026-12-09
5033,924,3,2026-12-10
4069,404,4,2026-12-10
8244,892,2,2026-12-10
5663,159,2,2026-12-10
8190,515,4,2026-12-10
5577,822,5,2026-12-10
9212,518,2,2026-12-11
8034,523,7,2026-12-11
4045,497,7,2026-12-11
1985,539,3,2026-12-11
552,556,2,2026-12-11
6407,108,5,2026-12-11
7473,202,8,2026-12-11
1156,680,3,2026-12-11
8522,49,7,2026-12-11
796,829,3,2026-12-11
7308,223,6,2026-12-11
3619,505,7,2026-12-11
1656,999,7,2026-12-12
4055,603,7,2026-12-12
9873,392,1,2026-12-12
8682,902,2,2026-12-13
4779,650,2,2026-12-13
2446,770,8,2026-12-13
6857,398,7,2026-12-13
9673,191,4,2026-12-13
4305,463,9,2026-12-13
546,134,9,2026-12-13
6810,912,2,2026-12-13
5971,579,8,2026-12-13
1894,994,7,2026-12-14
7079,723,8,2026-12-14
529,264,1,2026-12-14
5563,307,1,2026-12-14
7525,561,1,2026-12-14
1241,509,2,2026-12-14
7445,383,3,2026-12-14
1870,807,9,2026-12-14
4363,339,8,2026-12-14
7462,610,2,2026-12-14
7571,66,7,2026-12-14
2377,1000,7,2026-12-14
4508,20,1,2026-12-14
8821,275,5,2026-12-14
1065,877,9,2026-12-14
304,754,3,2026-12-15
4422,910,9,2026-12-15
1228,79,1,2026-12-15
9678,611,5,2026-12-15
8997,366,2,2026-12-15
9750,176,1,2026-12-15
6118,478,3,2026-12-15
1900,32,9,2026-12-15
3068,137,7,2026-12-15
5244,454,9,2026-12-15
2233,217,1,2026-12-15
1162,15,7,2026-12-15
9376,608,5,2026-12-16
5834,149,2,2026-12-16
2024,127,1,2026-12-16
320,427,10,2026-12-16
3433,787,6,2026-12-16
1181,983,1,2026-12-16
9532,971,2,2026-12-16
4640,230,7,2026-12-16
1118,439,7,2026-12-16
5180,302,4,2026-12-16
8089,65,1,2026-12-16
1329,932,9,2026-12-16
76,521,5,2026-12-16
9815,796,2,2026-12-17
3342,632,7,2026-12-17
1285,358,5,2026-12-17
3751,576,5,2026-12-17
9675,301,7,2026-12-17
5514,441,10,2026-12-17
9722,124,2,2026-12-17
3296,189,7,2026-12-17
4785,211,6,2026-12-17
5992,556,7,2026-12-18
7201,982,5,2026-12-18
6826,167,5,2026-12-18
5372,443,3,2026-12-18
1455,172,5,2026-12-18
6287,131,1,2026-12-19
7152,799,3,2026-12-19
8208,539,9,2026-12-19
29,185,1,2026-12-19
3104,312,1,2026-12-19
1863,201,1,2026-12-19
9317,460,2,2026-12-19
3646,343,2,2026-12-19
681,723,3,2026-12-19
3553,54,2,2026-12-19
3994,430,9,2026-12-20
6089,816,1,2026-12-20
6023,875,8,2026-12-20
4621,105,2,2026-12-20
5002,47,5,2026-12-20
5744,440,3,2026-12-20
994,332,2,2026-12-20
5784,843,5,2026-12-20
9980,361,10,2026-12-20
1407,263,10,2026-12-21
180,365,10,2026-12-21
8752,848,5,2026-12-21
2830,990,9,2026-12-21
2376,729,7,2026-12-21
4110,750,1,2026-12-21
4171,97,3,2026-12-21
9543,304,7,2026-12-21
79,748,2,2026-12-22
7879,100,9,2026-12-22
25,324,10,2026-12-22
3412,737,5,2026-12-22
3019,297,2,2026-12-22
1579,185,6,2026-12-22
7863,501,1,2026-12-22
2991,477,9,2026-12-22
5367,695,2,2026-12-22
9348,25,4,2026-12-22
9991,377,10,2026-12-22
691,820,2,2026-12-22
7661,179,2,2026-12-22
6789,8,3,2026-12-22
6181,354,10,2026-12-22
6071,451,1,2026-12-22
3062,548,5,2026-12-23
4851,985,2,2026-12-23
9044,174,2,2026-12-23
6449,89,6,2026-12-23
4185,255,3,2026-12-23
5553,633,2,2026-12-23
4560,11,10,2026-12-23
9804,513,9,2026-12-24
3609,54,7,2026-12-24
6782,468,3,2026-12-24
5685,18,7,2026-12-24
3087,945,3,2026-12-24
1851,725,9,2026-12-24
5102,105,7,2026-12-24
8577,207,2,2026-12-24
5914,646,7,2026-12-24
4778,564,2,2026-12-25
4512,577,2,2026-12-25
8812,571,5,2026-12-25
3784,750,6,2026-12-25
9446,431,7,2026-12-25
2359,660,2,2026-12-25
5128,803,8,2026-12-25
4446,109,1,2026-12-25
3381,780,3,2026-12-25
4746,860,8,2026-12-25
1200,902,5,2026-12-26
100,740,2,2026-12-26
7319,915,9,2026-12-26
148,946,1,2026-12-26
7805,164,4,2026-12-26
6014,385,1,2026-12-27
9742,67,9,2026-12-27
6744,883,6,2026-12-27
9357,135,7,2026-12-27
4258,584,1,2026-12-27
4575,209,9,2026-12-27
3407,121,9,2026-12-27
7092,310,1,2026-12-27
4698,367,4,2026-12-28
4104,322,3,2026-12-28
879,211,6,2026-12-28
5613,982,1,2026-12-28
3461,176,9,2026-12-28
602,766,9,2026-12-28
6776,593,4,2026-12-29
2606,545,1,2026-12-29
3586,156,7,2026-12-29
2191,391,7,2026-12-29
1272,40,2,2026-12-29
1278,223,5,2026-12-29
3701,625,7,2026-12-29
6052,288,9,2026-12-29
2473,543,5,2026-12-29
2769,56,5,2026-12-29
4052,491,9,2026-12-29
5739,948,5,2026-12-29
3769,375,6,2026-12-29
6559,635,2,2026-12-30
5061,530,4,2026-12-30
970,705,3,2026-12-30
4911,600,7,2026-12-30
5224,890,9,2026-12-30
8495,493,1,2026-12-31
9615,761,9,2026-12-31
2937,236,1,2026-12-31
3052,985,2,2026-12-31
4545,413,3,2026-12-31
3721,450,2,2026-12-31
7563,248,8,2026-12-31
1898,451,10,2026-12-31
8083,895,8,2026-12-31
22,81,10,2026-12-31
4789,853,5,2026-12-31
684,159,1,2026-12-31
9539,483,1,2026-12-31
9449,824,8,2026-12-31
